seed,optimized_design_envelope,hydrogel_tau_s,final_leak_conductance_ratio,initial_leak_conductance,mean_channel_radius_um,source_pressure_Pa,zeta_potential_mV,conductivity_S_m,baseline_out_uL_s,peak_leak_uL_s,post_leak_uL_s,leak_reduction_pct,flow_retention_pct,isolation_time_s,expected_sensor_effect_sigma,pass_isolation,pass_retention,pass_sensor,pass_all
0,False,125.39858198054304,0.07657478243871602,9.07932463914492e-12,100.4320003610411,1113.6497155755092,-32.81494094322797,0.008101867793430922,2.6876856355219347,1.7623923206360357,0.3681587341744546,79.11028493124684,93.12334227815109,,332.2663226954942,False,True,True,False
1,False,135.42882289325513,0.18901390874982776,9.35277080337957e-12,85.70437411711772,1069.7341725035624,-28.541710415255697,0.010441198744983289,1.4248752160064402,1.1818490892506006,0.6159477002634253,47.882711433657576,79.13826713652341,,225.7715640646141,False,True,True,False
2,False,128.2088309666994,0.10430937781548762,1.1940065537985065e-11,87.39661730505742,1092.8567904073193,-28.8751573208094,0.009169265745363921,1.525588845800321,1.2132075972993968,0.4885750583379748,59.72865159882412,83.74077381057602,,297.387171040604,False,True,True,False
3,False,245.13606782753777,0.05815721613022594,7.376248746886813e-12,83.07829538980047,1300.0,-29.096853547088312,0.009471053808487607,1.6897119621924352,1.0400314270723066,0.42098963606540385,59.52145049592475,86.2527406536673,,282.04769459696104,False,True,True,False
4,False,95.52278824309805,0.06585371757879933,7.985444118508452e-12,85.01229007209285,1017.8357827902431,-36.43275113674556,0.010362657815315278,1.3394715934918928,0.9347763624619291,0.22345456484441134,76.09539844846985,91.61827001039512,,284.4300171608579,False,True,True,False
5,False,90.63276062066457,0.023784088208602658,8.313151521546701e-12,85.57882143571014,905.8263573586866,-27.005016917061635,0.012452174564437866,1.0953922177546174,1.038386803885895,0.09776509504168697,90.58490586784941,96.03124712010252,307.5274848937988,177.04521590033002,True,True,True,True
6,False,173.48345885881344,0.23232366223268602,1.2841616430491912e-11,95.23030707532965,1179.6541423105405,-28.840169634534607,0.010826900697652618,2.4059986366451422,1.9499950762787879,1.1641201125699205,40.301381950592784,78.26131994440185,,308.3202486617663,False,True,True,False
7,False,120.05167756519873,0.12806271657358678,5.654011241065977e-12,90.48114882077951,1160.825829466544,-31.968826074205314,0.00906928765027009,1.50490316177437,1.156347484541814,0.38053575239360676,67.09157433378354,88.81144617391985,,371.58535578225155,False,True,True,False
8,False,65.3069526668899,0.028033566087016574,7.488193072144556e-12,82.34216617522924,1107.2320221915975,-26.172611049683063,0.01208838734370863,1.198646484585363,0.8352812916852755,0.10091349448590765,87.91862148830089,95.60613643705148,252.3749542236328,215.68498779678518,True,True,True,True
9,False,90.60404104392191,0.08862201560894398,6.827971907582414e-12,93.44388596443449,1030.1119082901018,-31.577408221835572,0.008706392701726587,1.8571506277366105,1.6465103048525782,0.33890400786382463,79.41683044041629,92.95942433624347,,320.3372676080038,False,True,True,False
10,False,81.55872277247762,0.0454112269819977,8.362108512493363e-12,96.7443405664347,1102.9523859370922,-28.09926543220566,0.009323847102876376,2.0870812736869415,1.3893178572783327,0.19111693826211235,86.24382913809879,95.39970859361318,302.2616767883301,256.3243719214773,True,True,True,True
11,False,121.44472382532277,0.20846641503224023,6.651597651230753e-12,94.55781086057569,993.2722673145258,-27.012457534973823,0.007229012801538835,1.8004141489208692,1.1784411631670884,0.5249610020574723,55.452930662518,86.15418222222924,,281.1657788999898,False,True,True,False
12,False,119.71361751917382,0.140515648465151,5.246159010290504e-12,84.98435623138901,841.520414607385,-30.43101003179212,0.011498145482975534,1.043995115612083,0.8380593144883325,0.298384231281915,64.39580992377728,88.89805552442175,,207.6220329654682,False,True,True,False
13,False,227.4331931466256,0.08334331271148607,8.089378115772122e-12,85.87016444406017,1069.6581905607661,-28.271572554649044,0.009464740963894974,1.7193869678936389,1.2579801668189503,0.4681181768940898,62.788111510707,86.03232990932115,,190.94966087153767,False,True,True,False
14,False,153.07433641081036,0.07989618930560896,1.2380266232748157e-11,90.26458098775437,1061.4212833216989,-25.90704714534614,0.008676781227910161,1.7505257458379535,1.6122830075961632,0.5295518832056222,67.15515323856457,86.31387297012965,,289.41922736173467,False,True,True,False
15,False,72.72507129963219,0.04461747341900556,1.0612205594609425e-11,78.45174889360291,1122.0476546670625,-32.38259459013998,0.013141127478853955,0.9782475668561365,0.8736211181255769,0.22208172391118589,74.57917175952892,89.37889834312898,,253.45788180863948,False,True,True,False
16,False,97.44990475089092,0.1048981343892725,6.991011541118669e-12,94.35341751002146,956.0533981771316,-35.69939405202534,0.008944211319191693,1.773529034891652,1.4255013593094537,0.3478178440347936,75.60031481111426,91.66730558405371,,305.46829613025244,False,True,True,False
17,False,176.43165922064537,0.1426270695219121,8.052357804579924e-12,83.51546320390719,895.3412848078584,-30.887878028335564,0.009922230957801974,1.0338126097822706,0.814863248788341,0.39564986617466796,51.445857110014636,81.3760225865796,,271.4730733941709,False,True,True,False
18,False,103.14881391853415,0.042288701198440776,1.105497722910941e-11,87.12589649533135,1068.461887753022,-23.553643640429538,0.014250954109874297,1.7321338518348441,1.2840260192368973,0.2465914366802056,80.79544861351361,93.51951054975777,542.5050926208496,190.01977802183626,True,True,True,True
19,False,105.42323666418065,0.17877635542336903,4.815906120765527e-12,94.74787708615484,932.5804331747086,-27.47418761219773,0.010658635977814902,1.6833696548900037,1.0809716335572537,0.3672861321394976,66.0225929397578,90.35402636322057,,154.81276285509944,False,True,True,False
20,False,105.80605869121902,0.1647212197582526,6.740264115638768e-12,82.68703436135289,891.9567245162814,-33.99372507195414,0.011393807236140936,0.8780423713012153,0.7285695105968318,0.3448956324845855,52.6612591567203,81.9511965178836,,263.71789842077754,False,True,True,False
21,False,136.0554380753637,0.14811851196474582,6.0463152514426475e-12,83.5763462528771,870.0620180100891,-30.894581433629803,0.011250826269328237,1.0400280440980982,0.6116987931347088,0.2638270351548588,56.86978001005167,86.47730701579191,,195.3612664588962,False,True,True,False
22,False,73.57647151589926,0.03469268585087003,4.567571574858862e-12,97.5517557141353,1151.4966298859154,-31.421842502844203,0.00894859586998629,2.588297609242752,1.3205865809252864,0.08950671047710859,93.22220051528961,98.28296603545841,191.85674667358398,215.46904168486375,True,True,True,True
23,False,145.6392900920565,0.16977852172199737,3.800921803268157e-12,97.27936973618107,1072.7158687607696,-26.679773405686337,0.011241547515573082,2.4872679073316157,1.2322983169215251,0.36411087040586326,70.45270082690126,93.60429170439461,,149.296094918278,False,True,True,False
24,False,192.53025417952472,0.11290832274004896,7.387244734800647e-12,94.7748492843946,846.5172232350069,-26.133378682109626,0.008308058967617087,1.4816380829542346,1.1564634222421935,0.41322479288063607,64.26823495381629,87.95379878359641,,266.68897333720366,False,True,True,False
25,False,135.83020760278058,0.1458708381702408,1.1067585684936601e-11,98.3466776978876,935.6562318088854,-21.082544699456598,0.012915537958776018,2.237918776727159,1.5926719320151679,0.615997794532075,61.32299551781084,86.85857896195644,,140.66576351741492,False,True,True,False
26,False,61.17381071554152,0.002,6.883203498062221e-12,89.41689342864886,965.0143646364966,-24.527029278849795,0.011307951023240056,1.3741255188357664,1.2148423414348715,0.007865039654303935,99.35258762507286,99.75815502136018,166.36978149414062,195.64760684829625,True,True,True,True
27,False,186.1492239479088,0.17606903402455754,7.542738225561305e-12,88.48271216699229,1134.4679746728643,-31.74711625494212,0.008080531956301184,1.6180847280793111,1.0644038661024455,0.5263940159406156,50.54564975716165,82.38255864896435,,346.3195676333957,False,True,True,False
28,False,78.65682656957947,0.10589202960122336,1.1071501977014977e-11,89.91386334352153,858.309287587825,-28.362227123440867,0.009309221216037607,1.325237995760965,0.8092656337341043,0.3091134027945917,61.80322135164889,86.99023774196107,,180.54495141817014,False,True,True,False
29,False,104.62026784481087,0.09260776334581325,7.392327686314076e-12,92.37538218073243,994.1328567837078,-27.727721260362433,0.009014451773129093,1.729635743935696,0.8626906693600356,0.20375068950407066,76.38195279714597,92.26125423711257,,106.78284984105893,False,True,True,False
30,False,208.22435805778346,0.14389583387050386,1.8288787437921795e-11,82.4541960831309,1165.095383165878,-29.507280317493947,0.011532780715442864,1.3516762642328595,1.0296999870909165,0.7387965881075058,28.25127732644378,73.38220756379576,,285.41527287797595,False,True,True,False
31,False,104.49469366358956,0.12759461036346392,8.747009620508158e-12,96.26383896504073,1032.6901880886842,-25.351967497877727,0.008593365431849692,2.1197232315443935,1.544271761670009,0.5009640874766126,67.55984924992353,89.28931726227113,,242.48596706867642,False,True,True,False
32,False,164.95827567643772,0.12129108798434005,4.2169798024369354e-12,103.42808448049628,1057.193678084264,-38.26539234483967,0.008411596621280786,3.088640128364722,1.2268741238201701,0.2851996901444865,76.75395669309187,95.29935658188631,,246.50446425868748,False,True,True,False
33,False,137.9541289964959,0.05509926174530023,1.1359117258507054e-11,89.21699050037444,1074.3762646734003,-22.65267139525611,0.010402644957686488,1.6616269526524814,1.0493751760210093,0.30658260845495255,70.78427092039249,90.55910180703698,,246.35652541911375,False,True,True,False
34,False,118.33482568502728,0.025299499905709788,7.438485034456897e-12,90.46629667697125,1040.409116363856,-29.21957164049149,0.009086028270735805,1.784855337246188,1.1793574439503787,0.11726802776500492,90.05661698524548,96.80826353753407,372.4603462219238,276.19995810581014,True,True,True,True
35,False,80.57025688184169,0.12066557031543161,8.009269375025844e-12,78.6157616280599,993.1137813562091,-28.069531784187383,0.010622782645371125,0.9937740243086535,0.6493224340745463,0.29731388609829884,54.211671968172695,85.03779629847888,,291.24225562969355,False,True,True,False
36,False,81.37431567046534,0.07339062243847785,8.381525188640089e-12,92.87121338088117,1000.6957158118556,-33.593637251377785,0.01025775640924414,1.690100431274746,1.060839340798794,0.23495425983186546,77.85204122850978,92.3568489806118,,253.15847616037976,False,True,True,False
37,False,164.4255407353328,0.05257537761345837,9.612481445993109e-12,69.53384476184824,815.7590515693643,-27.545477202862205,0.012241548930525028,0.492984983252571,0.41453772220036705,0.18470403559723547,55.44337084286899,81.35290587887506,,191.0786348609178,False,True,True,False
38,False,199.03932793352712,0.07894273924589719,1.3650477911150613e-11,80.7133325509514,1108.0616832908854,-29.63487005529673,0.011952920722263515,1.1270212687941115,0.9190883301682401,0.5208146217839769,43.33356167315918,79.42411549806802,,323.8162329776175,False,True,True,False
39,False,121.07585947675659,0.1271424972718297,9.024986838335793e-12,93.44388091758806,1228.4739387993957,-32.44436184078497,0.010615431418866736,2.1590622587186026,1.3355373370655044,0.48969226332587035,63.33368976401352,87.58123717221561,,306.43729061942656,False,True,True,False
40,False,80.45994120439556,0.029094365940831677,5.586365094992961e-12,86.85904592804323,1166.5274733432711,-33.66980384174281,0.00895490347213816,1.4594859398586022,0.8567817470425806,0.07570037050385074,91.16456778343475,96.97311712688251,253.8321304321289,271.95373089716435,True,True,True,True
41,False,77.9766173093477,0.0929800973968452,1.1788923450734513e-11,90.75003904934324,859.5018308372534,-35.43296157984041,0.008040153963003144,1.3677177644655296,1.0143016672781027,0.32968516516434154,67.49634001400611,87.17150356073984,,321.3296729821288,False,True,True,False
42,False,133.50550603478985,0.0288956297149748,5.071713425606004e-12,91.02272322533828,962.0508889187702,-30.06720463001715,0.00872043410863963,1.6493314194718136,0.929455856814397,0.08725738649098883,90.61199239842833,97.20502978116895,370.58780670166016,185.2357081188023,True,True,True,True
43,False,130.70881594526114,0.16078360718683452,1.1240345533133295e-11,90.13325840460838,1024.6877613936194,-33.134379506022455,0.011839747043928942,1.5018824690448256,1.0943840196742558,0.5759355258255919,47.37354388663137,81.46605085265347,,313.44867687474664,False,True,True,False
44,False,199.05450850344542,0.07299819078811716,9.797001018623757e-12,86.96663533023417,877.7351738992163,-28.49532441522693,0.009232060735676723,1.2606121970891198,1.013108608034044,0.3930601744106108,61.20256295390172,85.95281333504937,,282.6862873583667,False,True,True,False
45,False,102.23140503803035,0.04388970017274968,8.769772499902286e-12,94.25334430440539,1082.77687598437,-33.5675946681243,0.01070323063648607,1.8063730187127753,1.3026560725250333,0.21449115123061066,83.53432223941913,94.67632120530286,432.2340774536133,334.0480898351986,True,True,True,True
46,False,100.63208848252329,0.15323389887889993,4.850724750324971e-12,89.81381774403148,946.264895936475,-29.647699434654815,0.010787943389509997,1.5325137437842509,0.7318399576539714,0.24478250937828358,66.55245360434095,90.97700992525863,,168.14582446712456,False,True,True,False
47,False,95.0343888262131,0.14367450224485126,6.0450242118987245e-12,84.12717938402932,945.1814638297326,-30.76340007478492,0.00868754228488775,1.0134835706478669,0.76588523456455,0.27515885464367795,64.07309578175617,84.85279608538622,,193.46658220461325,False,True,True,False
48,False,107.75098965367155,0.14415294504722814,5.600898824047503e-12,96.88359949452345,923.2732745422421,-28.345218093037385,0.01175519751947099,2.3109410302103273,1.0857945745718334,0.31408808779358954,71.07297318026798,93.11778649926488,,151.97926818615136,False,True,True,False
49,False,146.52870495675657,0.25,8.31121526800435e-12,85.29596215609746,803.4582621532616,-30.28088134274235,0.007125653911900043,1.1772526224941855,0.8057440407276153,0.4658060695822702,42.18932489260102,78.77205840088348,,275.82691087775555,False,True,True,False
50,False,142.2697970562931,0.08272936528644304,7.48286328355286e-12,94.27479088220075,1093.186214280474,-29.020998528350766,0.010269715632896415,2.0092645347167943,1.4227209263224874,0.38704377005922225,72.7955242030726,92.4284149956655,,394.7065543058311,False,True,True,False
51,False,98.12115122742667,0.04030096426741631,5.4404742034117954e-12,83.6101191510258,1213.2941334533734,-31.40163944630907,0.008224562403722623,1.2962419658627344,1.1340939743408374,0.14513050765672922,87.20295575672354,95.1585281399892,344.8647880554199,460.1115459693837,True,True,True,True
52,False,89.87404262593529,0.1037605970277591,1.009990212603966e-11,91.51593627428637,1021.4037314559181,-34.549291873797515,0.010867085717331722,1.721985355243679,1.001784347955129,0.3576725845126766,64.29644910675954,88.78076435807995,,277.69477752717086,False,True,True,False
53,False,124.47816568846875,0.055624190094446614,9.57496467140454e-12,100.55240496610477,1153.0981278366128,-24.57759920593039,0.010604440062695869,2.9076194587082176,1.983444606247654,0.32380401120480634,83.67466325074793,94.61499345199118,460.18598556518555,196.22930500196037,True,True,True,True
54,False,85.41833545385794,0.05179146662192098,1.25881650630008e-11,85.4656803014189,1006.468129977187,-25.70804072679632,0.009507240643422565,1.29202554833704,0.8962002887139336,0.22691949091992872,74.67982394364512,90.01053157080477,,199.51297516800918,False,True,True,False
55,False,161.14155518007766,0.002,8.15038569669072e-12,101.99889296168217,859.8154295283034,-26.757513474975774,0.012848346861716672,2.4232198180234805,1.3211722130924595,0.0917743491236762,93.05356650599997,98.14364075249951,406.4838218688965,139.8806465852903,True,True,True,True
56,False,89.12255916479063,0.0891920998514069,1.3465547223801585e-11,95.82932423784918,1249.7498473269463,-35.34907230741159,0.010188027327863912,2.7087285140846573,1.8902478330101655,0.5419857814718749,71.32726344096487,89.08828895014148,,325.8784630540311,False,True,True,False
57,False,134.76979841974105,0.08903538046425315,9.092950059128553e-12,80.51768888189804,952.5785953711331,-28.719833187775684,0.011176194562570895,1.027664964647087,0.8015574855215071,0.3231152466027894,59.68907377958488,86.23275627379581,,314.6870242376716,False,True,True,False
58,False,98.12264475879493,0.1258566636995479,7.401257741401922e-12,95.90271694855844,1013.4964287522193,-31.706774520117733,0.009523817278822741,1.9009855860161113,1.0915844376899582,0.3331336803871904,69.48163890168888,90.11404910222728,,197.37850656483366,False,True,True,False
59,False,84.35577264605502,0.21109796948869117,6.505408347323107e-12,89.24202647912146,869.2814858937326,-21.33899434022097,0.010378469119099499,1.5544165710838067,0.9342227858100834,0.411576953163792,55.94445356982967,86.34260716234246,,133.1467541779703,False,True,True,False
60,False,83.05999840907538,0.08772638456694862,1.1649512618968033e-11,99.4413247777024,1209.213425576325,-30.707488142076606,0.011421631961568032,3.176716778910166,1.9532114229365414,0.5046540030914904,74.16285829760447,92.02416902100639,,273.87975313387625,False,True,True,False
61,False,98.40822849415316,0.04586740554904037,1.0061097193696605e-11,96.73000969920338,886.1067762293943,-32.26132130973106,0.014169590916733794,1.8105237272357277,1.3630483031912524,0.21135295383665242,84.49409655242445,94.80467725746784,392.6565361022949,158.26086675407504,True,True,True,True
62,False,83.90638742076811,0.024230174737313127,7.224294105780094e-12,88.02815189683815,752.8872674174677,-34.772107196215586,0.009685419516388481,1.0614607078344396,0.6193556225373874,0.0519821640940456,91.60705704404779,97.09188958909198,270.4103469848633,151.80134272210333,True,True,True,True
63,False,153.96036026258108,0.25,1.162927439844438e-11,101.2526091137045,1024.4845602523437,-25.152402297284254,0.01361747908866057,2.98686069854367,1.6103704385197035,0.8943123158993633,44.465428915756824,84.02543527897176,,143.423612771722,False,True,True,False
64,False,99.94382541681472,0.06596881455598982,1.2339296087068343e-11,81.99783600114684,999.5188637479004,-31.199771922685088,0.009439641444177273,1.0411910358194596,0.8552821579644252,0.28871471221716305,66.24333741460184,85.61803911838405,,243.10970323608566,False,True,True,False
65,False,81.29727755079108,0.057854706616309724,4.621764010896144e-12,84.90204386575685,909.3952263365179,-29.65071678366385,0.010255408536574957,1.1985998717959903,0.7172517626531921,0.1055258942621776,85.28746811693765,95.3686872941371,300.94749450683594,199.24548393875574,True,True,True,True
66,False,145.01735168156335,0.07256535611809367,4.647491518026858e-12,94.01462437391787,1134.3539523133786,-28.235815838792895,0.010428227515861074,2.024955989584062,1.0965067598254725,0.19791320469593726,81.95057140117964,94.87275696682218,523.1918334960938,166.4410071457104,True,True,True,True
67,False,98.17836767333833,0.0949047945313531,1.074118734465099e-11,94.1171299357414,1078.0055417470724,-34.42598463705699,0.011406257190522599,1.972270951340971,1.359037432705486,0.41913139361371415,69.15968732521709,89.10117186320554,,212.64879627496018,False,True,True,False
68,False,230.70249627145648,0.14663011850748284,1.0611134878525201e-11,90.32247476778664,1038.730775236268,-35.932189195666986,0.011264176279459201,1.6812264328627349,1.5578615821065636,0.7895315043189945,49.31953432914249,78.48926938455058,,285.9636357424453,False,True,True,False
69,False,154.084350859039,0.13436789164940996,1.1522561088196454e-11,97.80625914849459,934.3222400505358,-30.32564927399315,0.009484131159683875,2.3166500922277518,1.5573075134652108,0.6025029477362775,61.31124119502702,87.17755649576864,,237.3313608517609,False,True,True,False
70,False,116.55369005339652,0.04064676490404161,4.7916973771524035e-12,93.70183835333557,997.6914128704109,-27.11285331313286,0.008751221965436505,2.0421884666798227,1.0971893719089183,0.10839724626240377,90.12046151396714,97.43256808440863,329.3102264404297,162.6291539323914,True,True,True,True
71,False,122.06382528954967,0.12315350610091631,9.565304081711542e-12,92.76060538568379,829.499532270491,-32.27909078561464,0.009540136752073977,1.491656286535785,1.139549090968155,0.3951490092148002,65.32409069985009,87.0428908458185,,248.27848943741037,False,True,True,False
72,False,84.46418491672088,0.12434036764390291,5.721621474635976e-12,98.02229206049294,1133.5303968338078,-28.716931420801835,0.010672620499249056,2.6042903504911106,1.3161384609372615,0.3192265492047926,75.74521536453986,93.31267282228673,,175.1296089946548,False,True,True,False
73,False,81.84561066851411,0.13224928637548827,4.047365651544156e-12,94.01100467958142,884.0578978195526,-34.97668071488528,0.011674193777393541,1.5688910660180189,0.9419950524484165,0.22446930646243657,76.17086142023783,93.38376786839034,,181.52101820958964,False,True,True,False
74,False,130.81219931871405,0.10432118025632052,7.148295611915674e-12,90.33748333587346,1021.0825958730364,-30.78312791888798,0.011220573035134853,1.6200506616728105,1.201375477795651,0.34767847455786377,71.05996576559036,89.74185911762925,,212.73731239226825,False,True,True,False
75,False,81.41115252953564,0.10242649471372406,8.069506158778728e-12,93.56333168670426,1127.5531394554725,-22.600353174438286,0.00977292782636682,2.000536850840559,1.40651578876873,0.37067833821044543,73.6456326213772,90.39469798026714,,159.87050931538164,False,True,True,False
76,False,98.27319429571807,0.20421763886488165,4.627138030541555e-12,95.03012177280162,1172.0784689682769,-24.441053594239886,0.007660389287812204,2.5426423897486194,1.1489942699572648,0.4220314001816847,63.26949479065883,91.26628551653843,,248.71331860388804,False,True,True,False
77,False,139.38100552486213,0.08092779901473206,7.608320577777389e-12,87.16394889222859,1127.963057454381,-37.271688002430196,0.008522985684867021,1.551396192300717,1.2184487170672476,0.35334645032984546,71.00030182802155,89.98524979325597,,496.03506223469935,False,True,True,False
78,False,94.69864905919333,0.14223378164213302,7.0938805872064636e-12,90.37129636493984,1086.700172427471,-19.879480351263627,0.00927947211014185,1.9862673937321005,1.5192540738379625,0.4883368026107252,67.85680479519259,89.07603564299271,,189.776813836168,False,True,True,False
79,False,149.1106954469611,0.05407444287229393,8.020688339061175e-12,75.46245187582078,1066.0735522143352,-32.402998135642406,0.01101466031639503,0.9147071399203652,0.6244356572413874,0.1986153930615995,68.19281686458514,87.88126704462462,,215.94096123644073,False,True,True,False
80,False,168.1723624502846,0.08334458493750922,1.955062284462065e-11,91.0644611094838,1013.4563160486739,-26.53257289055279,0.010436173814984006,1.66624683258602,1.2158255298669256,0.5678159329610646,53.2979100197696,80.74874991667336,,192.24673123867308,False,True,True,False
81,False,146.29746189481438,0.12668475571080742,8.12636862368652e-12,100.7232692359052,1137.8506824249248,-30.990196488925488,0.011002489502165404,2.962042281959169,1.5873914949690642,0.5187211287125016,67.32241980907105,91.3309139740321,,266.28607222235445,False,True,True,False
82,False,219.7188437054754,0.19547748703201687,6.132959567258852e-12,76.34507797419253,950.2525627398619,-26.540000134999147,0.010286183992137966,0.7058702878238128,0.4654729649691878,0.30202241882018727,35.11493866455171,76.24661147907193,,214.43456254182578,False,True,True,False
83,False,71.81305841993654,0.057490532940163895,1.2121854133344066e-11,91.73990420574493,936.0818804571152,-36.113715935497254,0.008995909680657457,1.497031396059984,1.0793419440971574,0.24374990741994326,77.41680393752937,91.09220480066415,,278.6184339307426,False,True,True,False
84,False,69.79937897502423,0.06734813198381309,5.237667897942383e-12,88.64177452982085,1076.5327087965795,-29.422209433308723,0.008710352598191631,1.292564206543283,0.8021773866781293,0.14427740205368655,82.01427708512838,93.64634271060957,329.56443786621094,245.8453303295175,True,True,True,True
85,False,188.8566202610561,0.04121914624534106,9.155591602848775e-12,93.46533389535956,1034.4069084170924,-33.69583619687651,0.009483335175397293,1.8030267717375068,1.4397774710906557,0.3469894316558809,75.89978738915602,91.11640539688031,,319.23792605882306,False,True,True,False
86,False,67.4052891270178,0.06110536141083179,9.56412273651779e-12,93.16052323778791,1013.2516671846024,-29.10564054425911,0.007983069055869058,1.8463485823094468,1.226869846972092,0.25772675019184765,78.99314659758606,93.24487188254466,,361.40285453608044,False,True,True,False
87,False,142.3978916636768,0.05662098711379606,6.497263022633414e-12,96.58975093640976,1004.3369194712305,-23.6640854860074,0.008444345164996238,2.005028355788449,1.4359310917507522,0.24275847662707656,83.09400234999478,94.97697225380884,499.30503845214844,260.743273962864,True,True,True,True
88,False,92.89110291007316,0.05142628467847922,1.1055805498882877e-11,97.63304540957363,938.984340214367,-23.99964187046518,0.00840034747519934,2.090806808412324,1.4523975083769882,0.24385249483328097,83.21034748222758,94.22048424124563,400.60291290283203,211.92638471838444,True,True,True,True
89,False,100.31555748941271,0.06592935046531037,9.000770664813416e-12,94.12869044105283,1014.1393027590581,-27.6870578998216,0.00866678091723143,1.8517396929211478,1.3805159281848174,0.2925118939938614,78.81140753091687,92.95022145637873,,283.06671552333006,False,True,True,False
90,False,226.45588163619917,0.053244181099099216,8.019072502408984e-12,104.05581707197592,1144.1024821273638,-27.4043599199669,0.010005602958375775,3.5286547446962113,1.989587460547426,0.5135735739871043,74.18693150358935,93.37422260471281,,222.42532227664702,False,True,True,False
91,False,125.26598780749569,0.15149673470978547,7.418543923374935e-12,87.56572698831576,971.0144888363361,-32.48366135403636,0.009111515378204217,1.5572526193842586,1.10978196264877,0.41935278328709613,62.21304748130825,86.41534384731749,,262.82007103227915,False,True,True,False
92,False,51.02775522863345,0.050716258149193165,1.1758974048317252e-11,84.04891963535952,995.4906626988957,-31.004181271405713,0.009687522031270093,1.0640800212252182,0.8668336036794184,0.21017295511510975,75.75394467600287,89.00916154867804,,285.70664423659105,False,True,True,False
93,False,176.80210583893458,0.03864951931161773,6.193339353877158e-12,80.67508494452917,1100.8005794100184,-29.134265357076504,0.011537266786397504,1.2628418211947001,0.7870070921830187,0.19085224214165616,75.74961597712344,92.10031607187173,,203.54412308477674,False,True,True,False
94,False,171.02595881570713,0.11615677034953423,7.647821604389271e-12,94.15995595012906,979.1543197140786,-32.128691364664604,0.008312689505832659,1.87989154582878,1.1509551954612818,0.3919828845894168,65.9428198304177,89.03482530649399,,298.21926754838177,False,True,True,False
95,False,111.70745418576524,0.06983819849848297,1.3075820155473944e-11,96.90457915214319,1030.7337328308695,-27.75324732238188,0.008382451668577966,2.3020317290710217,1.8111838823847202,0.43797771870136476,75.81815281368917,91.12522684118561,,279.9487174517705,False,True,True,False
96,False,87.35384672038597,0.25,1.4268007242073617e-11,83.0657642738847,1121.5620019774149,-32.011535413534105,0.008758061377628149,1.2659009629990718,1.0592652527455102,0.7445643086742388,29.70936158394677,68.69587737208329,,391.0138175931356,False,False,True,False
97,False,109.54342019408297,0.20901474115088153,5.799191623346876e-12,86.1136946056015,838.011530518996,-25.967373532208274,0.008004331814027318,0.9672886177193191,0.6770689673784215,0.3192419691630776,52.84941644878995,82.20098021068078,,153.51489341328914,False,True,True,False
98,False,82.00948225092472,0.024520780362666427,1.1618983471004196e-11,87.5430977896393,1070.8382951367935,-28.44989359845236,0.010381592569830215,1.6399250518869646,1.3313527384182708,0.14731622086650206,88.93484674530937,95.64126767018237,305.89099884033203,263.54343731756416,True,True,True,True
99,False,123.51526470513134,0.052003861476428846,1.442542972259955e-11,86.33725728588983,928.4295886473343,-34.1878702491297,0.011397688034192194,1.340060161587166,0.9372834878415128,0.26842968238341774,71.3608864483904,88.83435179200686,,228.2762843299148,False,True,True,False
100,False,80.02582269596594,0.09354359722222609,1.1638220756401657e-11,95.61164528088361,1084.5968146118582,-27.01974958935268,0.011656520857558472,2.392508347773172,1.6524823080247395,0.494773133374479,70.0587939143569,90.46133253322314,,225.77129879893303,False,True,True,False
101,False,91.00717665928731,0.008422744372520429,9.09753977168769e-12,103.68315433182117,1127.2957408078976,-27.1694439167757,0.011031624082758169,3.404747534938616,1.9612483004486614,0.05083323251466703,97.40811846704783,99.27005499014328,237.42868423461914,172.74359950221586,True,True,True,True
102,False,149.38054333236656,0.25,1.0814287874719785e-11,89.64852461273094,1143.098376529858,-37.768931437485236,0.013169380239074772,1.7550773258915988,1.3385393151734732,0.8351322201088088,37.60868951386933,76.24950627227851,,339.0888759043066,False,True,True,False
103,False,176.56049278706013,0.036814626921195547,4.640473945557655e-12,84.31575229572678,927.2006964070288,-38.421290296272474,0.01127916059842397,1.1715665247704101,0.8355174691501098,0.1413223206878641,83.08565339374442,94.27862361805775,535.5256271362305,242.90647677548085,True,True,True,True
104,False,146.09141733969125,0.12420059138698344,8.162423676330032e-12,107.4618825193831,965.9384097863524,-31.167365907165365,0.009312869826639626,3.46378222435203,1.7778872721386987,0.47293352910996933,73.39912735068648,93.25127432165911,,209.16684430914248,False,True,True,False
105,False,117.36429970991955,0.18101978534961083,1.1601703255116442e-11,90.46772808471363,1097.6075698738432,-23.594350899592694,0.010840258747346787,1.69034340975632,1.3241170869888863,0.6813057005219053,48.54641578025163,79.11279649626796,,198.73391072871513,False,True,True,False
106,False,163.43387867727787,0.061812674183352484,7.541194730451427e-12,97.66020434019464,817.0304499655416,-25.480650328106368,0.00957125823016095,1.731778607474465,1.2686477408491394,0.25725609728743093,79.7220229852581,93.36883227361045,,164.7257093898664,False,True,True,False
107,False,137.05411995531236,0.008480625047906178,9.866855653911921e-12,85.26408439156216,1190.4869427709593,-31.77455572795108,0.009089084799749014,1.4686209852210792,0.8938406444977997,0.09990257178244287,88.8232234238383,96.17762092684802,470.7925033569336,307.8674686030818,True,True,True,True
108,False,334.012303686525,0.11663658896292416,1.1722396535721302e-11,74.72568243968662,971.1791352697164,-27.21399987181055,0.013768726485081859,0.7932820286499533,1.0023503376345517,0.711911314651222,28.975799386543557,63.864334799249946,,190.93572929268484,False,False,True,False
109,False,160.6279568880427,0.21702713387019876,9.168674819760076e-12,88.11990979312218,993.7014861057004,-30.901566979470072,0.010455552988567577,1.5805681784483951,1.0543095696144558,0.5857020739942526,44.44685973888728,80.2651362008873,,236.22303292484307,False,True,True,False
110,False,131.05861798774515,0.0953759856442013,7.974121714749952e-12,94.16132506821779,1144.9524460419439,-22.49457829789928,0.007968050957317854,2.2536388304447756,1.3944487665413596,0.37644619959227715,73.00394187116865,91.33487617801578,,189.18203997193396,False,True,True,False
111,False,107.75805681481091,0.0506178113788224,1.8784051389310485e-11,93.51706025234347,1092.4423408035557,-33.17773304861491,0.008640317438406049,1.8448756250884433,1.8170680253323506,0.4828097293190626,73.42918797821262,88.40147564703143,,527.2481504803304,False,True,True,False
112,False,75.33147540874283,0.14671133788046478,1.739967450671246e-11,82.25612037489253,1020.9969939076647,-31.30152539218014,0.013262254889152409,1.0342799959079096,0.8359969952856551,0.5107958521406685,38.89979808287079,71.79103633313828,,141.16570108036169,False,True,True,False
113,False,209.6302149569809,0.1990848852134035,1.8881080804314862e-11,109.86018960847359,1059.9769618790083,-32.4537139569728,0.011390547768807291,3.7547158946607526,3.115953045890166,1.6666296735059007,46.5130042410579,79.97589840726931,,222.83882300095422,False,True,True,False
114,False,89.05996198584312,0.0829092263108516,8.580181614574673e-12,86.95728253076622,1017.430030804879,-31.024150183091685,0.009002813103859735,1.2639192864214472,1.1377161177867237,0.30391794180329806,73.28701447998027,88.40072188448032,,245.5869398002454,False,True,True,False
115,False,171.8982540082103,0.009064622006993876,5.8407956680005316e-12,90.01372655703011,972.5033116425031,-32.765933527357134,0.008652511716218145,1.5022664960337215,0.9141549545832823,0.09790631759525696,89.28996478065498,96.48904132695672,457.7301216125488,247.99007160826508,True,True,True,True
116,False,95.65040587021674,0.12918495128493587,1.2683696879801287e-11,93.97741138830054,892.4126127685812,-33.18923480508923,0.010068732189891544,1.486776784973251,1.1977374263475662,0.5133563687356267,57.139490054921424,83.66519745910904,,303.4635748362101,False,True,True,False
117,False,119.99838630822416,0.11146761876377508,6.6760401240605716e-12,95.00501495619145,1042.6375593585994,-33.08071526385822,0.010741738892432767,1.865705656457548,1.3157512101473448,0.35971607244434556,72.66078346193862,90.99800874761364,,261.51631071142026,False,True,True,False
118,False,99.56570042833158,0.1836694308642681,7.374039191022785e-12,85.8704723204218,1037.609065039744,-26.72503965220254,0.0099541794540187,1.5122512651846256,1.0540207486575635,0.4703224155425974,55.3782583367912,84.03272281982377,,178.66772206583434,False,True,True,False
119,False,89.96577087822776,0.23805680762964315,8.702774978648136e-12,96.31218645116192,976.4958645947149,-27.12110272960004,0.007900887414084968,1.780186322366649,1.3510086284612872,0.6870784500012305,49.1432966802167,81.61346859021012,,251.4177043272417,False,True,True,False
120,False,96.21566586702818,0.17648104885560512,5.739267506280199e-12,86.64750748589178,1173.5767462543022,-33.10028060198018,0.010227273858438695,1.5633984402677799,1.0915442670392426,0.45955149527147887,57.89895937816718,86.58204503928049,,333.08077637916404,False,True,True,False
121,False,110.15711671194067,0.07056457659875898,9.840352718365352e-12,97.73725052308174,969.2628766798625,-20.520334060630294,0.009444960598613331,2.1701647014748424,1.4087060003628757,0.32871382376730807,76.6655481212806,93.28050787056108,,217.45091057772117,False,True,True,False
122,False,64.0103334462111,0.04800735887166415,7.721534226660119e-12,88.3674538502459,979.3415744279223,-32.593010604507754,0.010418257278717055,1.2945781111769883,0.9455228570584235,0.15443777467423442,83.66641551588722,93.83390546937684,281.0191345214844,222.43309223962095,True,True,True,True
123,False,84.88515881129996,0.06262096798768359,9.790650195828462e-12,84.90829082903215,1065.0342664492352,-31.26638180466326,0.00951641632576156,1.2333381838000985,1.078424993632901,0.26234325794559216,75.67348128108253,89.16440339546567,,214.01799374947353,False,True,True,False
124,False,108.01534649952423,0.07242963515649772,9.897946334214098e-12,81.77942736974981,1130.083133638498,-31.993617165121133,0.011677785114568863,1.2175150174224125,0.9742947230249726,0.3168167451453396,67.48245293152233,87.22152513179594,,314.0978697881234,False,True,True,False
125,False,49.84905833697812,0.0028028048949489013,6.5928314979278265e-12,85.98844684844396,834.7909638262765,-33.914282588595206,0.008394722791973926,0.9853514141058003,0.664036130159974,0.007022762355620739,98.94241261331234,99.61354586489506,145.93072891235352,245.559410456679,True,True,True,True
126,False,122.84344309224953,0.07748505832787209,9.801015038301806e-12,98.5092823418165,940.3230252347088,-29.98470448202087,0.010638873196766308,1.9775647387069906,1.2940463020627213,0.2951618694570123,77.19077988271967,91.76186895849415,,169.7309266244853,False,True,True,False
127,False,68.27153819720205,0.01528574212840283,1.4050575936064754e-11,99.00675230569045,847.2914411128356,-31.045529453730722,0.008950253403911798,1.8643522361624905,1.5424319779815305,0.08980648459635839,94.17760485529601,97.64219507103506,216.62193298339844,259.15163879657524,True,True,True,True
128,False,135.28367697773393,0.01622355395675172,7.246602776922549e-12,96.22687264188203,1148.6127380858582,-30.495364643381905,0.01103522106775239,2.5558000118920035,1.6278888163288643,0.11545997391709066,92.90737962206347,97.79634271237015,360.78250885009766,212.1349297749532,True,True,True,True
129,False,121.67029466618227,0.016967194445495926,6.995434520878917e-12,88.05478163453434,909.9340483902989,-33.07755325333865,0.010892247447255041,1.4301073567311262,0.9685955706357579,0.073667672671308,92.39438266035485,97.43311323590734,359.1437530517578,187.3956098035551,True,True,True,True
130,False,130.28348800389267,0.14738542761595175,1.3142687304020661e-11,90.97763982423385,1015.7023972917182,-34.58214986837135,0.009990813392518283,1.5264161620599677,1.155057677718829,0.579350734769497,49.84226797109555,79.8924962798786,,261.2570451200234,False,True,True,False
131,False,117.09064982797088,0.19457542651535692,1.1127142713195219e-11,87.58457374646633,1096.311368318348,-30.34222264433582,0.010114848264885857,1.7271486076342464,1.1577147817112026,0.6344121022515602,45.20134732029211,80.21755502501686,,278.43526351503294,False,True,True,False
132,False,132.12926994514513,0.10399054565336208,5.124012692021358e-12,95.06734356102926,883.7352647149004,-34.59377673233419,0.011174303523387327,1.6941026083640034,0.9456473992993445,0.21602519167090475,77.15584140230665,93.38138069088123,,150.0551751556803,False,True,True,False
133,False,73.53183728107452,0.12145944678758863,1.0544508709889067e-11,82.1698027047946,772.2504321716535,-25.605127463526486,0.011687337596576641,0.836804466242218,1.0305823942768806,0.39709759945060324,61.46862185344908,79.70845191485525,,143.6526234410477,False,True,True,False
134,False,173.76237961524376,0.09227892038958585,5.663333292800834e-12,90.11720399990521,975.5517295964681,-33.75539152353153,0.010820291863933018,1.5532237527193968,0.9810614922692751,0.2652822875243415,72.95966770536249,91.02136637592244,,176.68040904227016,False,True,True,False
135,False,134.67313507336664,0.14596572682563289,5.739341015556859e-12,85.5582046262334,996.7026390221324,-23.689883787466787,0.012629237827802266,1.6045323124552586,1.1212613891121093,0.40130848508045946,64.20919430765,89.74391522667443,,191.88048710937755,False,True,True,False
136,False,121.65833343588102,0.013464869009931373,7.627366927777942e-12,79.55895520443424,1198.319102845243,-28.326149332297195,0.010620984727854667,1.1663966842007718,1.1484079073073876,0.10740588255372896,90.64741004739702,96.38953249806247,408.9011001586914,387.07954728297153,True,True,True,True
137,False,89.43693999165308,0.04783555535224184,5.622460762570441e-12,91.79304007093705,918.3033350415953,-37.90339312201935,0.012937951546427566,1.3732080769346589,0.8523201475845914,0.10792440547203895,87.33757429319391,95.78635735506,303.3965492248535,199.29937375447813,True,True,True,True
138,False,66.8553354372278,0.06683487284003954,1.0999310527612867e-11,86.99512971098311,1048.0609426156307,-35.365530454768724,0.009229269025332526,1.2078744241811654,0.863761040609191,0.2557116364892962,70.39555797643425,88.1246662696539,,336.77161986666846,False,True,True,False
139,False,88.42766793990242,0.026127473903188456,1.1412976244836984e-11,88.6789483889263,727.1135134951901,-36.853986376474474,0.010136136779390315,1.0778920476737375,0.9324510303997303,0.11321642525838986,87.85819077170676,95.3095136175677,339.4514465332031,261.7939648636841,True,True,True,True
140,False,79.50883801395274,0.14766727193785692,9.304878586824462e-12,83.16260685952041,833.2049462768226,-33.37448174323389,0.005821044065445458,0.8149156985543944,0.5089943306614527,0.25825723925208155,49.26127390918699,80.63117859695102,,378.7665733318333,False,True,True,False
141,False,80.18777212152494,0.25,6.310035095631514e-12,91.41658323696055,1126.5529247142883,-32.09703175757338,0.00929835465241936,1.6196238647064078,1.1663934553305575,0.5764127701736889,50.581618274741366,81.485597416301,,266.0356931395501,False,True,True,False
142,False,107.60701605358466,0.005679608017481511,7.46918137239652e-12,79.61530905828691,1006.9462696187334,-25.026810482228363,0.009337339456946418,1.0102744979748992,0.7036160019295662,0.03280124193204948,95.338189887368,98.28139949727341,346.3877868652344,213.855766382414,True,True,True,True
143,False,81.07819993531048,0.1753309797601524,7.793642163922893e-12,88.9114084729785,1192.6487228919991,-34.24039803065794,0.010006725327807171,1.7889239479575416,1.1316508490849957,0.46398035177090274,58.99969039513757,84.34666445240526,,208.48221705454498,False,True,True,False
144,False,98.5392881956055,0.04538215436641311,8.829784842640557e-12,82.66298096986574,1100.9466226375698,-24.39695701686702,0.010927496943203233,1.2574283308771037,1.001630969470761,0.2039269031320364,79.64051538464444,92.31825503187552,,140.63928041193782,False,True,True,False
145,False,72.89845993271858,0.11589555927978734,6.7370083512549736e-12,90.98339003722926,1018.8729174865559,-30.811214473119566,0.010384471632070827,1.5943382653726768,1.015134597591093,0.2780299451395745,72.61151912275106,89.96392722984184,,145.79716753976845,False,True,True,False
146,False,100.22813547373033,0.10960990385186017,6.854747653727594e-12,78.06934895766491,858.3818845494916,-33.12596330253302,0.008778487770600269,0.5916053809521105,0.4137015188374284,0.17438202126792582,57.848348790700854,82.50154246119182,,283.83558663441187,False,True,True,False
147,False,69.36378383145228,0.1449957883028042,9.273579860978432e-12,96.67704747077477,950.3637676933406,-31.33309395768394,0.006100167732379853,1.8007755134164507,1.174424472789148,0.4378761290823406,62.71568421573966,87.02835633340598,,327.29937605086053,False,True,True,False
148,False,128.19237449870192,0.039371080900890094,5.212987533489868e-12,75.27594768496184,700.0,-34.168494993312486,0.0094918113384663,0.63993128548598,0.3921361869719096,0.06477345244594566,83.48189873877014,94.08806053007585,493.26297760009766,173.9297216118141,True,True,True,True
149,False,215.5033493573763,0.06528331858609032,5.6362982978301194e-12,98.53021103445322,1101.7330826687128,-26.219735818334076,0.01127260088183737,2.7596852256467828,1.5122202787856638,0.3589799698665066,76.2613969074153,93.93343474059823,,164.87488596990124,False,True,True,False
150,False,122.8757192960498,0.10900056713909868,3.996426251872329e-12,96.04992978022985,1137.6205779676575,-27.165447206295298,0.011370683934994701,2.3571136853925507,1.2062513865175053,0.24443361036548522,79.73609704431722,94.95700046032498,,172.96145465082054,False,True,True,False
151,False,59.912656591956704,0.02441835142442853,1.1384971341571399e-11,91.05236788769064,975.8586859821503,-28.144774886466102,0.007474365037506623,1.5577282562672203,1.0612636875107082,0.11222302699276106,89.42552842300762,96.04042788902912,222.33261108398438,294.74088477214946,True,True,True,True
152,False,85.51675311330993,0.08075236533989817,9.249686587517265e-12,87.93589001537195,700.0,-28.93909876210735,0.010766547227323588,0.8998804070790772,0.8261086962482328,0.22810617770802072,72.38787356385868,88.53134812615782,,158.65021208997248,False,True,True,False
153,False,199.87339376091788,0.09924002040019707,5.494122473198013e-12,91.00483989909009,1134.355830830948,-32.48497338977258,0.010210103178114622,1.588683755711296,1.188911560549781,0.3932394782175979,66.92441294491623,88.99327068832123,,299.4749070888666,False,True,True,False
154,False,164.39580897818428,0.09071801009719549,6.308625698357482e-12,87.38639633810698,1000.7979518801499,-31.454561728404773,0.011199166971185717,1.4911639299184831,1.0632478114232922,0.3106943966089893,70.7787410168204,90.30285212454035,,265.80126769129765,False,True,True,False
155,False,138.77549286850072,0.023684048181138485,3.0601607446448604e-12,96.39668074826339,1104.5474023246288,-26.091726485664537,0.008618499435243504,2.0794296933457206,1.1029591142357908,0.07174182526480141,93.49551362885202,98.5828202326469,324.1238594055176,195.95936300806702,True,True,True,True
156,False,111.95247820514042,0.1262090257671207,8.303677583353791e-12,94.95237469380075,1198.5974648891531,-23.831947978717356,0.00819978767443655,2.553419052756747,1.3343792714730298,0.4307548122437224,67.71871225425966,90.31348883683083,,219.89613546442442,False,True,True,False
157,False,128.4015326125722,0.024063707914493686,7.56140758035903e-12,92.30014113839403,1066.523379423746,-24.89107682758339,0.011383020177157454,1.842538463544085,1.4117074425753393,0.13917176955537278,90.14159978490405,96.61273459611868,387.95135498046875,186.92957689600064,True,True,True,True
158,False,263.10589051706256,0.13278113743721176,2.580566969137069e-12,100.12891380095861,901.8729853135338,-29.28937599365626,0.007697022501592762,2.0701721530410877,0.729239922470319,0.22899903121685183,68.59757342396837,94.46204637924187,,114.19897908940654,False,True,True,False
159,False,94.53535904167539,0.0324568411699057,8.347951159640138e-12,85.89472473892903,1024.0851788908753,-26.067747510636302,0.008233280212098959,1.3026852431482951,0.9478149546086153,0.13273622134560348,85.99555528215792,94.99887763919574,375.7265090942383,332.1577977555456,True,True,True,True
160,False,74.16135011759454,0.10793445000435603,3.590763541007637e-12,102.84124309541157,981.0132965911037,-26.847561716824288,0.010554510124847828,2.76973709031978,1.0742113875336516,0.17733091652707225,83.4919906281931,96.77840325857105,269.7997856140137,105.37887373713416,True,True,True,True
161,False,235.29820193179208,0.1884785999632188,6.042175496954678e-12,91.42563796559315,1176.0969675392205,-26.233782355348122,0.01095071244497489,2.2532722792947952,1.400439725492504,0.6453659380442407,53.91690721874662,85.58727936603024,,165.77268147146393,False,True,True,False
162,False,144.05948401202764,0.09086536677684509,1.094953387432141e-11,93.26200575973355,1209.353499761424,-26.50163600119352,0.008327372235154515,2.1948583958103924,1.6616190493438097,0.5301133425540007,68.09657768648307,87.88845291131989,,306.8641294716698,False,True,True,False
163,False,124.1670773174334,0.09641244639654752,1.676081278787514e-11,97.05657331286442,1006.5913582172659,-29.504691868385336,0.011386395629286568,2.206224142780527,1.5182852713035295,0.5623495636104836,62.961534683948,86.14770112973964,,177.56404806598647,False,True,True,False
164,False,193.02938728963755,0.11084112344568359,5.294967389757027e-12,87.40540339373989,946.391377037599,-21.65316085390558,0.00848646918859895,1.4677034321418307,0.8872741512785204,0.30341524602943715,65.80366444889327,89.97183585185287,,167.4395346825475,False,True,True,False
165,False,224.3815607322551,0.1499348222168519,6.712268448009719e-12,75.57196868316325,944.5226974364671,-39.00680160179623,0.011194225135655237,0.8782027406703742,0.6032078644480684,0.34670636614129774,42.522903533671276,79.6336502313001,,287.6679529655686,False,True,True,False
166,False,97.72012330244684,0.16369933655379162,6.374666071936105e-12,85.96377122089025,981.932980360615,-27.487153848039416,0.01088466637722409,1.6044488747247165,0.9438813973976322,0.35284876072850047,62.617256606461694,87.9838179958168,,143.65783131539743,False,True,True,False
167,False,181.63448040793068,0.055049926615937314,8.102607698095234e-12,99.68427010627062,1104.6949169827055,-32.252532286788046,0.009277727109853312,2.8407410913944404,1.6650469816499625,0.35142754266662113,78.89383623767917,93.79687883473774,,243.6575816754409,False,True,True,False
168,False,98.70772205086621,0.1451285203870376,9.389615212092972e-12,95.01814336518974,799.1491965847799,-38.9548169304096,0.011090117638229546,1.4453330645917197,1.053223551632856,0.4029100171989548,61.745061950589054,86.16919334832438,,227.74094817422915,False,True,True,False
169,False,164.89559136116404,0.060947747036442075,9.668479751819538e-12,86.95584199239464,832.3604888014771,-27.298878409727276,0.008896685659201825,1.1860940729710596,0.9185432105934968,0.2654553634531882,71.10039458223528,88.5993924409542,,193.50581457747222,False,True,True,False
170,False,105.69916357801614,0.14126253129231273,8.488591871254746e-12,97.66631141798209,1052.922797862507,-28.76890687727347,0.007449811863221641,2.4355148196259826,1.844910282073271,0.5889504749323151,68.0770127059802,89.69298270694809,,279.70012530357087,False,True,True,False
171,False,151.59080796551933,0.08625990054588831,8.921490267069827e-12,88.77516634551114,945.0678542223997,-30.519189044966357,0.008193481845447948,1.427366475010454,1.19855841281488,0.37335701989971076,68.84949319884532,88.29061882187067,,327.1371039485794,False,True,True,False
172,False,100.83058525140393,0.056602899677447666,5.56665743127434e-12,93.8683804236386,1091.1171505276852,-27.269796278318267,0.009599565109406146,2.3221708053196024,1.3557406225249065,0.1694948204782343,87.49799056971752,96.40142458923123,317.45080947875977,198.76103099390457,True,True,True,True
173,False,169.29111297119155,0.12234266622422742,7.618353208417383e-12,96.72271668939979,1118.1257360428824,-29.12066701387795,0.006877575274670866,2.3643441302415886,1.5602029678439806,0.5291414211869386,66.08509071623222,89.68622030591156,,439.9126784521933,False,True,True,False
174,False,140.5149359245424,0.14046879041968593,7.176026787139796e-12,80.13542880027153,1022.0660842265805,-27.65474308219577,0.009103033332857384,0.9484480307136613,0.6946689206013126,0.3268699401483798,52.945938640030455,81.60555903744662,,282.60525460147477,False,True,True,False
175,False,152.36113266293432,0.10274370753749633,9.276591375194245e-12,83.00576386415419,1092.160141847877,-30.04381687888026,0.008413479615578659,1.4000754838708636,1.5537703645165153,0.571106810597274,63.24380850351818,85.66722441622359,,500.248673941853,False,True,True,False
176,False,111.91196068429498,0.08161796230768173,3.0996591842478304e-12,84.00409848059329,940.3331540984121,-33.13556076079919,0.008968120285820457,1.0420541020587126,0.5064276590158783,0.10359663190834385,79.54364654773019,94.77199207791051,,289.43722953606925,False,True,True,False
177,False,190.16659499262445,0.028638675395940137,7.469768235402546e-12,93.90108778024995,1107.0874500283976,-28.683994354326458,0.009767666362251178,2.274232434969451,1.6967705917379945,0.30703368452155516,81.90482048565788,94.48829530227249,564.9097442626953,328.4530670072741,True,True,True,True
178,False,115.69816611294189,0.05390589585123577,5.599591204110078e-12,93.5250790984326,713.4451257642268,-35.820403867682344,0.007819096991020444,1.3713501543099011,0.7664450857944338,0.11062401120485336,85.5666096299398,96.06455369301882,397.82020568847656,260.6876929260457,True,True,True,True
179,False,137.6879038389454,0.05898239206487867,8.631789571336458e-12,77.75843832150133,1003.3663761031373,-31.50539209015115,0.011850571209459964,0.8764464804796308,0.6117338532080295,0.20100496076374333,67.14176276012168,87.36354185153465,,275.9800174108426,False,True,True,False
180,False,139.68303933367304,0.039507308337190065,6.817276873419246e-12,93.81119068455656,1249.2468888318494,-35.72739241082051,0.010860373483153928,2.585000966581933,1.2501522159504643,0.16952369430760203,86.43975572376867,96.13628841885922,440.548152923584,252.33612426137555,True,True,True,True
181,False,96.94184382402639,0.04685694561182214,1.08137921255589e-11,88.42577772861965,1218.2354041957121,-32.12772779912902,0.011926518114474621,1.6944381636644557,1.2247144805889134,0.25258228081055034,79.3762313736101,92.09431557507506,,292.64457651278224,False,True,True,False
182,False,97.27002697160106,0.1514096428963572,1.0272994785681973e-11,81.5877330100811,997.9607425985339,-32.992681146737326,0.011103800788977991,1.0476247562978451,0.7369440481466449,0.4067416097828539,44.80698896941004,80.16494962392233,,249.5814220092655,False,True,True,False
183,False,184.04726133692884,0.0799996633118167,4.01529087242986e-12,74.42557889478329,1200.142397576848,-33.41086052265952,0.010274256470809534,0.9522205796355396,0.47839162007539443,0.17828673492890276,62.732053103103105,89.66815425898012,,379.78980663570695,False,True,True,False
184,False,102.20131212335254,0.1745040333607019,1.5310023326559167e-11,91.25835661024348,955.6020321685124,-23.83402495402223,0.00786817687521846,1.6893925318521874,1.56784464215344,0.8017478823476063,48.863053086280104,77.2987465228328,,251.29210558743145,False,True,True,False
185,False,198.18604721619388,0.1041004628208067,7.141607461980584e-12,91.46909799559862,846.0215816062632,-25.91121333327757,0.011561262272914869,1.4533673527015205,0.9906412224285313,0.3624487646896965,63.41271123352179,88.5778355204828,,179.35610135580544,False,True,True,False
186,False,109.75460874544704,0.05487642863192594,5.965817652187911e-12,90.7684689607437,1015.4354435762506,-37.795637911920934,0.009986682781145098,1.5542373705705073,0.8825780678188597,0.1515403955329389,82.82980270431544,94.94158339159581,456.22074127197266,328.3999342343931,True,True,True,True
187,False,121.76365065328022,0.25,8.599930663438334e-12,94.46262923991995,959.3524336888876,-27.41846821637702,0.009725300495853094,1.7875333936576454,1.1421909602201472,0.608884647785424,46.691519282549145,81.6123056004599,,175.12226877945164,False,True,True,False
188,False,186.5050382872079,0.01884244316639536,8.631379954945637e-12,92.76976084816476,1050.5375193859381,-31.447657081076635,0.007416837651698866,2.0373437514086907,1.7386509669976633,0.27985396118368133,83.903959650571,94.28946833052517,535.7979965209961,464.6561726868142,True,True,True,True
189,False,151.7309984022243,0.10758511554117212,6.802133714241383e-12,82.07240268395842,923.6666237936256,-33.06978194238535,0.01034811350805503,0.9500190772975381,0.72388986871329,0.2721077656819722,62.410336510767564,85.23712810307896,,209.0779563247141,False,True,True,False
190,False,103.1299145727499,0.2055959489915835,8.301117881662125e-12,80.17184472097864,1279.6462086517106,-37.950805418343464,0.01230881510957154,1.1988442932386076,0.9097007357013411,0.5385614858913095,40.79794983609625,76.3239817035266,,353.93138076091697,False,True,True,False
191,False,157.8487256539795,0.06852824434678968,5.458934621205984e-12,92.8835063832304,1013.3092648852881,-29.797990898475504,0.010855964791040923,1.9187716458892334,1.03304168736323,0.2175071041153805,78.94498288151827,94.37220323340905,,201.8908424277563,False,True,True,False
192,False,101.16050784814261,0.25,9.341158353104427e-12,87.50998719904383,984.4657189602319,-30.107738920405765,0.009635198844948142,1.4576453962100655,1.0248723599097853,0.6227896669580938,39.232465298125994,79.15551543779631,,304.9582976033623,False,True,True,False
193,False,114.96114385491225,0.08515084555249876,1.1116606835593514e-11,99.81783652762107,1253.9696979427877,-24.11069532972824,0.010579268187338694,3.1425987254908017,1.8782452897765956,0.4902530285215952,73.89834910327887,91.87717638747073,,204.31692385267746,False,True,True,False
194,False,90.37397532357232,0.12385321878783632,1.3359191889859247e-11,81.89358127254923,1048.7855129225604,-25.264870032790142,0.008600589063060556,1.0430037461203259,0.9676789196188235,0.516079352013234,46.66832752577458,77.8410773110487,,328.14150740683243,False,True,True,False
195,False,141.74893246233185,0.18010892385599872,1.0411451198461097e-11,93.45939729163912,1034.779181697888,-31.767271455816406,0.009795280103408504,2.0329687888680192,1.3919309316983042,0.6550737353406932,52.937770084508905,83.3092970911814,,252.41636921035163,False,True,True,False
196,False,116.07113528155158,0.14931908307365027,8.67723622426282e-12,79.31841015166724,937.7223804348031,-34.98907352697322,0.011592428352817768,0.9238323105361278,0.7329903541930767,0.36442060254611763,50.28302890188841,79.79971479145355,,282.833679069221,False,True,True,False
197,False,136.7316623261353,0.14344907656854172,7.808523473807732e-12,75.4855913744038,1035.166675916155,-30.450316222334656,0.010043484136814634,0.8561152185150394,0.7842831715803881,0.3926708989933076,49.932509937444294,78.55597790660754,,374.4516924276727,False,True,True,False
198,False,98.45597454627627,0.06102921661189512,8.496658599427263e-12,93.5379341551974,905.5996835959819,-30.533362717641882,0.011181993455122783,1.8033436583800995,1.1587826963722465,0.20266599737321658,82.51043979102425,94.07409598744478,428.3528137207031,154.039028417115,True,True,True,True
199,False,154.5401038106506,0.12337343376058497,5.9822954039701255e-12,89.57911131162163,881.9995236824857,-37.92996482101153,0.010829635202846851,1.4606529445404675,0.9046372381484371,0.28452569742609085,68.54808917567414,89.77770967565293,,209.52548823582327,False,True,True,False
200,False,133.95343947651824,0.058534452139573805,9.13711469104297e-12,87.6898895090711,821.7065705751592,-33.1065760268154,0.00902878039208294,1.0652499269168842,0.7671930487232863,0.19989095629035597,73.945155443861,90.26407848046017,,294.79521637962,False,True,True,False
201,False,235.7157804325609,0.06440575975255096,8.831187011977655e-12,87.74694287249947,1022.5611674989889,-28.758304432434308,0.011502535513647976,1.3887314702711213,1.2221415827380482,0.49945380103813786,59.132901777290236,84.80814902634101,,272.4857894993312,False,True,True,False
202,False,226.23943076033288,0.05268350932194379,1.3562656236331635e-11,97.03920300114662,1076.515973300689,-24.360515212330263,0.009097994284748794,2.468818149555217,1.6247885961276398,0.5898621186644654,63.69606974899477,87.11960801113965,,199.70793283389324,False,True,True,False
203,False,99.73918452481817,0.046953130954121756,1.760096758610179e-11,97.34431041536216,899.64120222129,-33.449331536150154,0.009850405336976148,2.0423233377441146,1.499454021137951,0.3280102272857731,78.12468920942018,92.13424392780118,,317.904214235124,False,True,True,False
204,False,166.74359575083244,0.07694075038322538,5.963959097639854e-12,83.42259892633581,1039.9118793040448,-37.71227714359986,0.010168144618127,1.312842155210697,0.8853594251484537,0.2616449278473616,70.44760349126119,90.46706326390724,,281.6101834899416,False,True,True,False
205,False,106.07570350324794,0.21343800251071054,7.835667786206948e-12,95.10118236660513,1132.1008882653782,-29.562626290756675,0.012248729746214274,2.3604336310014356,1.9543097475166802,0.8629746105755334,55.842485477437464,86.51387245284886,,258.3691616357756,False,True,True,False
206,False,152.85700853041817,0.07226602118628153,6.868358503161799e-12,80.70364472250606,783.1558586673118,-30.18256768539148,0.011824836009669937,0.8866964012570071,0.6673762895671068,0.2020270482992419,69.72816513600047,89.44731047598906,,180.91980803085934,False,True,True,False
207,False,142.36174783142192,0.02372605512550218,1.0357761658203094e-11,83.6908234603342,1091.0234039573782,-32.04193855178083,0.01378662431542365,1.3187398391826592,0.9434248080694315,0.1613315040569162,82.89937865985786,93.00388345591179,540.1173210144043,150.7766820589252,True,True,True,True
208,False,108.90114094726968,0.01763685569750994,6.545150500422224e-12,95.9306411996424,797.6637707041946,-29.076303730042426,0.009061473304431187,1.7314111610063239,1.1624846241275053,0.0567666018959682,95.11678686171234,98.40310623988778,277.7620506286621,157.9342725118632,True,True,True,True
209,False,107.45144970222806,0.06820728522356642,3.6003139782058115e-12,89.46525462707045,849.4528552920312,-27.668150438767512,0.008711274054849456,1.1852414532849538,0.7245351027399627,0.10690627775538031,85.24484495629065,95.75634683767292,365.95298767089844,206.74442381161919,True,True,True,True
210,False,83.86896141992314,0.042482888648255314,1.0115659182079006e-11,91.19133612829678,1171.8549467707778,-31.536418348707024,0.011393486921754398,1.9877966871646595,1.3545090467716032,0.23819268104272023,82.41483276834221,94.47582395543623,407.90014266967773,375.4944181744863,True,True,True,True
211,False,78.17166331016838,0.07818664401519679,4.354680683725656e-12,97.10794674884737,1127.4571334337306,-39.25153048440429,0.009793236321267962,2.3364207613477785,1.1529946115700744,0.16948054426258413,85.30083813385768,96.18527616961558,267.7048110961914,228.97063567982622,True,True,True,True
212,False,104.35172837121536,0.022121935821528074,7.489124766752333e-12,103.87681991015283,977.6858293006743,-34.73581623657588,0.012106959895145344,2.730953950900393,1.6672425063322998,0.0950762935346908,94.29739266042074,98.35894779020315,272.83443450927734,199.15008970659503,True,True,True,True
213,False,130.46367956149578,0.033418756084166244,4.264111688601739e-12,98.68159104196818,1213.7072314044947,-29.38451407368341,0.008595400232369028,2.7684107667510935,1.2898792353566175,0.09923369192351958,92.30674553063226,98.05175604228955,319.61387634277344,149.20095164669817,True,True,True,True
214,False,225.31391585106536,0.11195609835624601,1.020032624201294e-11,93.3995308973772,982.4577601000809,-26.575784071621513,0.010694776751835175,2.1359621069790564,1.4047910177184575,0.6355177049793305,54.76069415566989,86.45887421301808,,250.6835325958024,False,True,True,False
215,False,134.98714481294294,0.05970703318523834,9.117521907708658e-12,81.34512842227213,768.4152462189851,-30.05758070358447,0.00821905664227016,0.7672110609474386,0.6279423218481897,0.1838774724850575,70.71745826211226,87.64318260969193,,251.68877105008877,False,True,True,False
216,False,129.11755664713408,0.21110105102686091,4.740239591011338e-12,94.71753721487997,1191.2863146372108,-30.891787872743055,0.01123457878281027,2.368025140596464,1.1385936786415338,0.4642908899832237,59.222425111548716,90.1025477073318,,236.1381713139018,False,True,True,False
217,False,81.82429339970048,0.05044707778434543,9.198819004827983e-12,87.04172443933163,1104.983835842397,-30.972768550678705,0.009939849166294654,1.5144608846054513,1.3890807016757756,0.24562925755350107,82.31713555179509,92.62125513772608,390.5207061767578,324.8269787986432,True,True,True,True
218,False,180.0886920707803,0.04096710504237935,7.597876415136785e-12,96.22729926406768,811.4580714712004,-35.173970286087034,0.008795212461041788,1.5370400196669378,1.0988679296028478,0.22238248296783356,79.76258320249579,93.46367711880448,,296.9011212287275,False,True,True,False
219,False,74.40023669146527,0.027526933472215118,6.995524835944874e-12,84.36402368663603,1087.6717313240272,-24.77563866301792,0.010098600095887925,1.2767968369252591,1.0686397753161683,0.10283581694476798,90.37694279025474,96.1495220341661,251.27639770507812,236.14441289366755,True,True,True,True
220,False,107.74668223193098,0.06270010987671049,8.564350767238775e-12,101.33574152135796,1126.7742457535896,-41.00328618699502,0.010511448725083175,3.0615611675742653,2.1450626314852834,0.3201186669618677,85.07648857132851,95.27197011496774,378.0280303955078,325.88700611407234,True,True,True,True
221,False,153.62239602995587,0.07895457905009354,8.080816893538767e-12,92.22591921470344,1114.2026185350792,-36.0534364733451,0.010584038480212492,2.0891144994440176,1.4716143020974661,0.3713548450722445,74.7654773031929,91.23907972727902,,255.1206706322775,False,True,True,False
222,False,118.70521699022994,0.21029964068349333,6.92085862924302e-12,82.07444951037347,1120.3098331163053,-33.65182909460494,0.008672650410360534,1.1890125926632578,0.7128415025419037,0.4133916134373745,42.007920138870745,81.29112435720758,,431.386566609634,False,True,True,False
223,False,116.7534132053247,0.05254016652024296,9.635029364553774e-12,91.3780286408419,1036.2583541657514,-25.553317266080963,0.009679164887761087,1.58164669705593,1.2236331897720674,0.26038742096177364,78.72014071387869,92.34059579060849,,254.06410187643922,False,True,True,False
224,False,107.4933277017691,0.11312037766854503,7.656600778659483e-12,90.43752535485,932.1711848080641,-24.397313791341407,0.011577698078126943,1.5043734490121587,1.176098221940566,0.3665667005960096,68.83196541261891,89.40553643707054,,206.750261678372,False,True,True,False
225,False,202.0382293358602,0.036069831239096115,1.715387373346769e-11,83.28126349925591,939.4888904092602,-32.31007300897937,0.011030692866508731,1.023499969259476,0.7192874655635996,0.3364304419034683,53.22726197656491,80.69682105412419,,199.03536636759864,False,True,True,False
226,False,163.2605317850481,0.25,1.66025872937678e-11,83.4591738064671,1074.219812039866,-27.910916889622182,0.008939099821516671,1.2878561776859871,1.1567120363311976,0.8443995600808069,27.000019576261014,65.58196834376241,,289.5031481295586,False,False,True,False
227,False,259.4358798448625,0.10376146930975513,1.100922768466414e-11,95.10576573241363,1159.0353758442434,-29.994530848921237,0.00940644835872533,2.2890081963598012,1.6521334208954528,0.795988864524368,51.82054581929928,82.59418342871645,,250.80308965571376,False,True,True,False
228,False,147.24859110333455,0.13406413317319663,1.3458595271701377e-11,87.64020518111691,835.0599770260718,-35.230764216559166,0.012868580830287274,1.2772409578074237,1.1410299243963098,0.5637919362412235,50.58920680458827,80.80104601406359,,246.04551575033022,False,True,True,False
229,False,123.47332729008384,0.12076947037985951,8.901243885899434e-12,104.47521512864328,906.8248470223019,-28.9509369215154,0.010758847027767478,2.6598670702110865,1.599850357403372,0.404601537474589,74.71003862315753,91.74937260366954,,122.81693078900359,False,True,True,False
230,False,124.25992490022402,0.05705564734709136,6.065238559568075e-12,72.01943612496795,1047.4518815921695,-32.07574389103306,0.009499139597267312,0.6234612069746831,0.4177954252615204,0.1319298980964312,68.42236891084931,88.09167466356568,,273.7436737419964,False,True,True,False
231,False,105.75126945322198,0.25,6.0010319049144244e-12,89.46117543636706,1007.3009643326042,-32.86543462188708,0.008181948173131814,1.451320054447577,0.8466758982531333,0.44985687990927126,46.867876971882794,83.55860769623284,,332.32245878372714,False,True,True,False
232,False,176.4889057568059,0.12624399638908265,8.839674680066551e-12,81.39269122435742,1274.2564906626694,-29.099770288918663,0.008746265284684725,1.2961591569386561,0.9139859322096461,0.4771784197780795,47.79149186416291,80.80677252313012,,416.6411221225769,False,True,True,False
233,False,196.83893025922623,0.14086489335558708,1.1395231481632205e-11,88.38027040451244,998.9889760149399,-38.13562225370897,0.008057561124042562,1.61553118815674,1.2691177816320016,0.6246492034224366,50.78083275933783,80.02811661668574,,347.01070298928465,False,True,True,False
234,False,143.0748966939303,0.11450871509073834,8.369578284423922e-12,78.67062709094274,904.2912575753444,-26.53270243381103,0.0106859423785559,0.8678662240278151,0.7940017681005701,0.3503795155973465,55.87169579791584,82.34580864949965,,230.96616298041735,False,True,True,False
235,False,319.57173654273527,0.16157759499263158,4.3679709624905276e-12,87.6645998086694,964.79813935528,-35.42929577817371,0.010984719697393324,1.2815985528389486,0.8592541065696097,0.4480404503007144,47.857048703622596,83.8847273250999,,237.91501376607567,False,True,True,False
236,False,150.53215082396227,0.1420911136545819,4.911437133679767e-12,77.61494329895083,854.3130354397942,-27.5233795673058,0.008722131441354397,0.7249078166820225,0.6259710769831752,0.2611546420907187,58.28007847433852,84.39034314243729,,245.8204172687467,False,True,True,False
237,False,80.83926997299776,0.12734608323819913,5.913307262027439e-12,87.342064141897,1222.5578182593665,-27.86615982283672,0.010367066663464989,1.8130521495426264,1.1248649447397707,0.3614305660138308,67.86898127601931,90.07797220960218,,246.71669366158523,False,True,True,False
238,False,155.25562821913027,0.1899061594407396,1.4126022205313603e-11,86.51533870027669,913.7252675317723,-28.552862326301756,0.010918208213203993,1.2436497548546444,1.1257069121705587,0.6848300453704382,39.16444520626005,73.43422434217418,,196.4733327922315,False,True,True,False
239,False,110.68479471187861,0.005841746630043253,7.986595849516384e-12,78.7224020255109,926.3007480532957,-27.712052506168273,0.008311785964586354,0.9321071335637652,0.935687095418317,0.04015816369774007,95.70816313547783,98.00718516694035,336.5507125854492,173.86956265625133,True,True,True,True
240,False,137.27173023221513,0.08883321947015664,6.286239992678196e-12,107.55097803069404,857.2101056238024,-25.8025526382191,0.0075307618569703215,2.799419032580464,1.3385719345529188,0.2448702761761254,81.70660314509644,95.59364171510633,513.7496948242188,157.2885230372305,True,True,True,True
241,False,71.64240769483847,0.17770664018664348,7.331981768676674e-12,98.48679002637081,768.8007821626873,-32.987095783111606,0.009979660425485187,1.8699435200317736,1.1042864520062436,0.3902238111787566,64.66280914070744,89.45532150166046,,199.50894213272562,False,True,True,False
242,False,76.91896070575713,0.01587367312944264,8.477478060242373e-12,99.89866791972148,1133.3469128293486,-29.295294991626843,0.011242625702016198,2.915649092595815,1.6695980889807456,0.06899099217359407,95.86780838880142,98.70311726649,206.33771896362305,123.82428272657786,True,True,True,True
243,False,94.08598771891091,0.11596568816922427,1.316499350065506e-11,93.45973462809029,1022.8910348910878,-33.70946152689471,0.01162303014699395,1.931241400154749,1.532292396645209,0.5543759665744009,63.820484407013446,85.19472069817037,,199.9581873663754,False,True,True,False
244,False,102.7588433248165,0.12271574242070446,9.070695061605239e-12,99.90196152930268,958.2582702589324,-25.09091223628918,0.013427316889026342,2.548295877255201,1.563692991032605,0.45154493461402095,71.12317205464754,91.30741283795982,,131.1052243807135,False,True,True,False
245,False,134.50438823865284,0.07718344690717649,4.465277051540563e-12,74.40908505434945,976.2947310313375,-23.69017541434109,0.009499731888736068,0.7350607713966342,0.5423112254085534,0.1613064661447347,70.25573903191594,89.9963049586407,,314.75550820241574,False,True,True,False
246,False,120.71698424296096,0.04253755225492695,6.04675607308812e-12,100.11702847208915,901.1947098060075,-29.779949934141612,0.009322538058241677,2.149358556868608,1.0860562751172589,0.11675165995838525,89.2499437981904,97.07385580908957,350.00802993774414,182.61281504482056,True,True,True,True
247,False,116.8276680008459,0.05143586995728506,9.814655927533203e-12,91.18561459136988,988.692275500448,-30.210978964264935,0.009836872886672867,1.7114988462688372,1.2170041071000801,0.23462710411481622,80.72092750172439,93.05195430832336,558.0437660217285,228.922443924944,True,True,True,True
248,False,137.218758536861,0.19892588446721413,1.229930353367675e-11,82.34052299212762,873.3955890759411,-24.163417775252537,0.012580163209291187,1.1229671186537558,0.781627129071063,0.489056448461649,37.43097824113708,76.44747947557504,,171.7188214297909,False,True,True,False
249,False,77.71592394230346,0.06767391482202453,5.537882750546014e-12,93.31658368338414,1046.9311687638854,-26.773742878647283,0.0119636067465683,1.9600316255841075,1.1792303313986923,0.1915382460307376,83.75735079646799,95.5010964890602,309.8880195617676,185.50474972787308,True,True,True,True
250,False,87.6458266767962,0.09658584821987258,1.1077919087030604e-11,94.33656769942442,922.0300126204353,-27.36551643931526,0.007948079816145115,1.734328439920263,1.1673868587420928,0.35267878380430046,69.78903941197983,88.96666184419212,,217.82063537267632,False,True,True,False
251,False,103.9725249368155,0.15706114095807355,8.021572928954729e-12,81.07881885898492,1027.6115000925683,-33.44093492654741,0.009679211257213985,1.1729381239460666,0.8682141511213484,0.401451928295198,53.761185788471685,82.07357556297028,,237.4893538118439,False,True,True,False
252,False,96.9132911963212,0.05938845578526827,1.022043637892261e-11,91.20951704809958,1065.9707236155605,-34.29826394062095,0.010338876684482702,1.7165005783860374,1.1515588790862403,0.2541537696754976,77.92958968132241,91.96711107328626,,264.5986814850182,False,True,True,False
253,False,121.97261669412528,0.05198131182009508,5.284420671421825e-12,94.56842354232482,1099.2873554438602,-34.125668530413684,0.01199780223419104,2.27030131566293,1.2217088175425581,0.15665151125586926,87.17767204373867,96.49209706704114,377.7329635620117,177.831855396506,True,True,True,True
254,False,154.74177503078405,0.07221395752505963,5.3794271847311464e-12,89.46466362173022,997.3296814775086,-31.719645889463564,0.008874831480235556,1.3372016760953913,0.8358455621593032,0.21684236653837954,74.05712534045234,92.51295631364084,,363.56068441163575,False,True,True,False
255,False,156.45040888429634,0.052002108412019285,9.481718685537355e-12,88.55675358869495,835.3285497031845,-25.165354305257427,0.006722539267784457,1.389282712049605,1.1156645037005215,0.25767518174802495,76.9038827628424,91.39522399645647,,279.45214116626147,False,True,True,False
256,False,147.2737778990701,0.07459902006853328,1.529867528343311e-11,99.21282119918718,1031.6064712458099,-24.166921081227407,0.009824308102603097,2.4430072890174106,1.9045963298303359,0.6417915323870916,66.30301537731813,89.84715835176725,,319.4874865604198,False,True,True,False
257,False,136.84828411164332,0.022770436025739974,8.953729724979707e-12,95.472236131566,876.4426349384132,-32.522042299342836,0.009189901087558338,1.7718697083947255,1.0521112435680868,0.11703590108005078,88.87609064198003,96.41410107595017,424.5804977416992,194.03585240578917,True,True,True,True
258,False,152.03732525728634,0.10392474754916538,7.90381822621145e-12,87.38710514269653,1008.5934538425033,-29.941945441080307,0.007656096890774079,1.3184382473530971,1.0318561614192292,0.3630083263404131,64.81987122690371,86.4105180725644,,264.51251825229457,False,True,True,False
259,False,228.78826536950675,0.10510556004863762,5.3839067097782005e-12,98.89683998776894,861.1484813262075,-28.045561013210122,0.01052597895524006,2.269287938689611,1.1494813845619796,0.3427892185467109,70.17879339756912,92.58082277105906,,130.42245858493874,False,True,True,False
260,False,95.21514496712169,0.06290378800897235,1.0132736050428519e-11,89.75970084086002,955.6348599109135,-24.640481171799713,0.009645203915458119,1.5034417385200078,1.0848820118278117,0.23818492108831196,78.04508522663977,91.37373742088688,,123.76125844136294,False,True,True,False
261,False,79.56438547606221,0.20780400265568855,8.374448638215302e-12,111.68480958922544,911.0859702256028,-37.94378248937973,0.010250037355205221,3.4131387120770196,1.7989965592472776,0.6694569607039007,62.78720171738351,90.80673106908776,,239.57423245511646,False,True,True,False
262,False,163.71385528932856,0.1640082925293694,9.447493920690924e-12,103.02609256788381,839.4229821104414,-26.34938322481777,0.010778350254764446,2.5106257607138227,1.5336024116694906,0.5803236430378781,62.15944637136208,88.78785536570993,,136.40084114612083,False,True,True,False
263,False,76.57671566308676,0.217378629583466,8.886158323303869e-12,91.92903886310756,1040.9528463487184,-31.894471638763093,0.010540055735324912,1.7280034140853742,1.5225788263632032,0.7473124413309982,50.91798017998113,81.40955955933809,,316.88158097730695,False,True,True,False
264,False,122.47309959549253,0.16935714391041162,8.451359612512883e-12,78.26247827536793,954.7611148754336,-31.03276281901786,0.011379022693833767,0.901838300827972,0.6973976809999017,0.3709465836313245,46.809891438199834,77.80551380897006,,226.96885284241057,False,True,True,False
265,False,102.0523072966517,0.19167655772635714,1.0181841601159365e-11,94.37468595756292,1110.7442586193802,-29.964820085891883,0.00838627093958029,2.036352943362397,1.544021366855713,0.7981183776283652,48.30911056278481,84.58609155499032,,540.9081189485834,False,True,True,False
266,False,202.5117585553444,0.03769987641063077,6.138075812496944e-12,83.76849404235949,792.8203333231206,-25.026364903172997,0.011809218087664329,1.0329981897618477,0.6612594187867091,0.17882444624709004,72.95699068072248,91.65034408233169,,144.0264849757919,False,True,True,False
267,False,133.50853831705174,0.0723564288379709,7.505642259844233e-12,84.07420438854187,924.0597895294927,-31.73187038808266,0.009304353995058481,1.0205716549616553,0.772675894429877,0.22908257523641176,70.35204839599125,89.17850322646831,,318.7564891140991,False,True,True,False
268,False,197.7849670324184,0.0947788663330172,1.008545503623966e-11,98.32156447829125,1105.5595832702345,-27.26180235489713,0.010688210998749585,2.8374202318208077,1.6839958403571076,0.5685274013739767,66.23938208461281,89.47927272776045,,205.42065479019976,False,True,True,False
269,False,161.85206685687194,0.052678706656601994,2.0199016941458984e-11,104.72001929559626,1088.214154456432,-30.85961132447363,0.011592041204941613,3.756207723302664,2.6574457938246714,0.6904572278090372,74.01801273186793,91.01352408023176,,228.60730719706794,False,True,True,False
270,False,112.5875358141549,0.2180724157461091,6.477163117852565e-12,104.07683263210781,835.6220149485791,-25.507549283265714,0.01033956053415802,2.4384852783470587,1.2810446243646512,0.49522836495856387,61.34183341160515,90.30510103969321,,149.42083710577884,False,True,True,False
271,False,104.52283370857108,0.05273159934333246,6.142583184835315e-12,88.29484447990926,929.7334002619164,-29.49017314303811,0.008717685408277111,1.3740375990778733,0.8984089439585371,0.13166382247826763,85.3447783035045,94.78742025376474,378.17556381225586,202.75353772992565,True,True,True,True
272,False,93.47877865460173,0.16562671642217752,6.0853738873812186e-12,76.82595139038824,833.1719168311457,-33.141969565253724,0.010726495632914518,0.7368119395735278,0.48367566344052315,0.24801348696390732,48.72318255590605,83.18850169298086,,288.3684861434229,False,True,True,False
273,False,170.59241338860252,0.12605583443841797,1.0037413466899804e-11,81.22694081580393,1082.35043738448,-28.750583846735044,0.01315986511482867,1.130364538922721,0.8523667725013773,0.4567976945916383,46.408317483903296,79.89374585867704,,205.563445890201,False,True,True,False
274,False,96.15385528056717,0.050663902047892936,7.419551319085488e-12,85.09042811287453,807.6687929717211,-28.944146295497735,0.013531103227511415,0.9546396232937152,0.7481846954764508,0.13893603156688084,81.43024945486152,92.90764801095742,480.9609603881836,136.452600403819,True,True,True,True
275,False,93.21637255560158,0.21203678775507792,6.918587579379029e-12,84.32710173016075,1042.6279767899925,-27.46453178503888,0.011351061593437985,1.3832400763122255,0.9438323824291839,0.4852753180092438,48.58458694114003,82.82662540364029,,234.83115519912513,False,True,True,False
276,False,99.5103553888831,0.0407404361280235,6.487436216796805e-12,86.80467741738923,875.4057468796024,-35.62639842983543,0.010365119665424286,1.1591378325516286,0.75929433751845,0.11139787634001658,85.32876240008707,95.28641774664874,386.1514472961426,298.99765955108586,True,True,True,True
277,False,109.15738591947506,0.005998858837759665,4.306098214772815e-12,92.16038321858784,1060.125323916412,-20.14965513984804,0.011048244669192412,1.779262951543549,1.1015133378987099,0.02491871155118909,97.73777486900657,99.35360115344331,261.5787696838379,131.4230428634775,True,True,True,True
278,False,162.52051213321394,0.0958101549686245,1.033009699921606e-11,76.70373724234116,802.8588289137314,-28.404998840811235,0.008238565908564506,0.6086116691988113,0.5774374622505817,0.29093508813395313,49.61617367185981,77.20601145155435,,298.0367884952973,False,True,True,False
279,False,149.6775565106338,0.019684453737918085,5.28542266240506e-12,92.62248086120546,990.0354093430121,-32.18982115253833,0.00949473242473027,1.5756103341142405,1.0325076652272815,0.09227720308781116,91.06280697029997,97.00750951175434,395.9590148925781,184.9999889509084,True,True,True,True
280,False,174.79857206344764,0.23952908627949482,7.0454918505917705e-12,80.63537864791819,1215.8028787945216,-37.023165356983995,0.010218649852250336,1.1702137855937054,0.5519168440636689,0.370328837509463,32.90133441429411,79.89860715769589,,346.80962813956074,False,True,True,False
281,False,131.88708142703453,0.07432420045972468,1.0308320874172792e-11,96.63417875591885,877.4635160482823,-32.04917562048079,0.011577273797924515,1.859798819679293,1.3811909961521296,0.34563316677085415,74.97571532584877,91.67873339233411,,278.45593466619596,False,True,True,False
282,False,212.4790053766879,0.017639799300272277,8.095483340816762e-12,90.23261255528121,974.8730220523158,-30.225363623997634,0.00925689355558109,1.6339455372552762,1.0359376326590988,0.27094192086562463,73.8457304451662,92.61205955364912,,363.93354470571205,False,True,True,False
283,False,161.17470179503246,0.05754202177012329,8.638890831772946e-12,92.12204406300077,850.2223151805433,-27.43789919615821,0.010188353288530497,1.5006412231914281,1.2749121058461588,0.2818829382192179,77.89001006997793,91.7111410361513,,187.82004354002189,False,True,True,False
284,False,125.26577192298278,0.06451931372469606,8.610107397195669e-12,92.05916629895272,1078.949584201515,-23.68444082884358,0.008927882640557229,2.0540615246201726,1.5377235331730712,0.31355471137349455,79.60916220573937,93.00065840240896,,221.9230954753023,False,True,True,False
285,False,101.54258302018935,0.1369780668158615,7.276523561996648e-12,103.51292260612084,1021.4163624708103,-24.522175234555426,0.013793012054597108,2.567677417623717,1.6132106890593325,0.4449004160318245,72.42143143179598,91.51169492746666,,118.77010259781012,False,True,True,False
286,False,167.54464184464624,0.09318516411713261,1.7486854883262604e-11,88.59014993265195,1010.8362499652188,-29.297542216117098,0.00929288650194202,1.5854446052562234,1.2963630405767754,0.597832267978628,53.883885202972024,79.78123370308377,,266.49833777891695,False,True,True,False
287,False,72.19105142884732,0.0341757545374377,1.1950571323199364e-11,83.33146164391364,1146.9813726711673,-30.24163636662897,0.008655392656371868,1.2924320042118156,1.2507162594489056,0.218503617202304,82.52972122561341,92.25158423917715,369.05345916748047,516.8375487936663,True,True,True,True
288,False,165.06860979718468,0.12878129383727446,1.6158047759975173e-11,89.90750954791787,1037.8114239215113,-30.897846708003588,0.00840383262545097,1.5676043151015953,1.322015238990259,0.7169048765532365,45.77181446858353,78.00992408008166,,414.8703424042917,False,True,True,False
289,False,167.66108304357604,0.25,5.222112701089568e-12,87.19021810999604,1065.1238374776308,-28.917007681063573,0.010917845749000748,1.8554149467372865,1.1121654336352846,0.5429481121323021,51.18099378816403,85.70736218395454,,155.90022802332857,False,True,True,False
290,False,125.82825371111986,0.07896432118094472,7.95574756313712e-12,94.66557923153029,880.3149481403105,-30.739159253158654,0.01030545492179554,1.7544990295888936,1.337064756827076,0.2774411946388607,79.24998073412368,92.47106301758728,,180.626243351293,False,True,True,False
291,False,96.68834478129277,0.015699563716562268,1.0887611660523631e-11,102.25082718266957,1093.4118987229604,-32.68687669315764,0.011481423272527618,2.995197173696994,2.3453167765095704,0.1150991963915486,95.09238165418125,98.31418553163111,267.80467987060547,241.9004074216903,True,True,True,True
292,False,101.25481735557823,0.01564913707532084,8.222954725720449e-12,99.93183087353236,1158.5541550781186,-27.993520991014332,0.011481774250688014,2.7442430723013786,1.8632742569645881,0.08837646503074491,95.25692663329569,98.45171604508255,272.0672607421875,203.74065013129845,True,True,True,True
293,False,97.89496750217675,0.02819117894449427,6.9499733175504655e-12,86.16980700545102,959.1178418796512,-28.93012095763769,0.009498697418169078,1.1199879542198368,0.927838348529348,0.09823640944395431,89.4123357156274,95.83679175882405,333.4207344055176,211.9874496412258,True,True,True,True
294,False,138.35005272526962,0.05859422998969767,5.4754398717698705e-12,87.93030692041478,907.6161038430693,-26.27807198995004,0.010409652936389636,1.469934173042342,0.8097226746680866,0.15887100748080127,80.37957779236896,94.78597871723531,583.6669158935547,194.87170540443793,True,True,True,True
295,False,109.22361075696813,0.17575014114603096,6.121506102859127e-12,81.73211636002542,913.5219366392896,-33.30785960688772,0.011107050347145158,1.001448047935219,0.9034968127344646,0.3940329465936999,56.38800922815152,83.1585498765488,,302.64091114095476,False,True,True,False
296,False,87.17181231243414,0.010600735368632635,8.058086760077e-12,87.14976220517637,944.0307656102806,-30.630938751734355,0.010420341460567523,1.2794528767339086,1.0091593113499995,0.04065729264415004,95.97117202538013,98.3203957360341,256.71016693115234,175.48356342534436,True,True,True,True
297,False,176.12392443481994,0.11908761089209323,9.147354161567631e-12,92.13606518771114,993.6522846827704,-28.997274131137026,0.009633240024179512,1.6128565221944957,1.3187248961887919,0.49787009592546827,62.24609868484716,84.62959264082141,,241.5613928276689,False,True,True,False
298,False,128.13019742062127,0.25,6.34168987653374e-12,94.12230990743129,955.3500131549986,-33.21729721195896,0.010602524404853202,1.7539133530059625,1.0198847908172148,0.4900823330607204,51.947284882243764,84.62279999939064,,193.5214047402481,False,True,True,False
299,False,153.51686694217884,0.13854900550240404,7.826934199032838e-12,83.48507584338778,890.6515088040896,-35.921481234989656,0.010152922281553874,0.97046070266869,0.7003670973902667,0.3230361385901931,53.87616868440821,82.15438527400025,,239.68206429927886,False,True,True,False
300,False,108.643433357348,0.039549447625054995,6.234550086760147e-12,82.1225853553791,906.7167580566112,-29.054180513883995,0.009564731262981581,0.9797349412894203,0.6400201206638696,0.10869719120662616,83.01659780728792,94.54674820297714,470.9332275390625,268.63506505103175,True,True,True,True
301,False,138.05936670087638,0.023573951483123398,4.307606678539845e-12,94.16393594159796,942.5960746878474,-30.26979693884955,0.008834757351480165,1.8215289676944373,0.9318907475127167,0.07067932706542632,92.41549213209011,98.03848737397071,349.7243118286133,196.10873921559235,True,True,True,True
302,False,118.90556336250745,0.05369347210560762,1.4681372811743107e-11,101.27428129471588,1072.440370678748,-20.495682953031128,0.012309389627801022,2.781645160937477,2.140489097034531,0.3992781283137659,81.34640681576316,92.65094084851964,530.275707244873,122.54837127683997,True,True,True,True
303,False,91.71282600477124,0.0582070858741865,1.4124815909391516e-11,81.61198387426542,878.8063293120822,-35.26924237525515,0.010602573172700375,0.856161365736882,0.7824085525475851,0.26545950064714113,66.07149809613102,84.81771917117523,,333.08578852186014,False,True,True,False
304,False,82.06914265530334,0.06731275807631446,6.593719269460267e-12,92.82895757393005,990.4908659478873,-25.648291415605854,0.010511387284740482,1.7047806551750815,1.2089079631725608,0.20377029418504697,83.14426735594589,94.19715758986183,342.835636138916,155.85461753004842,True,True,True,True
305,False,216.62149077566704,0.039955132005616935,4.761330306884415e-12,81.06242739925479,1008.8846535345983,-25.773188376201837,0.009726816385011291,1.1797076520776093,0.7818141373287018,0.2033477127736917,73.99027427816935,91.48995359442094,,233.06495273870368,False,True,True,False
306,False,86.57458533032819,0.09361223450109346,5.110611278097765e-12,100.81291176774369,1030.2001701403117,-30.7737665961549,0.009768789715518467,3.077392704094744,1.5693738732288665,0.2513807717500472,83.98209782651406,96.27868795141265,309.8902893066406,188.67119440382388,True,True,True,True
307,False,111.71830730846995,0.14523971296042715,5.155811909042777e-12,98.92174771416522,1143.9419970753213,-40.22821718352435,0.010772119469696027,2.9975080166610097,1.361666512985589,0.3462126366325325,74.5743445013253,93.62628059257405,,225.4240768286289,False,True,True,False
308,False,181.55749839317986,0.10212177010056137,1.0217615993180799e-11,88.800600210599,1064.824135027788,-31.205249072824927,0.011380903374415566,1.5961053803360696,1.1358518609997643,0.4896803937707792,56.88870964742111,84.74004398749948,,228.74286820691907,False,True,True,False
309,False,70.09584627891829,0.23221260679830033,8.122876128550161e-12,88.95588352285695,905.6466685516805,-25.98031828100482,0.0074677099786804,1.3848110263667597,0.8906311357063575,0.4528465259831834,49.154424561630464,80.8275683686028,,174.64562102326275,False,True,True,False
310,False,133.03056451195502,0.0865711598782751,1.1571231254042973e-11,93.66532258306579,1121.9575354129236,-28.081046048772798,0.010278256426748615,2.2097875172736288,1.3552461559643612,0.43988350812541127,67.54216891230358,89.39017798461873,,262.95319560711624,False,True,True,False
311,False,139.27657453458175,0.1135212513214219,6.342142287677536e-12,100.85187094391709,906.7991005596833,-27.638891184916723,0.011415689939976041,2.393353656981858,1.2159675787225535,0.2987767674149501,75.428887032594,93.48642589353017,,126.02715539271513,False,True,True,False
312,False,153.55417987126398,0.046902549909560574,8.03747296070297e-12,88.8665177845815,1157.5742879626007,-22.4433077500125,0.007215719161197872,1.6998087754344866,1.355061283914437,0.29785360605307043,78.01917820331748,92.54020772431986,,373.31087999919214,False,True,True,False
313,False,115.67943272014733,0.16474891645229597,6.446834411128535e-12,99.747019920372,830.7249505201589,-29.156992131160195,0.01180948134251429,2.095886622599905,0.9649525424982017,0.31502814204382995,67.35299114003661,91.39545458862968,,84.80276439036224,False,True,True,False
314,False,96.48269060102422,0.045041135326857884,9.036461428938678e-12,91.05852044380053,1018.2033985477302,-30.595599651698475,0.009906392651385326,1.8088332035965644,1.309651482449954,0.19784032782186903,84.89366595059545,94.67416115284061,378.88145446777344,297.600294831601,True,True,True,True
315,False,147.7469573962372,0.07500018942334853,9.90875469831128e-12,78.39045576776483,732.507185197311,-30.733126251916126,0.007539481912276134,0.5646334187678447,0.47620979214391745,0.19823888514989008,58.37152271535412,81.20408292686541,,206.61333944577538,False,True,True,False
316,False,48.60015949739245,0.12983994479794742,9.095550932198715e-12,90.73239796789444,1018.3111327882408,-34.62738932152994,0.009184325774539448,1.5484770295053019,1.1218077329175837,0.40665298790366244,63.75020638821554,85.85919383316205,,276.69188620731614,False,True,True,False
317,False,90.56134498645855,0.047543967770927675,1.333063940800772e-11,103.17330518414838,845.9653037804089,-29.536008927635557,0.009816701910732004,2.492558896607025,1.9910673046409126,0.28702186219015396,85.58452235536467,95.14831088786484,340.9313201904297,192.50819918898884,True,True,True,True
318,False,142.6976196667807,0.08314041521822621,1.229315663929231e-11,96.89251628018077,769.3067645986339,-28.201929563214556,0.011192329209839766,1.686236139128553,1.2548695987676335,0.38419119288010284,69.38397477655013,89.59037162028608,,193.33135378422,False,True,True,False
319,False,196.29233886046543,0.01226430949282235,1.5755810652316657e-11,86.34778524063117,1054.5190903867376,-28.47258790987748,0.009163031736632006,1.3325080727796115,1.1811131581050132,0.3728379727288121,68.43334017826064,86.41178566912546,,311.53098700791884,False,True,True,False
320,False,188.68362472386443,0.1479570371047377,7.192532280106645e-12,85.72108830355951,980.3139576675031,-32.45240372528125,0.010374478188952251,1.3946012759711308,1.189128741892747,0.519633284316957,56.30134349541901,84.31988737688995,,268.7624951771757,False,True,True,False
321,False,94.95278999854766,0.15794004740599554,7.637965124038375e-12,93.60109375225643,894.9130315907972,-23.326660185622025,0.008692898664913028,1.6130871823379274,1.0516890875038372,0.39028761340132595,62.8894491690823,87.37736670231197,,145.20566577418492,False,True,True,False
322,False,146.91266191845526,0.17099506805794773,4.6173039482521476e-12,72.42754729259721,1076.5633044847252,-31.700336670604074,0.010993174919191275,0.7909946103804764,0.4355686281583921,0.2176448185981357,50.03202606249448,83.06191081839506,,212.176589146982,False,True,True,False
323,False,151.5592676760446,0.18637144849026352,6.583275553625256e-12,105.75903647258805,1049.6847274832267,-28.08227179804177,0.007872803810997493,3.5107140202077076,1.9487190947032722,0.6692343746902079,65.65772991555198,92.01620040315747,,301.3393278566579,False,True,True,False
324,False,71.10775417981193,0.25,1.722060154699862e-11,94.62824398985403,1045.6902870386828,-17.12381984622279,0.007647766839202718,2.068599982103108,1.7254979112347801,1.1080960947587086,35.781081649310934,74.0441418006214,,224.05408515112504,False,True,True,False
325,False,92.46197156447727,0.07896564035904384,4.325225890152273e-12,112.3184008427535,1015.0321341651455,-37.83742652705654,0.009719003579718187,3.918673315126432,1.2511202411530655,0.1573145455533684,87.42610499144486,97.8663816630825,268.9531707763672,179.22266527272532,True,True,True,True
326,False,184.57685515053447,0.08491540639224979,6.898002381733899e-12,98.6454173257577,1083.0917179311612,-23.49789806087257,0.008819146741369828,2.4442706492771102,1.2253141784164605,0.3204798202299645,73.8450900287355,92.4033531456547,,144.3400309070508,False,True,True,False
327,False,125.46125701785397,0.05788340276373441,5.798887829282023e-12,102.31634059352535,1076.5787047836168,-29.885123844423067,0.011511892907885474,2.910141105624339,1.6621520332280681,0.20828456255693,87.46898247614448,96.70011533304343,368.3430290222168,119.9800814193713,True,True,True,True
328,False,145.5522868220889,0.10067218770223023,8.60577762199767e-12,85.09402722341356,1058.074470456119,-29.349203599074343,0.011994631428252224,1.3409711776915263,1.2666438824945474,0.44459899393315044,64.89944805500102,85.89913881345387,,210.34630319311034,False,True,True,False
329,False,164.1070902181301,0.051257354801120536,5.870234349514476e-12,93.10232114188837,865.2293306125197,-30.056256252722736,0.008298837803393709,1.6695874818284004,0.9932468987249279,0.17514842373185585,82.36607393824222,94.80978182473817,537.5411605834961,260.40626281016637,True,True,True,True
330,False,195.42462373313393,0.1360375200346141,9.941547873428534e-12,84.39151667739489,1060.8116230903368,-26.942508719854047,0.010852765144112035,1.470970585540665,1.0095351376008217,0.5610588498586294,44.42403944532373,83.07143610826981,,337.60131730186845,False,True,True,False
331,False,148.8176081304294,0.13595391293674328,5.620779860777449e-12,87.51986192480122,862.4646420621991,-33.5600579920507,0.009613031263828033,1.1177428830486895,0.9112232420323939,0.313946078901518,65.5467437154816,87.41771373298639,,233.51185194289891,False,True,True,False
332,False,116.95523769668992,0.08693985072461473,6.1495417937085255e-12,73.45202889909739,835.980923779374,-21.179457074144633,0.01188463627745904,0.487739791121985,0.48468002908212465,0.17917312452158754,63.032699147744694,83.17404579973706,,156.27156000003646,False,True,True,False
333,False,85.97932549763506,0.21837938732512416,3.974962441961888e-12,94.0971633451973,1029.2814767562027,-32.31129416184612,0.011599506162310928,1.995399333390337,1.0346119224777954,0.35205079583214544,65.97267166716793,90.55609343555282,,127.2955317432197,False,True,True,False
334,False,146.1849989535594,0.14778343536771643,6.70730672650495e-12,79.97486293824723,842.3127368402515,-27.5386392285784,0.010340566476476637,0.7440350595315068,0.5381005549968766,0.2617423477467625,51.358097419490335,81.19634833157592,,149.14073589457098,False,True,True,False
335,False,90.71004500663228,0.04217910423381804,5.324480954211579e-12,79.3983203895251,970.5371728527344,-26.256074470542945,0.012084417646202605,0.9775379781154742,0.7099714800789505,0.111386834019706,84.31108331178042,95.00535074340975,379.37171936035156,237.25391815721187,True,True,True,True
336,False,112.4114057793764,0.03293843218236714,7.529531405897726e-12,89.30590386632943,1060.588403323183,-31.19053188446359,0.00920917851843858,1.5216354961054999,1.1442637697746674,0.1476087364172167,87.100112726082,95.53971405350957,398.26053619384766,351.82851770849936,True,True,True,True
337,False,129.5703277267971,0.056686866519802585,9.296914742175345e-12,89.42421944290369,972.3806138141645,-28.689789567432225,0.00946724984323191,1.560128596049196,1.1158349261491411,0.2506070366631498,77.5408502825754,92.03158000900206,,209.52890266810522,False,True,True,False
338,False,120.99570401693025,0.2294940475157654,8.424587694546137e-12,103.83808850242778,971.2221699548387,-33.20340320472115,0.01057703900434193,2.710974036002333,1.5402437632697392,0.7015962362922377,54.44901300539342,87.37779610447967,,210.92530360932852,False,True,True,False
339,False,96.0267248870231,0.059178441048446204,9.415225088250337e-12,99.38085656148232,1022.1768232092464,-26.551334173918914,0.010447955191649082,2.3865804176360363,1.685509680398929,0.2686635085284603,84.06039955434295,94.48798849994665,375.60394287109375,205.263099486975,True,True,True,True
340,False,165.37493422425294,0.1978986981075762,5.70334684425e-12,78.36775027698448,1067.868938199297,-24.74750154398206,0.00761486240511614,0.8791449220414227,0.6421699766259005,0.36445315402609574,43.24662203284383,78.89839052890619,,340.92319528262163,False,True,True,False
341,False,207.63398777838015,0.03156061928224831,9.982450410162167e-12,103.51144960791096,1087.678016710728,-27.652429789873455,0.009172329429858463,3.399352127759281,2.3366765583069213,0.47335951442956387,79.74218927532938,94.09351648397563,,307.20582737130087,False,True,True,False
342,False,131.7198046183096,0.11468842422526618,1.2139570874176611e-11,91.24151102270423,953.2041003145766,-30.350501357728913,0.00951390804110745,1.4211098437515732,1.2369038566247517,0.522539162111781,57.75426203798253,83.47426917769918,,263.42898242973706,False,True,True,False
343,False,140.4350217598793,0.10523022959558011,8.7609429899142e-12,89.14223605430269,960.1698452028463,-29.017587804444844,0.008095294616373183,1.4877285622186605,1.2776184022064643,0.40265355174244316,68.48405196363366,87.05257042451665,,263.14631424654436,False,True,True,False
344,False,84.6501133732706,0.1212367572378414,1.1694607401162165e-11,82.50304781799221,1118.6044073960636,-31.7129700353274,0.009119427751630745,1.2150721845140633,1.0134719382053556,0.4645354723994118,54.163953150789176,79.80472727716528,,316.56047802021754,False,True,True,False
345,False,125.83980510669058,0.07973344294985417,5.002005849308405e-12,91.6217915222083,786.762354827215,-29.477215559104486,0.010646318540381514,1.5963103735656081,0.8511918302622598,0.15085263687470488,82.27748064402523,95.12009575485827,481.7008972167969,116.51194488556136,True,True,True,True
346,False,187.68975973181836,0.015167887021812043,8.652258555887945e-12,89.31687444589664,1111.5310841638582,-31.666121998180703,0.008036672670292792,1.677300450699856,1.3397070657442725,0.2503136240009894,81.31579429552922,93.04877303861011,579.9172973632812,323.4842706691573,True,True,True,True
347,False,98.4096672329612,0.09746198220842749,6.229291104165675e-12,75.59134384528241,969.6692746950774,-32.321273153617845,0.00891285871758527,0.6292371900794079,0.48082147831708105,0.1735182444276522,63.91212700502027,83.62911412177333,,235.76284621433166,False,True,True,False
348,False,164.57506678738477,0.10129456814847669,5.490190743764309e-12,81.88253854576922,1285.5266496547297,-33.31844769592973,0.010311880301883201,1.544145123614488,0.7880712452939762,0.2785630609721683,64.65255360658982,89.63570994963271,,255.56002449016572,False,True,True,False
349,False,83.27658287465363,0.12355902997164679,8.980511208338876e-12,81.05983695993257,1241.7755863954865,-29.55434159731497,0.008319639402417076,1.0988845732777892,0.8690264990478608,0.39059249740905083,55.05401758899192,80.39393802861933,,380.33462530586775,False,True,True,False
350,False,112.17158106981837,0.17925991417442116,1.11177335205957e-11,93.55632053722323,1011.0534594825518,-35.656073798097715,0.008921447959290145,1.811527315890425,1.1915212434879607,0.5917833374920238,50.33379885366658,82.55246827330095,,308.0354389032608,False,True,True,False
351,False,130.7376872800052,0.07807803785114853,8.469363329519756e-12,82.71137518980007,1006.5614882352656,-33.1623819250518,0.010264021875791037,0.9953739483671836,0.829590550572463,0.27299692866561437,67.09257012664483,86.1724582291733,,296.8498518782507,False,True,True,False
352,False,99.75331789823561,0.048532064938786194,7.897620610394366e-12,85.19160330564412,1029.5679605906776,-34.295013044774656,0.008365760868588118,1.2294684889707792,0.9522174826101177,0.1710197988100564,82.03983838426542,92.72917026212414,467.0678520202637,332.4681857079931,True,True,True,True
353,False,151.9402094080172,0.04500660139098943,4.66298203418442e-12,91.06349406263607,952.5643370389879,-32.670381565598404,0.009919755230716991,1.5924788517368629,0.742936551703781,0.10967507779047658,85.23762526706243,96.02920805849399,469.62812423706055,170.24895650376044,True,True,True,True
354,False,65.14570312148446,0.06890913249437111,6.9785760154926406e-12,94.19675138477402,947.8430507542932,-31.26781589532035,0.0059957615253025615,1.6819531108882193,1.0870667086778765,0.20235712515007376,81.3850315224733,94.07005186634674,333.22553634643555,383.1316321389648,True,True,True,True
355,False,89.15359267683573,0.04739140737265255,1.0648299326273651e-11,82.64216747130713,1020.2258753736687,-38.832362845796695,0.009716043963322733,1.2264927184600771,0.7429405868847339,0.19128978663812657,74.2523439942574,91.64462790858184,,426.6586218851729,False,True,True,False
356,False,108.4474224557235,0.09712228190538391,7.116671668030838e-12,85.1110217278515,789.3441541091695,-30.13800812319095,0.00989632184501886,0.9042817855716658,0.6533650760305013,0.220273801022939,66.28626030010581,88.48658063422913,,190.84815329203175,False,True,True,False
357,False,104.68954477060082,0.08491727872497118,4.7972476139261905e-12,91.81639112103912,1096.998393547168,-31.2419658288524,0.011331480647892389,2.0047002645879397,1.26307766927105,0.23629878362406484,81.29182477270474,94.95769476475554,477.92858123779297,267.6884313133559,True,True,True,True
358,False,216.6910547047302,0.06099666021623036,7.944888158931735e-12,85.18284745811613,1101.0579591008668,-29.05629249061705,0.009995728045539852,1.6423084076093757,1.1298994690441915,0.36698857228203646,67.52024562039306,87.71414189647263,,201.28338665992254,False,True,True,False
359,False,146.2887538925316,0.061120508872011585,9.6935993742192e-12,95.00663250804978,996.0946315171069,-28.631569197926346,0.009525844598102592,2.257468580729332,1.3255206273540825,0.3043062800139159,77.04250890298462,93.11160237577398,,231.9017788250595,False,True,True,False
360,False,165.18291551269903,0.08106822269281182,7.680673234622664e-12,90.55233060842629,952.1164407717116,-30.434638077664598,0.010278901789828758,1.4198241951641717,0.8467286645849595,0.3009348642196632,64.45911461292357,90.20191825124827,,325.09752092627645,False,True,True,False
361,False,121.30688793841843,0.07932661439571505,5.35499556993965e-12,97.7699718454571,966.0876142316159,-29.073462549924923,0.009533492694563255,2.071500208119141,1.084400013555244,0.1986331235052944,81.68267050697753,95.19236574250783,498.32677841186523,202.6818145174184,True,True,True,True
362,False,114.88290449774152,0.2302422893512203,8.775841052031356e-12,106.3505544240915,980.5855678850039,-29.297530515471863,0.009364283605688436,3.1007202687448183,1.9595211757224382,0.8332575364809659,57.47647196648642,87.89916872990575,,234.04350686323778,False,True,True,False
363,False,102.92686330750475,0.10547776102317469,6.826624968799341e-12,85.27073726472918,816.267493795237,-27.727239813578414,0.010581695159004157,0.9695013938065719,0.8007676813756986,0.2587949103086047,67.68164895666101,88.39748265047385,,203.96182367065882,False,True,True,False
364,False,106.45752288141752,0.022637791952911993,1.039881824122176e-11,84.96005218826853,753.8921077053075,-32.05267860756104,0.0096360266238891,1.0081091114200549,0.6812123817837727,0.08112764780547412,88.09069682599731,95.45370743350195,395.6185531616211,162.93365515889553,True,True,True,True
365,False,114.40543614442232,0.07380787531833109,6.694015618085095e-12,83.60037919899453,1087.65019045066,-29.646982456142123,0.006823363594428017,1.290088660540299,0.757733336750846,0.20659993009090258,72.73448057903835,91.27808662516223,,450.4046173272046,False,True,True,False
366,False,130.1882908615672,0.190594881526786,8.020743841649033e-12,86.37367962932312,1059.1488706118175,-35.15042204805021,0.010155973665599423,1.4458354824375161,1.179222484479915,0.582859099554863,50.572592769724245,81.70443224655698,,306.1843906290208,False,True,True,False
367,False,148.1315854962401,0.06110807311700039,2.818700064111643e-12,91.02579718345157,997.0219505021063,-27.41823041948691,0.008166197294513011,1.7913379804103835,0.8111639801583906,0.11160300239932627,86.2416225166292,97.16001925380957,422.70341873168945,171.06309502627744,True,True,True,True
368,False,91.54924445733225,0.02218574324975198,7.171381182944951e-12,77.20669617354372,1126.5519292552638,-27.22527881639243,0.008694487337910584,0.8987717027996558,0.7444968760986244,0.09083371922339542,87.79931492803705,95.23482608152413,363.00912857055664,414.4940504824303,True,True,True,True
369,False,130.14945628374713,0.10218228770604025,8.752304532964801e-12,84.22101285855281,1028.5368368377178,-29.87048685654352,0.012890146963870901,1.143916336832356,0.9142455565202746,0.339865787361636,62.82554671031655,84.52148333467629,,193.09703075540472,False,True,True,False
370,False,185.77958584174056,0.12216246473377407,7.66441972586243e-12,97.69872485783792,1102.6863380759387,-36.36225105397574,0.010507457660716809,2.398243210931568,1.350423983112483,0.4876941706107164,63.88584794779268,89.46433792649857,,244.12634301202405,False,True,True,False
371,False,178.04246154198654,0.1003326016423856,8.35245157023805e-12,88.260430800621,918.230733525098,-28.499595010772296,0.011418574761847263,1.3928099810990868,1.0329469000988123,0.37672427240068884,63.52917343915247,86.6856835501512,,153.02070836575672,False,True,True,False
372,False,138.05408218119538,0.10167423047993945,1.2971126384324411e-11,90.16469322660218,1024.2964206670588,-28.481302097471545,0.010939974438378193,1.7517835728681415,1.426015564534706,0.5402786801676609,62.11270805140558,84.89116727266163,,300.5496065327608,False,True,True,False
373,False,155.46780790569412,0.07476543519231192,7.245407204695914e-12,106.2975890451466,1021.451303127353,-28.84274968661884,0.009927567446002835,3.019189436956939,1.5299440274960052,0.3014039119771655,80.29967720646222,94.84539621405828,587.8999900817871,201.34416407381596,True,True,True,True
374,False,299.3864913832729,0.07594602623962901,1.2840606902057453e-11,105.80116477778313,1170.8218499843688,-36.11684955275037,0.008841500819452416,3.428595599082427,2.780894500637438,1.2106729183856832,56.46462251235449,84.51109943851893,,396.6113660343189,False,True,True,False
375,False,80.77367757396121,0.221772872773559,7.219410778406891e-12,102.57427494849499,1251.8162810093372,-32.088465642742484,0.011413101733049116,3.6134035488381206,1.7828856644718503,0.7036498541793323,60.53309148190517,89.29107769879548,,210.09593163348438,False,True,True,False
376,False,165.41371941058148,0.03689505974345666,8.817923497489067e-12,86.15649157768436,1279.0321664958792,-25.56575801372984,0.010416764471357531,1.7793256245986901,1.2856055240250157,0.31328695796019174,75.631175185111,91.96400973366103,,321.5144443062577,False,True,True,False
377,False,151.57129286640793,0.036324009172902495,6.088096022793695e-12,87.55974931884616,863.6041086448931,-23.50830997553776,0.011881268785016523,1.3798360557488958,0.9017127503833535,0.14337714446811636,84.09946577697154,95.36074097085321,505.0860786437988,164.25795706552208,True,True,True,True
378,False,143.36582506143824,0.08450026821514554,5.63579802141437e-12,77.94542751249857,875.5887259744966,-30.191676691076545,0.007485608865373953,0.7347784839604933,0.5787561432440487,0.17577375802398637,69.62904669335553,87.22450918708495,,232.35104354444147,False,True,True,False
379,False,181.1763164221757,0.037660682494871416,4.776029460930073e-12,93.21627618676118,1058.463237801211,-34.00669860346846,0.008964661515909531,1.7984119545039077,1.2667693868696834,0.2020003434640074,84.05389761090052,95.47667576552081,516.2146377563477,337.7644936429581,True,True,True,True
380,False,168.65188023886057,0.06473624290169695,6.778538729943571e-12,99.63078202535337,991.3210390605138,-31.371004643626016,0.01062868713697635,2.287354870340622,1.4462880948977777,0.2799477966265699,80.6437045555328,93.98638167615617,579.955883026123,171.07540106357823,True,True,True,True
381,False,163.78312382051212,0.0562881739543985,1.174146508498531e-11,95.41069879394288,1083.0886717994426,-36.503979162027214,0.008524785676550722,2.2080342425356445,1.7725035199808064,0.452244853247154,74.48553144469629,90.57712479901218,,420.4576579021854,False,True,True,False
382,False,133.9131916978614,0.061755244455460545,9.428354069453223e-12,89.06443433286539,1081.791406180998,-30.030750217721216,0.011713291836272888,1.6692265135224282,1.1844200062787469,0.30603397305615077,74.16170180900107,91.11513772142371,,242.93430698556634,False,True,True,False
383,False,129.1407871004505,0.04983943860665451,1.0027079439381459e-11,80.27431904846256,840.3146385727096,-29.426623875728072,0.010900427282332186,0.8660180366624736,0.5879084797543707,0.17229079546413192,70.69428297137075,89.23047673130901,,172.77312749589478,False,True,True,False
384,False,100.76426222385065,0.07047563542519743,7.0175418399529325e-12,91.33338128337358,1300.0,-23.508208944872816,0.010875246582495406,2.2824738687611466,1.2685643798955182,0.2604004925600966,79.47282008804758,93.79396877920625,,209.89377370560786,False,True,True,False
385,False,147.3987922389195,0.10306966758150354,6.855008145888715e-12,91.25859794306908,1034.4056019750328,-25.277793142960416,0.011178590054452863,1.89006027315722,1.0452157097635215,0.31548072050269493,69.81668783240237,91.19031709890693,,174.27150553939975,False,True,True,False
386,False,67.312529671003,0.20377450814119583,9.666034424949503e-12,90.21495694603806,979.9468381123512,-25.219145339932496,0.008939436863924843,1.1958896516655737,1.0682466465928406,0.6024299181377337,43.60572812850136,78.31326993363025,,326.4969601143321,False,True,True,False
387,False,57.900598021539594,0.2388730549814382,1.2632415666199442e-11,94.13806891202431,1006.7425635494739,-29.843485492978395,0.012337762906872994,2.233437947634512,1.3253673357914262,0.7750551340177054,41.52148516962725,81.52476396251284,,198.03552170716307,False,True,True,False
388,False,177.06394263706846,0.043991681059224366,5.852628413288465e-12,84.20711587610779,1108.6053502753887,-28.802936942354794,0.00998808018537924,1.413318785280216,1.0101642591183293,0.21534233973684525,78.68244319742655,92.44730765389878,,244.6189084323554,False,True,True,False
389,False,126.13765532589026,0.06713538189805628,1.1477942715372901e-11,91.3044562737032,1020.6347825555745,-26.456848521601035,0.009505190924236838,1.696822633703574,1.4875820474349404,0.39016126700565673,73.77211780160849,89.72181027253782,,258.3953467769198,False,True,True,False
390,False,125.779639068811,0.06735875948917586,6.390363003562569e-12,96.5248194602789,914.7219774302529,-34.20116327831718,0.012218802226618168,1.8056491591164932,1.3669848937664588,0.22502857670080562,83.5383274733356,94.56117545115066,452.2827339172363,197.13635867586638,True,True,True,True
391,False,122.30673099474187,0.11619775650908537,6.220635296548412e-12,82.97538136304894,989.386109616261,-36.059452441685245,0.01340440835384087,1.1288870900334635,0.7572243715367752,0.2725664442733257,64.0045335941636,87.76547210712174,,216.71737374831926,False,True,True,False
392,False,119.41788153100603,0.04577401712358341,1.1417480428769977e-11,96.82483622825647,1160.1590161015533,-29.20269292771974,0.010675894023758755,2.593735360985542,1.3642548847533396,0.2607843070301368,80.88448793956218,94.37867495117813,556.709156036377,230.66510609914477,True,True,True,True
393,False,116.39740141366016,0.042338503308729715,6.9912891403979914e-12,81.6649137512346,957.9866148667946,-30.69900107777477,0.010745153609120208,1.0209426802887307,0.7079822822844346,0.12159726724354562,82.82481493022823,93.25545646393756,488.0834197998047,168.2169212016343,True,True,True,True
394,False,96.17129035517588,0.14098105593740648,8.78718961564477e-12,81.05858968275976,1021.6279784925376,-27.11074640385374,0.01061842036484231,0.9453614703792121,0.809508937726103,0.3936576863621085,51.37080419792691,79.70525227819581,,269.6638701204841,False,True,True,False
395,False,95.90290048178785,0.09312835144809489,1.0660291772047795e-11,85.19107663151674,1136.8434958544358,-25.757820011529887,0.012652095549864085,1.4733112612898962,0.9372210137201296,0.3608614140885455,61.49665779940515,86.80959348511678,,212.00605476316542,False,True,True,False
396,False,114.17300161206691,0.13141193571550122,9.76401262545126e-12,90.08914456514212,953.9806625189269,-26.617231598781633,0.011419303009571996,1.4805467198257216,1.1151356988687957,0.4565225727688501,59.061253869645554,85.40037693212417,,186.8358421304713,False,True,True,False
397,False,148.20743663476517,0.0621081133265767,1.2315843455447146e-11,86.51348407934798,1099.2948868809785,-30.413330619421522,0.008945849145072996,1.5003638586994925,1.2756828417564234,0.4131611886121363,67.61254638784078,86.94536802465336,,373.1768756420121,False,True,True,False
398,False,86.12943174358807,0.03551171217455518,5.987743725415361e-12,78.34967118383044,959.2500897226274,-32.41016291429839,0.010813085933737676,0.6934843857850446,0.7043820491116284,0.09860707451929293,86.00091035203738,93.27882291461458,341.29674911499023,295.55071237518376,True,True,True,True
399,False,83.86818224000734,0.0561522649342192,5.2193353440695714e-12,98.92384099084485,1052.2559498516553,-28.127020830309522,0.010270346307218813,2.546158032154569,1.2532683209188855,0.13623538505785715,89.12959158195505,97.1159553075894,244.98920440673828,143.79194305603835,True,True,True,True
400,False,88.36971392501951,0.10330616871766028,4.647794319861137e-12,79.01276526256686,1066.1807744171647,-32.72831919638239,0.011696190659828486,0.9627472082045029,0.7014687359267099,0.2234249593714525,68.14897828963312,89.96790817005702,,256.978396513868,False,True,True,False
401,False,89.20387190535163,0.11519018384984576,4.505336623803582e-12,96.5646557868647,1139.8619447144572,-27.962861643069374,0.009991719572949883,2.550831553961043,1.218226420590969,0.2554496268219747,79.03102227104428,94.77441044156214,,127.88934224062233,False,True,True,False
402,False,129.4570492252699,0.02904047000272678,9.835857509312137e-12,85.76877499050865,1113.7883704003063,-34.2629631500375,0.008883765685519983,1.400990138393316,0.9454517684471898,0.1434839385446591,84.82376961647476,93.6719750107275,481.85977935791016,312.38867633026666,True,True,True,True
403,False,151.05692530430602,0.12992024124037263,1.0515005297616174e-11,81.92901852741048,1003.1153375738118,-29.681200177630714,0.009576526325505963,1.0495899841745935,0.921978447540611,0.46634368700952583,49.41924203830324,78.66047547884976,,232.18766617574786,False,True,True,False
404,False,137.85565010157822,0.043694949618928426,7.92935189286489e-12,92.37528188726253,1163.735950963551,-35.842531234817635,0.012478711958333033,2.1072782392388776,1.4032309036146824,0.2266996215947096,83.84445346729909,94.50958173462817,490.0217819213867,256.0372892366461,True,True,True,True
405,False,127.10597749214391,0.25,5.084412995988453e-12,82.108628345704,981.1608320127704,-24.905069216062856,0.010127824224435832,1.0688697059846783,0.838568369231746,0.44152865597110014,47.347327639414026,81.02169974295015,,229.6341875693819,False,True,True,False
406,False,211.77296160554587,0.053127854360664126,1.3870316398891332e-11,98.08652339071273,1032.7029182653855,-32.103858745247415,0.010986207307769618,2.300633496374445,1.7416447159215853,0.5943850157376074,65.8722005525053,87.31134212263682,,240.16696311447356,False,True,True,False
407,False,140.37657623888856,0.10087572683359657,7.609650390817599e-12,92.90168807674374,1068.81012884859,-31.48770607752438,0.010392513167097795,1.9837862881007482,1.2165339684694338,0.3846599283327399,68.38066685333129,91.0484225599335,,342.4491873863019,False,True,True,False
408,False,96.88557645136274,0.004472704177613854,6.057339984041172e-12,82.44336458880692,1039.1969073680152,-35.04096193209736,0.011112435658559707,1.1632669385472267,0.7100145103771498,0.01783049018266696,97.48871467807106,99.13598436426375,283.4273338317871,246.7084277848807,True,True,True,True
409,False,98.64239679121037,0.03737822929562502,6.058429101877594e-12,79.95749583823905,1093.1981804883528,-34.522470667764,0.008146590516514474,1.0232562732968655,0.9476475222711489,0.12243437984590712,87.0801772844318,94.1806617643185,354.90386962890625,330.7452876881085,True,True,True,True
410,False,106.89373573645393,0.11559097511036029,5.153630326428064e-12,98.69249128505218,878.058522954659,-31.773829509602795,0.01041989495909465,2.1024673817161936,0.9483212481619011,0.21893917504058763,76.91297379817756,94.43743192572069,,138.53114488740525,False,True,True,False
411,False,96.62228744643399,0.06454273313937381,1.0775047387548994e-11,88.09919977706852,740.5623712365139,-25.177363190619452,0.008465632555597891,1.101545789101074,0.8186130718627294,0.21170799238403792,74.13821014337057,90.43207609403616,,181.32856584435817,False,True,True,False
412,False,86.72244645996128,0.13215879967752825,6.789129241365808e-12,89.33890683092194,967.039878122373,-29.345554723625064,0.010254141414377804,1.3650639527281254,1.0076489078584472,0.36492335218451827,63.78467248477562,88.44394820415926,,231.43747213449439,False,True,True,False
413,False,180.34707629404411,0.022696821384268925,1.0933388703590637e-11,86.60651170545397,1009.6495136185123,-38.07697210721258,0.009430122695867836,1.370143112692599,1.2184299476678622,0.28098866400806927,76.93846375444923,90.35797112016438,,363.4419759670397,False,True,True,False
414,False,73.94428220402223,0.04604818187491749,1.4692262336113455e-11,81.9754886834204,867.3638536148183,-36.24769410778787,0.010772281937544332,0.9097640156801472,0.8241292727300935,0.2311976780438011,71.94643053050252,87.77093143071562,,279.30237651941724,False,True,True,False
415,False,122.68227775986301,0.1644325711539694,4.781770608791665e-12,78.03863999941156,1017.0931451911543,-33.74004266035803,0.008193173796498471,0.8144877700967512,0.5750147730320625,0.2467577191196959,57.08671660407292,82.75993054193697,,281.16310691767495,False,True,True,False
416,False,117.09441216192776,0.04301666257439199,8.470729689213788e-12,85.16433988596512,967.7847144840653,-29.30106078672272,0.008547532846434051,1.19866450817433,0.9226198166645692,0.1657038959980015,82.0398507592163,92.79191389975574,512.8758430480957,296.2060616426664,True,True,True,True
417,False,150.3537762714879,0.028788253716542856,1.5721949222253762e-11,70.37807398160123,981.8607645002743,-25.294612898346227,0.010815964614532705,0.6075004694037113,0.47903486460479977,0.21664545632667773,54.77459526763076,82.72099975162422,,279.2438964174867,False,True,True,False
418,False,88.52521747409531,0.025871567550441538,7.485080846872332e-12,100.55489568747583,911.1752545235179,-35.6838764424121,0.009729722386293984,2.0596781931609893,1.333899036819478,0.09649539749041094,92.76591444878073,97.88557375212207,257.9244804382324,323.39542675425236,True,True,True,True
419,False,88.02365616331467,0.06446278350436843,7.424635903064082e-12,91.9907958069821,1146.2269661441649,-36.88526254994454,0.011716016888247425,1.9160404915596807,1.2525474586172964,0.23290616796543398,81.40540173842658,93.67022743242613,437.98107147216797,195.36403682701427,True,True,True,True
420,False,102.71181917116994,0.0635420721645453,4.6897830179268775e-12,100.23640875423283,942.2740718020191,-25.74419848399236,0.009573735443717172,2.282798946010968,1.0593981253643876,0.13295108623851354,87.4503189069941,96.99327714813589,312.9771423339844,145.14388024043822,True,True,True,True
421,False,171.39435455277572,0.14982977586535146,1.0420869266402622e-11,89.0983056274008,1066.5988126505167,-38.38304642441381,0.01005993594680965,1.681384497776714,1.2099145748335016,0.5863923670866359,51.534399263904206,81.81192131680397,,297.3618324746039,False,True,True,False
422,False,242.49222231210348,0.17683598557779262,1.1162778158253218e-11,83.19945192768823,962.4137870816884,-29.245739851413013,0.010773448815112243,1.25535392901713,1.082567751695526,0.6945766825468765,35.83988794613315,74.99943193189105,,225.65461943677698,False,True,True,False
423,False,164.04672652601778,0.09542021781155355,1.235931091146333e-11,105.72232956829383,1079.4962880519536,-34.99191124875694,0.009327989730132517,3.1275809500041176,2.149855082627954,0.6650016350278735,69.06760644466397,90.04586922896917,,390.09727997511766,False,True,True,False
424,False,61.514204613488644,0.0743129612810093,1.019866307467823e-11,96.22863993985337,993.0002582926198,-29.541875079051763,0.012116091317554511,2.2764308272414997,1.7371387673872845,0.3430720513840778,80.2507400200348,92.84721885367529,416.6046142578125,179.78412824004425,True,True,True,True
425,False,222.10063744999223,0.06565241039382141,1.0145133826787954e-11,81.28475623076402,1055.4534858206255,-26.32347545371516,0.012276999849154174,1.331104109593467,0.9891186524729251,0.4447012042949402,55.04066138242065,83.49453671749522,,212.3934913130113,False,True,True,False
426,False,129.22319911422042,0.13553891060761206,8.444641412752612e-12,93.56387704220424,1086.530074195617,-31.651184015202436,0.01189346585809134,1.898409750868666,1.2153986099102416,0.45778606230417823,62.33449186370337,87.34164142469207,,233.39530251751708,False,True,True,False
427,False,137.6028987213469,0.1418344976325129,9.000264275417651e-12,92.223483185624,953.8382349905087,-32.67342810041901,0.007511549378476948,1.6092403444646517,0.7890349345981114,0.3408457646538592,56.802195985471,87.00251002441485,,242.57888267914615,False,True,True,False
428,False,127.12458641217786,0.041341513887003696,5.179020777327554e-12,91.26911734225831,858.4281978239221,-29.274794244460406,0.011417927946528345,1.4032610244854904,0.8295826873769682,0.09858141955987165,88.1167457976283,96.31732391580292,385.78601837158203,161.04186702147388,True,True,True,True
429,False,157.22392006055927,0.13064574199251117,6.354473534734823e-12,80.2089830454726,984.9908693853049,-27.59915448530743,0.011554892405160585,0.8609029100573953,0.6242636028121524,0.29734986293998555,52.367900098532374,83.16068786890955,,202.26670435562653,False,True,True,False
430,False,335.10602103385764,0.05952834898158568,5.713759471970539e-12,91.31308577273016,1045.7518202768817,-26.526120320861942,0.00922369059125896,1.807934551761033,1.295864423853915,0.5559071422273506,57.10144271311371,87.13532775236035,,224.49256258227226,False,True,True,False
431,False,148.62264972444945,0.25,7.0666739173439204e-12,85.7774352300559,1079.8018769033108,-26.633307785090135,0.010544306642789526,1.3840024901561558,0.8647578495745624,0.5045551725708283,41.65358859488168,79.7035881260216,,198.4516331213271,False,True,True,False
432,False,153.7394922031711,0.027386646491218348,6.52430001115962e-12,81.08295407952447,1028.5789641931703,-31.944157125640242,0.012709546404600536,1.0281331588595908,0.6741823585544118,0.12106893499887018,82.04210871692528,93.39747463830312,557.7850151062012,199.1078668649679,True,True,True,True
433,False,278.5785181742791,0.09350112033325501,7.19165823762474e-12,84.15315744086475,945.8573192676254,-34.502745773252244,0.011007947467286274,1.2020231203330636,0.7987259669156876,0.4153534461416884,47.998003902941534,82.9632816896867,,286.43078483676453,False,True,True,False
434,False,68.49752106285466,0.21225223743777583,1.1844429503851766e-11,105.92916986441523,1137.4769143966967,-24.006730559162992,0.007795633321347115,3.527508802817959,1.8813522637561428,0.8285535904321847,55.95967823814306,86.0842664331291,,197.49427292659476,False,True,True,False
435,False,126.50147382532174,0.06387507622718394,8.433108790231973e-12,109.07804575850341,1159.6523062800652,-31.091432186440898,0.012157154431055858,4.384412896130464,2.2735324473064784,0.33832712806816284,85.11887840136221,96.30413392701037,415.51286697387695,194.996364068561,True,True,True,True
436,False,117.73890971904312,0.15842648677208865,1.4100789755465984e-11,78.75685391692747,958.1620620103918,-30.421200752489355,0.011961474925109458,0.9373741587929793,0.8162890553203198,0.4822316064368423,40.92391619196586,71.4600936094985,,171.59448193817676,False,True,True,False
437,False,158.72404343656598,0.040205363373757595,1.529147422712203e-11,80.77783193148494,974.6718582467103,-25.661848281177196,0.009233948971418326,1.0100194070711124,0.7245176500374573,0.2863750456842659,60.473696442114225,85.08903329616909,,272.6564766109222,False,True,True,False
438,False,179.97565627164428,0.03495136572844193,7.596494869684613e-12,85.85004662383561,954.605788353323,-27.15279855418798,0.009518244759317849,1.4018110273118904,0.9961517112071306,0.2227491672966441,77.63903180704091,92.41983426173613,,226.78879369740878,False,True,True,False
439,False,77.56944263298128,0.10620871912933388,3.896971788751892e-12,93.31366612136935,1008.307140799338,-35.3792897119659,0.011600177443688603,1.8681793894359748,0.9691111251301667,0.17951629617612813,81.4761907565537,94.90535252955394,355.0309753417969,136.57163590119742,True,True,True,True
440,False,85.32517005585552,0.053475674235268014,4.6625492364427446e-12,98.15316135339796,973.7937815599324,-27.932526172351515,0.011067642326633466,2.516629472105517,1.0680834907847518,0.10866825926309244,89.82586471931602,97.68334059911886,241.62317276000977,125.8501909374966,True,True,True,True
441,False,73.08789705587066,0.043811872848440084,7.289168069302479e-12,95.09597997552594,1000.7563687583933,-36.0812845544326,0.009234265007907824,2.098130498225539,1.221038683918528,0.1406568609335656,88.48055653059468,96.46351642447507,241.6050148010254,223.19461388058198,True,True,True,True
442,False,81.11629105582618,0.14293086643085634,1.2977480586381448e-11,89.954552567527,1240.2973587341419,-23.18677089065252,0.009616539848776525,2.1686773035150297,1.729930678529224,0.7568231125520356,56.25124625250986,82.51441385974823,,222.73897587516885,False,True,True,False
443,False,203.7569453827772,0.23896443472255463,1.258305637178785e-11,93.69436317534274,933.7281915654058,-33.33606404616392,0.011273665750843341,1.771535138909251,1.3063106316538708,0.8166664410876704,37.482982891005044,75.88252132438325,,225.1183279156936,False,True,True,False
444,False,94.25007948514256,0.007195614604088,1.0228911004341326e-11,88.09855289705106,1014.2044479019326,-31.641982100311278,0.009166241936603023,1.3832373458877891,1.1208006531228678,0.04556274084214541,95.93480422096519,98.36741769047714,299.5039367675781,301.10728853663215,True,True,True,True
445,False,116.842570915468,0.076644902154005,8.321653433016592e-12,98.61504167510897,866.2109869845275,-30.26190545922567,0.009753024704749376,2.3458146170024996,1.2519536384449617,0.25403673256402437,79.70877476904332,94.50839510142185,,204.46445315960304,False,True,True,False
446,False,203.53768877739006,0.04899935880676138,1.4371612217618982e-11,80.64842047627087,799.09202878145,-27.8429878384652,0.009594009740578531,0.7880220766998778,0.6353392110701771,0.32329954906161357,49.11386808362705,80.10917848106406,,269.0817951853992,False,True,True,False
447,False,124.18865636136374,0.04021096908420295,6.653668761116947e-12,91.092346902917,859.0072860976428,-24.021109539410187,0.008845819451277135,1.5127214984774915,0.9374114121271386,0.12129805339001813,87.06031825292449,95.84295418223309,405.201416015625,155.13897907641172,True,True,True,True
448,False,147.14372216274316,0.05550414953949084,9.143795286503471e-12,85.80363828204138,723.235655929252,-30.16526475256067,0.011126047282503724,0.9061269242610764,0.6396045885427802,0.17721014827747242,72.29379659686109,89.77738194374012,,157.63713019701817,False,True,True,False
449,False,122.64053861960089,0.09945731833507927,8.11298991591834e-12,77.3322536745099,934.4312315329867,-25.234307076773188,0.011779310949066441,0.8243232879360195,0.644832250312643,0.2706813745511055,58.02297815906891,84.11649569458956,,231.81890454982965,False,True,True,False
450,False,53.77424007376107,0.12610529614487587,9.855143545516258e-12,90.45558660070887,948.8460647876398,-29.35634481592462,0.009914359300042622,1.6415318141508224,1.151724619757379,0.40019456085111155,65.25258260647271,86.69986651905958,,183.37240631303098,False,True,True,False
451,False,145.3409803429984,0.03607301736516796,6.571824392617344e-12,94.05548697773627,790.9405839498124,-35.3932435425578,0.010277137012153839,1.4969515367040636,0.922323723898714,0.12908475079789095,86.004398731907,95.90271940599946,460.8918762207031,229.27740605485837,True,True,True,True
452,False,105.35915960661175,0.11453881778921836,1.016678651583287e-11,107.76879474874413,924.2130260537224,-33.78519736051165,0.011062296922373753,2.996510430590511,1.892041854625073,0.48652835608539835,74.28553946118657,92.25023279176045,,210.11530050239736,False,True,True,False
453,False,189.35560527281154,0.03850816740641839,1.2546468709862848e-11,83.62677243960167,1031.821290811022,-31.75203527574351,0.009848052232636687,1.1978124217374584,0.9843780938638854,0.3591209665316237,63.5179847286117,85.07022042349807,,364.40047734538524,False,True,True,False
454,False,164.78560842312132,0.050358568632328043,6.620645277053127e-12,82.82156949832618,1065.8020447403264,-28.251476003852922,0.010619678725490347,1.2668497468390425,0.7821712023785868,0.20442804659320116,73.86402798114602,91.55504536471985,,238.71902116032868,False,True,True,False
455,False,109.88471987029372,0.03834045265788599,8.224787623001708e-12,91.02178689553851,997.8681230116412,-33.30563490060498,0.008690567508755333,1.5273628310060858,1.073167208665232,0.15549937746271947,85.51023771438896,94.88629173426348,413.83779525756836,339.1069689639584,True,True,True,True
456,False,164.20337091141369,0.008685946171873307,7.4851323761501e-12,84.68711990800676,950.2356711731677,-31.16978088275238,0.012917507317005446,1.339222194419883,0.8970673189089918,0.1093735699820974,87.80765192570867,95.75994442616226,486.3606834411621,173.94795255767153,True,True,True,True
457,False,117.08978796228071,0.020056231654989272,7.270763848717162e-12,88.4284114805445,843.2345587407772,-34.423846027067945,0.008695450070330117,1.0703806239169893,0.8827953232656001,0.07759568193018615,91.21022960983215,96.49799914244015,365.61025619506836,232.2223204059875,True,True,True,True
458,False,224.44322762050749,0.014633647209576203,8.942150475983439e-12,82.63435328957732,1086.2967688697286,-33.39861546829649,0.01115294258958389,1.2724269378320021,1.070999034799438,0.3515103332642352,67.17921101300888,88.56355342763439,,374.89110838094916,False,True,True,False
459,False,95.92638590609636,0.06824253775709967,7.790537685921237e-12,83.92420218401098,1084.6216662215054,-27.35141007569377,0.006289421782302622,1.2926549029624952,0.6963056977682555,0.20896552966527038,69.98939828655283,91.40825747019976,,429.4610079737231,False,True,True,False
460,False,133.10707584545048,0.14449373499668625,9.304501477708759e-12,89.75201929419678,928.0305726768954,-25.42446537388652,0.007543457522465933,1.3174513218372876,0.7882708902896709,0.3389649266754737,56.99892881355646,83.98407126766799,,147.60902535570267,False,True,True,False
461,False,152.61838523827166,0.0403823397829465,5.222266019057586e-12,97.42263039840613,848.3760600565616,-32.52747427779723,0.01084645460312049,1.8186729676671,0.9842961134954217,0.12865254955630132,86.9294871947191,96.63902734850073,440.51183700561523,166.00858213666194,True,True,True,True
462,False,118.74231034711502,0.09475798424258766,1.0425323182811708e-11,79.85840680997603,816.0111044401151,-24.638640529874717,0.00975421309135341,0.7861560433828282,0.5999401461402609,0.2652947861636589,55.77979105575055,83.08565277925058,,215.62335263261517,False,True,True,False
463,False,100.68093214100232,0.10301187801180502,7.650113459824445e-12,79.70295401189965,1024.2475916793526,-27.924646126180363,0.009554671188680015,0.8738969945859906,0.8622062903929887,0.32295152019027,62.54359034621859,83.7050648043142,,304.1852385705853,False,True,True,False
464,False,136.45012150769418,0.03890094856341334,1.2669195332806897e-11,83.27039950979167,991.7584416084603,-26.23349154341486,0.009935026728885469,1.1139287028599314,1.0252156558483867,0.274302279201288,73.24443129242917,88.98334582977336,,311.72330377716526,False,True,True,False
465,False,112.79873080884877,0.1211549056291338,8.664630983338476e-12,95.32249800970719,985.382623265934,-23.821735104423247,0.010542868640030125,2.1216786003086567,1.4190459261231485,0.45040920059526335,68.25971645429496,90.18738545677809,,190.95254505660455,False,True,True,False
466,False,170.51701680571898,0.05611501785083026,1.4754716131803653e-11,87.40222517553617,935.2552143439316,-30.79816848903485,0.01256813616307595,1.3627390817538656,1.1165568692843444,0.4494744749412869,59.744596329484146,86.39335783239368,,299.4074020621521,False,True,True,False
467,False,129.89568776885957,0.1819959842173751,6.437986445362512e-12,92.7321795750158,946.8137663306089,-25.824522496981412,0.011634926315952034,1.8681970853478311,1.1162350393341105,0.43017800127787575,61.46170061687919,88.217497914001,,129.93684736593403,False,True,True,False
468,False,98.42015538799853,0.05984589807902989,9.666149334989427e-12,89.13379125508598,893.7368064757659,-32.402431530723405,0.010897212003120995,1.4825467250627227,0.9832721923748091,0.2082295937809576,78.82279236657355,92.44439141880004,,195.5797669927482,False,True,True,False
469,False,124.07903955256536,0.12252835053486565,9.704410688442742e-12,87.09790912266003,858.6823891268868,-31.706371305452826,0.010895894658670675,1.4258421487916484,0.9508557004628024,0.3811189206004672,59.918321947802575,86.95091990617237,,249.0051281111427,False,True,True,False
470,False,194.0248671692386,0.028608206797664876,1.4551400687029107e-11,84.2391504758177,789.6945424032863,-26.754550998603708,0.010441225663892866,1.0188389922129801,0.8501319752261964,0.30645856730496385,63.951647951669656,85.65073838215336,,199.63143096615656,False,True,True,False
471,False,133.34407920370884,0.08582286425767813,6.313161223081166e-12,93.41880431399703,1208.0754492644796,-28.25209820860165,0.008054977436733042,2.512790389486424,1.5665453734264656,0.3471281235441116,77.84117016765069,93.75946412898061,,342.067477738729,False,True,True,False
472,False,95.43627652151814,0.129045468240534,8.183182925589824e-12,96.44479888322981,1086.5691293521581,-21.306519086443647,0.009195308828721906,2.1867969200815582,1.621430863511903,0.49049282674652744,69.74938384457816,89.3633707525806,,139.12571421605696,False,True,True,False
473,False,101.15138188695273,0.13292660587030145,7.003989244458691e-12,91.86518232794343,921.323065369315,-28.76552581550477,0.010167423543231557,1.5316771313977942,0.9643605091771986,0.34532446257271515,64.19135175212129,89.46209340040987,,254.09549597288265,False,True,True,False
474,False,155.51410312195267,0.07530829407976054,9.395171482661088e-12,89.99786075793428,1079.4457764173037,-31.10015077399148,0.010622584873113006,1.6047491029733099,1.2194590896438828,0.3779002323982538,69.01083147376337,88.49914312188378,,215.12111873438633,False,True,True,False
475,False,133.71839493775278,0.045236997234371905,1.1535252718106947e-11,82.26755137802085,1056.323079643704,-30.40367443815222,0.010411855511344987,1.0650348259435136,0.870357730119657,0.2560786137183163,70.57777453379882,87.93626117930208,,291.75011874228426,False,True,True,False
476,False,82.38527250451116,0.14860369314313926,7.175479707471432e-12,87.81579368937686,1068.090871469177,-32.09617980966757,0.009747442042805402,1.780028536303659,1.2247953297623888,0.44131564145619867,63.96821324083476,87.93127889370406,,325.01583658523873,False,True,True,False
477,False,184.0606114761585,0.14016035163538956,5.188667273469586e-12,106.7297387618531,1085.485283242108,-31.042689310178265,0.008806735214326991,3.2683345295354176,1.470174594577353,0.4369048287536034,70.28211272558377,93.6322088077387,,276.4005591536138,False,True,True,False
478,False,194.8926219391783,0.15675105288117322,4.82264663186691e-12,84.2449088793267,1162.7920923977044,-27.484386476461918,0.010387892427817007,1.5017313820878868,0.8526241322209577,0.39486876561094425,53.68782671182781,87.80143111915267,,271.0768632083404,False,True,True,False
479,False,122.66628791022119,0.06535470619003719,1.0882563047058656e-11,90.88463604484095,1002.4434382310669,-30.7564836520293,0.011939958054786336,1.5611293260495183,1.3712615745855132,0.340336734622188,75.18075756443037,89.74387603339994,,226.27929731925033,False,True,True,False
480,False,82.46063403697823,0.05808636171774537,9.020981742834937e-12,95.61603162807859,1042.047183148102,-28.437242711831622,0.011921625437613909,2.238912130594398,1.3678187208577945,0.22794427626687977,83.3351983862357,94.56272706996252,350.1328659057617,161.7883478456604,True,True,True,True
481,False,304.87064756044236,0.14664527407295672,1.0550046322405115e-11,83.29128554769238,1048.296816976067,-32.97300475816501,0.009202477869106312,1.1734630016283172,1.0097022297984009,0.6828929667827801,32.366895246024384,72.15066814167376,,360.9462025536796,False,True,True,False
482,False,140.25543502876022,0.09789351623088915,6.267166396424186e-12,84.97367064261374,1009.6280108637181,-31.863983182816206,0.008416447048672004,1.1646788454953092,1.0953156983674703,0.31063415369191116,71.63976065029466,87.98744822050347,,267.90158812908396,False,True,True,False
483,False,251.15831329118856,0.25,4.867084962577116e-12,87.62885902443028,965.2949006150504,-26.22126730764424,0.00989040873615841,1.3857505508163486,0.9637949744290747,0.5375234392498155,44.228445518899974,82.515628542718,,202.25862235617288,False,True,True,False
484,False,144.58341487044788,0.16827965770565062,8.952845298545505e-12,82.48900762831663,901.366967568228,-31.734201449157624,0.009537524156653463,0.9626453798443373,0.7831711462239007,0.4138308556761789,47.15958859420635,78.04174025814397,,282.5395828946718,False,True,True,False
485,False,137.1091457326568,0.08625773142723298,8.660678198052383e-12,86.78893815417335,887.2580243917405,-35.37952358927718,0.01179212797722335,1.3533374867478758,0.9252059905757057,0.2803300894211109,69.70079179376296,89.24506854522352,,192.11476050408154,False,True,True,False
486,False,166.40665122503023,0.012483921392254769,4.439987938863624e-12,94.11175004632122,1032.9914338894628,-34.16376654194587,0.0096492440845845,1.8980274043281393,1.0325891965003662,0.08286852713834891,91.97468582673483,97.68528126781129,395.49598693847656,194.2071139791749,True,True,True,True
487,False,135.58952095569663,0.16542223773636702,1.528546387516922e-11,82.7139815832757,939.1035499786211,-28.7740240296113,0.01043495866920389,1.0118182928969417,0.7783141609549994,0.5081802133581104,34.70757197394839,73.79488059872156,,251.76526559866008,False,True,True,False
488,False,128.63148850216564,0.056853072845344466,7.727460318494012e-12,99.34999637380382,867.5205717413537,-27.588329555723778,0.011566916307060764,2.0758860128166194,1.3066017432706523,0.2116400818017178,83.80225015834237,95.2318789481674,462.0426368713379,152.27613344386415,True,True,True,True
489,False,116.30382811731853,0.12055647886294955,1.1034508356194786e-11,78.67069644052533,944.9628197631903,-32.99652057265991,0.008003148376467172,0.7663080294408009,0.6080037623887683,0.3179158761926028,47.71152814193906,76.93067225338585,,236.6954196469661,False,True,True,False
490,False,97.82004598874035,0.0250794709319821,1.0212296302373411e-11,89.2586319760047,1079.3139769890518,-32.0287459634473,0.013532401207953163,1.6120965157279439,1.2802828595835778,0.13986007370080325,89.07584580595777,95.72692793466143,348.6893081665039,175.29141369807172,True,True,True,True
491,False,122.172677262007,0.09033415197096413,6.7800013093567154e-12,85.96996492123546,863.9426129188416,-25.583543910422783,0.008993681826524224,1.2339995267007764,0.9035340855967492,0.22929751353047625,74.62215126294498,90.46038401178859,,145.70890854421245,False,True,True,False
492,False,92.60127716539843,0.07976154004192443,6.880054749689648e-12,107.5858072650048,1030.3980900970803,-39.8633789081105,0.011187659358509171,4.14149376298325,1.7861930576715648,0.25740022212455543,85.58945120634968,96.7661389818912,304.3316841125488,193.95109913628582,True,True,True,True
493,False,193.76000303348945,0.09434967573915808,3.9373026477867564e-12,88.67708422581009,958.8179644807449,-29.997223138902076,0.009367309989898522,1.4219211240184348,0.7282027448644354,0.19619030481767522,73.05828545672419,92.41874785251072,,169.47480995394122,False,True,True,False
494,False,128.4004787117528,0.06915234121272051,9.092999660956653e-12,89.40158049954555,909.3974672825613,-35.09778224743358,0.009788645217524235,1.3940787629619615,0.9180595813351312,0.24229389198708776,73.60804277705806,90.77546942699723,,271.017281285564,False,True,True,False
495,False,69.30835423685211,0.11548924336853708,7.527952208470796e-12,90.51533917032675,1106.0338179097491,-26.5870205653546,0.01004100755829219,1.8557857991123958,1.3096196950721914,0.36545213386737013,72.09478940775819,89.47475387981763,,165.89249971645987,False,True,True,False
496,False,96.59424178450044,0.044777024432505946,1.1538310080822131e-11,86.2337035269758,857.7673785339936,-27.196158748594073,0.01032671401956625,1.2504230249488504,0.8663545164303743,0.18261129311523291,78.92187439991159,92.3506813273918,,192.75889765937367,False,True,True,False
497,False,222.56038893806075,0.09654012943303973,9.732973606970993e-12,96.33294795021364,1292.7177549596752,-28.340709543283438,0.011752105102240453,2.8745827063391314,2.243472518366414,0.8418200031811626,62.47691931639374,87.31639808577715,,323.72620402603496,False,True,True,False
498,False,132.80819831369354,0.13250447214688,9.498464718612491e-12,85.6440024576389,743.5804956913503,-24.125106874250864,0.009359452066469825,1.0176563572890156,0.8449036314141547,0.35267983390794844,58.25798105309931,83.24297627652211,,140.0141517623873,False,True,True,False
499,False,72.67509117885915,0.1875025824824063,1.4341523116414937e-11,84.3050253457593,957.3932389639457,-29.18472460379834,0.010502604997184339,1.136615515765359,1.164897594758879,0.6975138332764014,40.12230462019461,72.25188128769555,,216.20256158803315,False,True,True,False
500,False,153.20379900545666,0.03671734082232067,4.926185559236578e-12,80.80569916215586,1043.7958688207157,-34.9777759745484,0.00812642835074702,1.0863914452768206,0.8272262451640725,0.12492398109154686,84.89845047568947,93.99235489954687,488.775691986084,294.30914710478896,True,True,True,True
501,False,81.03986576011143,0.10802119153140341,1.0048492427396533e-11,98.36796651395689,954.4799333268484,-31.483613224120916,0.011340866088785876,2.1095660113449077,1.3386303251596519,0.41283063723406926,69.16022075139878,90.42764596473549,,264.55438340491156,False,True,True,False
502,False,125.06308443890471,0.10653623011393415,6.083547355233865e-12,73.39000587785583,941.6090318082154,-39.056226742003695,0.009159779835014063,0.678069851261984,0.542376985814064,0.2209181560305691,59.268523221170824,83.86226528867039,,355.98326045420714,False,True,True,False
503,False,131.6101509494592,0.013064890298789508,7.28383961341905e-12,95.81715948130321,898.3044639767927,-24.913265964569508,0.013131694389445161,1.8366311338603423,1.2370721775602733,0.08144430132565907,93.41636625550163,97.9889482011848,359.926815032959,153.36407002813948,True,True,True,True
504,False,116.73162684713077,0.08004507803039404,8.718861809617883e-12,83.5402684487546,1083.3412372337136,-29.640421877875514,0.010100880247025297,1.275631223036599,1.1230978529786941,0.3295925690653743,70.65326336514447,87.78148031473593,,287.35298019937244,False,True,True,False
505,False,187.2856713656105,0.042381693994089725,7.461847327587476e-12,95.22554314734047,921.6957467186056,-27.30000315297701,0.008585368544806904,1.7398058287279532,0.951681460572712,0.1956493856105435,79.4417151414504,93.24327788775715,,162.61913415706266,False,True,True,False
506,False,131.06395761059687,0.08134459614052533,8.77873889339597e-12,82.40139175094465,884.8979073290593,-27.253971293034997,0.009781222920591248,1.1343580660607433,0.7326743276234641,0.23733525627318883,67.60699162982544,88.50476070985923,,199.33900869739378,False,True,True,False
507,False,105.75295434053717,0.13584882646047175,1.5282788218384915e-11,84.1644203207058,898.2111573331632,-27.5251336811162,0.011630141631434453,1.0547789811578483,0.8022454990088039,0.4474173204562844,44.229376043981475,76.95061060059982,,184.916653430939,False,True,True,False
508,False,192.53230374101872,0.027264335804162855,7.169765667892889e-12,84.31258786809556,908.34115165057,-30.541534339399302,0.008768947343219539,1.327878395043157,1.068587264384732,0.21674825656812885,79.71637284176998,92.52565157941964,,225.35761563669772,False,True,True,False
509,False,118.67410026930179,0.16477228523629348,5.672890724566628e-12,87.4886526154853,955.6498733012307,-30.01677312611873,0.011745321525765195,1.3199388697616576,0.9801002489978655,0.3719637120625405,62.04840143211201,86.9988110770428,,154.62281559864758,False,True,True,False
510,False,146.9373642671606,0.04724601650648663,7.67188545685891e-12,92.83110615069066,992.9911461430829,-30.6477743426112,0.009174645968555026,1.647122908401302,1.0718386980151182,0.19715755942680976,81.60566885745817,93.59528549773476,551.6158485412598,216.98996896236304,True,True,True,True
511,False,98.84880289032421,0.0524480101558892,6.8373747508858336e-12,105.14178900184264,1009.9058675524813,-25.95913469002105,0.009122720966280142,3.1621387461549784,1.5903536028569583,0.16851488214669752,89.40393621619918,97.18225524835044,283.84042739868164,128.74306970664395,True,True,True,True
512,False,135.3918909167089,0.026960369974796672,8.146436722033439e-12,91.56677760429345,784.0400806674306,-32.65957736874459,0.009217111619135448,1.1190975873204507,0.8023781546082266,0.11420308891859877,85.76692445292704,95.04144825624712,473.32780838012695,269.15192596286937,True,True,True,True
513,False,123.77932670380517,0.10972456057512063,1.3467596771760831e-11,84.38889416773604,989.0905141992114,-26.138321616185735,0.01079933166911231,1.2110963569969473,1.0080523967677162,0.4840638188005865,51.98029186253416,81.11887000040944,,216.15905621131182,False,True,True,False
514,False,93.16295264818535,0.06069807490278828,3.2713356455287346e-12,90.37288452443377,917.9249216724004,-27.17336735621284,0.009614749249710862,1.4880149433149759,0.7808739935917768,0.09647382767234274,87.64540393660785,97.09490955900273,288.7385368347168,198.53023365772117,True,True,True,True
515,False,99.92345498791758,0.02790556343339174,4.522549098448968e-12,70.7344308305028,1112.5719483723065,-28.515047914418915,0.00646004848431758,0.5312814011510559,0.41023176943892126,0.059239830085394365,85.55942408692107,93.73888699370255,412.21492767333984,386.04879880309517,True,True,True,True
516,False,188.45574843001285,0.10181757489623754,7.1275316872630566e-12,91.16558512107802,846.9242324612507,-28.66520106568998,0.008154157377060982,1.3637218688641375,1.0247300229343832,0.34212250902907043,66.61340046919094,88.02124483636474,,247.72941318654276,False,True,True,False
517,False,103.47162246503657,0.1053418316351639,6.76428858882131e-12,86.80226015499304,775.8779978263128,-30.53543120367723,0.010145313103604338,1.0725180369691878,0.6761907080906591,0.20671471224958285,69.42952486979932,89.73926640232189,,159.1231871612231,False,True,True,False
518,False,79.73521557640561,0.16391171805639454,8.21934293207414e-12,90.01364894283259,1000.1788340276896,-24.739308939909805,0.008586812602288172,1.4434634352734137,0.8800887796875915,0.3832230681119012,56.456317026569145,84.59388729226224,,211.87595606517985,False,True,True,False
519,False,130.78273163561155,0.1192512822741083,6.4742588096031025e-12,97.186817087781,950.0823728215535,-35.69363485456067,0.00890950972474381,2.034344613545223,1.0749934554146383,0.3002855618153206,72.06628930596636,92.0168941433339,,234.61803042751677,False,True,True,False
520,False,134.72716348992796,0.07756950440735791,5.3986293360545726e-12,83.53837318896143,1060.4011066361174,-29.67558486056109,0.0070612323304887845,1.3995504462998951,0.8958801423292756,0.19792309599039248,77.90741343191343,92.30498724745009,,267.4986677816188,False,True,True,False
521,False,137.56962202996922,0.0655946282675336,1.0266490724210514e-11,93.24607400012894,1070.103006023983,-28.179436569321616,0.01112200841878335,1.8513208274509847,1.3250797158675554,0.3276335151603712,75.27442981452151,90.5951721835766,,189.6335053808296,False,True,True,False
522,False,123.09971937808255,0.05073753365058362,1.2582435143782428e-11,85.09335274760767,966.7085053512799,-30.44985962849618,0.00947370156268511,1.0116073422836618,0.7682294888756229,0.23969610791698365,68.79889259812172,87.26948589202625,,314.82602338651657,False,True,True,False
523,False,126.14839036625304,0.019511284978453003,1.247209546738403e-11,99.64750540727377,1059.0164945104088,-31.846023132467504,0.011196116633722115,2.756370804264543,1.8912308072364143,0.1798797966425059,90.4887443693159,96.84865855587431,393.06509017944336,262.33201056563286,True,True,True,True
524,False,120.69733035176081,0.18000130676041123,6.4971591070740745e-12,97.16972348270366,944.7675375937,-34.5775103054949,0.010901827706627495,1.9238187284701522,1.273201652867211,0.48013499611526106,62.28916330464921,88.76459682970058,,245.38065567245104,False,True,True,False
525,False,71.15991412137443,0.138004476265421,8.243689094360849e-12,93.38557304145506,932.2463435877501,-18.531303847257178,0.009695962823324883,1.8816632671956566,1.0450044985885034,0.3605415042583934,65.498569169283,89.39699678449068,,129.48628939930305,False,True,True,False
526,False,80.96302556927144,0.10793842665188981,8.011187182557963e-12,86.29896072973078,1104.7014619235522,-31.338065538519047,0.009370613202613483,1.4454982755092018,0.9230034696825727,0.3495041054328187,62.134042079710106,88.44681155207209,,352.074805824727,False,True,True,False
527,False,113.97593800958822,0.043872125578546146,1.0255756192866761e-11,98.36989849087001,1162.1193030405564,-24.49548867552203,0.01014326431635228,2.468453577955414,1.7514696354526003,0.2604959564831331,85.1270069882874,94.70113724840411,421.0306167602539,223.14619831423624,True,True,True,True
528,False,122.79379822719898,0.08925916452581899,4.034604764944796e-12,83.68580641430734,1132.6940076871228,-26.997336207146414,0.009872972833785918,1.3673878129252277,0.6664621841941343,0.16326088694103316,75.50335325650273,93.3544348982714,,221.05372423488205,False,True,True,False
529,False,224.6427212296055,0.18236776702519442,8.292319306389787e-12,93.14821651621615,1006.1859066871042,-34.687014253549684,0.009125239507508187,2.0601877427521824,1.3423006194523144,0.6750590441709318,49.70880334940399,84.10198879650723,,269.3862462305778,False,True,True,False
530,False,121.49930496347834,0.08322240262970393,4.819926992565733e-12,78.48730325517613,949.1331269827687,-28.722398468837078,0.010501752340323762,0.7833541086084744,0.5107319046599005,0.15164948116899518,70.30741964906628,89.86224558142023,,224.73942716954522,False,True,True,False
531,False,62.49368422774711,0.13236166989791964,7.526911896743792e-12,93.26766451174274,1024.3707844241228,-26.921726967890045,0.011031559547891272,1.924141386672973,1.3857626375489205,0.45202392179902023,67.38085516589325,89.89870864047276,,227.15949188445433,False,True,True,False
532,False,142.5814227804573,0.11441128356429714,1.0892417758010607e-11,92.96713966555781,945.0353133602551,-32.59892703122464,0.012804339095172876,1.9261570452525976,1.3997204343553769,0.49226919052379414,64.83089205234742,87.2797166145824,,188.13385176465806,False,True,True,False
533,False,124.81650532803239,0.11210752157907673,1.0089420468847758e-11,96.06294667396261,876.2142010725049,-31.60903094357013,0.010878897035519851,1.698292747175788,1.3135191951258247,0.43666470108425415,66.75612334371519,88.28447755040979,,187.57405130990296,False,True,True,False
534,False,327.34168997388576,0.048275695977448095,7.431279335675273e-12,87.82099371801415,807.1123489601289,-29.81275921474282,0.011640671305072925,1.2239680166768596,0.8376513815237842,0.41688712356121954,50.23142887881902,84.46174087418635,,166.5233986848996,False,True,True,False
535,False,95.89309930973587,0.03754805449870055,1.5785885319164974e-11,88.81949124894835,950.2082570187904,-31.04618093002701,0.011321242811565553,1.4147991296996931,1.1675028417026305,0.232173101641454,80.11370136771026,91.30097935103997,587.4846267700195,177.1928074135292,True,True,True,True
536,False,150.9016175813235,0.043652680995872446,7.767403975436998e-12,86.62045571850642,923.0088243865783,-27.70047138857615,0.007007504197990616,1.4042466479813225,0.9716850445842335,0.1866982016554809,80.78614025233189,93.16666398745214,577.5567626953125,256.4627414193731,True,True,True,True
537,False,241.04069284661458,0.24053094025360394,1.2743633034952468e-11,93.51154151212305,868.409584642877,-24.73121254477762,0.014116888008607215,1.8477161177189791,1.0971517694437207,0.7582451846170579,30.88967217347658,79.71729327231259,,124.68755304338003,False,True,True,False
538,False,110.67430177274522,0.1931329152525316,3.697871561999834e-12,94.46349183991582,961.6182229739421,-27.36421680009154,0.011681089389702462,1.7431506601492586,0.9144720066386836,0.3008673255775785,67.09934001331831,91.61898191385231,,105.84807561621756,False,True,True,False
539,False,126.79743555410397,0.031124451703293147,8.277192941796916e-12,84.51694932278427,700.0,-26.823948103053812,0.010580534055381273,0.8825581745369752,0.6164075981655663,0.09296822491701519,84.91773540856904,94.24273103354966,472.4426078796387,133.2801686817066,True,True,True,True
540,False,126.99390628454549,0.06036070229439641,7.14035835960484e-12,87.22668570692994,956.3534049028153,-18.800537429757473,0.010606290973610611,1.5927513111353515,0.9170481184170853,0.18859570648945556,79.43448084109367,93.7110024370237,,107.22170083970852,False,True,True,False
541,False,55.664719680894535,0.10325864110898862,5.896828256395566e-12,104.8987414652896,1116.6455327700987,-34.104819422517814,0.010658033353625085,3.069194898858743,1.649437652403,0.30543973683407416,81.48218961843807,94.9671928305768,259.9717903137207,171.29421730881774,True,True,True,True
542,False,67.14254184753601,0.11189110266116084,7.493654300741103e-12,101.14494564689755,799.656113454911,-32.368602706486506,0.008055238570206815,1.9988094717482523,1.1661626247541597,0.2813271520117831,75.87582160154636,92.82881446290796,,226.67912747306622,False,True,True,False
543,False,97.04403203628014,0.05609401199007326,8.554395432878466e-12,82.12953672328143,928.808939439715,-35.34425092948439,0.009083199664573102,0.8722609121444023,0.694602393208218,0.17651581157639817,74.58750310935298,89.52686155350756,,331.3367126644166,False,True,True,False
544,False,164.65990482241216,0.07215902990681972,3.746315307598088e-12,86.86864404873926,1059.2991710517347,-32.357684339257645,0.012276035893241815,1.5091858071316917,0.7812329359408507,0.16641119234573107,78.69890212125792,94.43227990840799,,205.56801024176144,False,True,True,False
545,False,163.58018687214079,0.02617981345834589,6.2593054628378634e-12,92.35282860021428,1076.0068826270103,-23.42442951581316,0.010327738378726279,2.2039484966966705,1.168320900170999,0.15747402840649674,86.52133772635169,96.38846984863247,476.7823600769043,163.53007488504693,True,True,True,True
546,False,114.44975305503472,0.09359415821594311,6.203552518224551e-12,94.11544631860865,906.5211730773087,-24.6783094660815,0.010206900172117804,1.7613950608138276,1.0322648023382615,0.2374273409303412,76.99937647854247,93.2772378103104,,173.5323998473861,False,True,True,False
547,False,109.68704121594017,0.23477328224921265,6.808800480371091e-12,94.29332625931175,1059.907404471971,-26.11319704098943,0.010162533341928017,1.907262990421919,1.3560693687217769,0.6247676854517239,53.928043810868886,84.06566737859148,,187.2206905748852,False,True,True,False
548,False,110.63862169462689,0.032309376234895264,1.0218953223871544e-11,96.91405748224727,1012.2516858967543,-28.78855279290995,0.009477818399674497,2.0963364920602205,1.6948562510779817,0.18674380717380798,88.98173181029169,95.82532729362988,359.56138610839844,228.02643656026478,True,True,True,True
549,False,103.36546027976523,0.17200928057469406,5.558309307681003e-12,95.66281478008776,860.5637080252021,-26.63208921508365,0.007688114818931088,1.7007589907348584,1.0518256100204852,0.35782908631602334,65.9801888348151,90.23531681149714,,206.91195431683383,False,True,True,False
550,False,92.65500387937989,0.07199008438072775,6.57726448047051e-12,86.3407629940716,1049.151565519546,-36.785465980182614,0.011296543331467618,1.358381133936335,0.7103518555401699,0.14514215707050915,79.56756839043669,92.8755601296704,,174.10052842058204,False,True,True,False
551,False,98.61504438130461,0.14271888344333777,8.022705449983519e-12,85.47080384512925,997.2722837299593,-27.051623383253162,0.011411302617180423,1.3367148397862625,1.0427637762568125,0.43826539287404676,57.97078850904478,85.51459306395309,,285.21423165829214,False,True,True,False
552,False,217.19334031415406,0.12128336306080245,9.650657736462383e-12,89.7257115833651,930.4358599856296,-29.360711974197862,0.01259435551302272,1.3890812786512177,1.0877778693557374,0.5389082061307399,50.45788103320017,82.50644478179959,,216.34504038044238,False,True,True,False
553,False,67.07425752007613,0.06666513496374157,2.035837919233705e-11,88.4835003092376,929.7740999348912,-24.531760442707352,0.011670684985013242,1.4750259822907854,1.1200347033222757,0.41040645955374966,63.3577014768925,85.47882544438853,,150.46612969958696,False,True,True,False
554,False,71.87918514861367,0.05289210031686197,6.994808581224789e-12,83.46192483112135,885.1878358407008,-31.506528379191337,0.007359904017570993,0.8324045674741118,0.7978180222320341,0.15587534677434736,80.46229310059215,91.71512025121625,458.3724594116211,426.7667531686439,True,True,True,True
555,False,199.8471813082719,0.09976293453415165,8.256835174441306e-12,97.64497869242962,902.8938612178174,-28.949192042507097,0.008065580136032788,1.7957727710490197,1.0789663783525274,0.375330417021486,65.21389131748687,88.56680886334442,,180.7874516990229,False,True,True,False
556,False,80.60628515117878,0.08724455118264049,6.950531883065503e-12,94.36385747764442,899.1993269229146,-35.25773371050001,0.009783586139274424,1.6346378833591695,0.9219922720237862,0.21320085425133373,76.87606927731024,92.96927591068362,,259.09232310909425,False,True,True,False
557,False,160.05183734822003,0.06573207384036686,5.607153727837294e-12,91.34418708449613,1138.491229200196,-35.74250040171498,0.010405685935747453,1.873859848145331,0.9899132976885362,0.21791233417622644,77.98672523290118,93.6181772808541,,286.4034323144812,False,True,True,False
558,False,103.7332485867287,0.12295602138952302,7.203600223923771e-12,94.32982346604682,1116.9179263581461,-30.809189874741516,0.010535518850010209,2.267285064781696,1.296092506350552,0.37357619470993314,71.1767336914999,90.99325225844349,,144.88179320778735,False,True,True,False
559,False,88.41175417109775,0.07745266372611506,3.935018581230534e-12,88.29221568510236,743.7341635630005,-28.905062546360117,0.008869411862184396,1.0445254820495964,0.57676231996299,0.09585317553310503,83.38081871588703,95.05152381336825,347.5907516479492,146.31367857965435,True,True,True,True
560,False,178.54104217984852,0.09331526959450936,1.1587722481337422e-11,87.8297121801673,920.4488831775424,-23.33562173239605,0.007578178623973404,1.3776801490334682,1.0989896543543047,0.4633199651338631,57.84128055272003,83.939157678847,,287.24387795797435,False,True,True,False
561,False,148.8058951440748,0.13837966310818064,1.1098235519182729e-11,88.08837357347534,1181.3748179633144,-27.448705541945742,0.00870774482286199,1.8334882465826126,1.326564612450946,0.6413959708631722,51.649850686267264,83.19372759138524,,381.92231792067963,False,True,True,False
562,False,106.93812270028698,0.01697156259736599,4.804299299805873e-12,93.5971293406699,700.0,-30.035925120547088,0.0086639827302767,1.290578756149855,0.7706787676356535,0.03554524624770882,95.38779998354474,98.68673017593879,270.98459243774414,166.40393539063479,True,True,True,True
563,False,87.66229747105538,0.08830338493439346,6.883922872777498e-12,94.91071840930364,978.6030592857669,-36.092088351187186,0.009693512344186448,1.9227709310725623,1.124659576791429,0.2274815319354582,79.77329881594515,93.27435567884362,,196.2036027195343,False,True,True,False
564,False,110.24980482729383,0.11715634291951446,7.0800075378560775e-12,84.79084794121265,1005.1283233998972,-29.673924017975423,0.011143822528755669,1.3212952118903845,0.7835652343880901,0.2740501305367723,65.02523101975213,88.1691931418703,,183.89683598077545,False,True,True,False
565,False,187.2382067530636,0.15195245521906375,9.518975009815218e-12,92.09919301006835,903.6508254044801,-33.375862811256795,0.008386837311025753,1.6460557517199232,1.0183093697802987,0.492345652037614,51.65068036800663,84.47164406980781,,325.7377506462074,False,True,True,False
566,False,58.82981192485779,0.03427306259452234,6.942330641230094e-12,93.38226435221682,1108.4956223945478,-32.266641081431146,0.010750348668956057,2.1294519662874456,1.2682345575105374,0.11900662099760795,90.61635560292488,97.09560930984306,185.73978424072266,256.9045032698603,True,True,True,True
567,False,112.26771896236986,0.049346914194113266,7.746966208668493e-12,80.12003620998816,1114.227824250094,-32.36934670498227,0.009310217355455843,0.9260826212428148,0.7413164629773059,0.1728813227577311,76.67914697814777,89.85847957928064,,369.17960279884295,False,True,True,False
568,False,120.07791011318004,0.20041479406463514,5.765490242985189e-12,90.08401953101858,706.9112027460014,-34.6504787144626,0.007233716392944117,1.0349711255415492,0.6123419337694049,0.27837200792446004,54.539777112620705,86.08206210520069,,280.54513090569634,False,True,True,False
569,False,97.0055105139744,0.03470402010276242,8.550035963187804e-12,105.731855860725,908.4502875666922,-31.694722391165353,0.009254026825298281,2.9489258099801128,1.6867225726258173,0.14030784022728127,91.68162906548075,97.69592825935656,273.62884521484375,219.3462644239307,True,True,True,True
570,False,84.04158395112239,0.09908243438887358,1.1489745545429106e-11,89.12647455704735,772.4653848134832,-30.30479352502897,0.009576944378418807,1.1183205471301896,0.7606289017345705,0.28300324196574356,62.793519767606654,86.2796227317522,,195.01829480433474,False,True,True,False
571,False,79.09445504921601,0.007262780699358332,5.2372411876328694e-12,88.76293675181856,1044.1895613086404,-30.958720473701845,0.009145248622859075,1.4066985410348212,0.7992197302895266,0.01822626668646709,97.71949240043605,99.266484702071,214.29998397827148,253.2945277615466,True,True,True,True
572,False,218.40808507486912,0.22270167021475698,7.923374076867756e-12,81.71698367685245,977.1529320251188,-30.208356040715586,0.008376544974109999,1.1090621991839855,0.9163157428834178,0.568455281115299,37.962947212222765,75.0514644992466,,348.0411259156074,False,True,True,False
573,False,157.12385094619003,0.07111246870470875,7.935944898226949e-12,86.88807991511791,1033.9949589794157,-31.34056252910969,0.009594671194524168,1.5621451861592404,1.058341128220761,0.31275011217624504,70.449025948559,90.64802414991019,,332.9367480507001,False,True,True,False
574,False,108.98051267679386,0.17417561458208844,8.889908952901097e-12,87.91309037063574,1027.0916237490417,-25.36214605881747,0.009854553755697609,1.4279847998250468,1.1482757849968246,0.5491826706438009,52.17327772480027,82.05917574734093,,286.5835622804042,False,True,True,False
575,False,107.26873765405354,0.10298593016594228,7.83635622190666e-12,82.95690372811023,1012.5082806040687,-33.279321731807286,0.010411897500899565,1.143699467999603,0.8598305746578092,0.3003234616022353,65.07178618046278,86.5578152321283,,288.74708442172425,False,True,True,False
576,False,154.54058490260945,0.04682729286367963,8.147565725115216e-12,94.37520145671861,1122.8493244640104,-26.391541963842602,0.00934263393206449,2.189836457096927,1.4392739492668627,0.2642758188005984,81.63825455638829,93.8680189612388,554.5755958557129,278.3891948026905,True,True,True,True
577,False,102.52831836242794,0.05563513421792264,7.555207272637286e-12,92.73832796358558,989.5135998854987,-35.65369546656919,0.010970058147642184,1.6194610912643004,1.1142406919013164,0.18165236224946815,83.69720621677347,94.0253887631769,409.8680114746094,215.04128549718143,True,True,True,True
578,False,218.00629399612666,0.1707249535987062,8.999071310247708e-12,65.0,918.6871274535982,-34.31640638909371,0.007997177163646514,0.33465224873585764,0.3043968111350137,0.24153214633819495,20.652208727947375,63.02412790116488,,432.38365817174764,False,False,True,False
579,False,119.38727584377138,0.054100477012906927,9.447149941483146e-12,94.84845472964497,963.6519699395228,-30.977834742993007,0.009184608533068316,1.9020231871966162,1.1582265683768993,0.2207569242589824,80.94009149105051,93.78586146085061,548.479061126709,246.33517289288852,True,True,True,True
580,False,97.74556714675607,0.17006322036638197,9.156645816433216e-12,93.06179765116923,867.3931125048459,-29.65335835871536,0.009244652390260387,1.7180946078277,1.1353283963091334,0.46872641750652483,58.71446367145234,85.92368630109264,,188.59417676322684,False,True,True,False
581,False,151.83410468696337,0.1496905902850857,1.0862792087860305e-11,91.90352381888754,1163.4918702135678,-34.34572937851445,0.010557729026579168,2.0842521734257162,1.679299505927015,0.7224089015311016,56.98153313441762,82.73405813386464,,285.6810554157424,False,True,True,False
582,False,88.01654070917158,0.06726964901217856,7.117020085520709e-12,93.19998363950447,866.929155800485,-30.07864963221934,0.011568900675911181,1.406896607120023,1.2864040462678872,0.22958817812415494,82.15271641983438,93.75616147886386,399.20475006103516,229.80337283578584,True,True,True,True
583,False,220.2576255257616,0.1807446452673192,7.235970089382857e-12,92.43189243593233,1081.7389697347558,-29.74589253038167,0.011382437278975444,1.8925403979644246,1.5402479480260665,0.7588855051982283,50.7296532242882,84.74772562590968,,294.975239426074,False,True,True,False
584,False,104.72439548342676,0.020294373395940694,1.011558250816355e-11,85.31850863604794,754.6473479855285,-25.34552905244713,0.01085755197857558,0.9298100656028265,0.7338457829860274,0.07400490120940531,89.9154695815954,95.5860889396225,366.98572158813477,131.16940046384525,True,True,True,True
585,False,103.89729500750353,0.006591425631399917,6.069582956205188e-12,94.6932891802265,1040.5726713960184,-27.51389978028354,0.008454845408806474,1.887519332944279,1.1941319302121507,0.031267618154059394,97.38156083402741,99.19197442203101,269.5047187805176,255.0833589961194,True,True,True,True
586,False,200.41038688796905,0.05995485125397689,8.585832759065886e-12,77.54246131571661,973.6082163055261,-28.796813408735144,0.01101012648745824,0.9021810600034205,0.7083659523306558,0.29483598928967597,58.37801233675748,83.58764270251339,,221.38707446441407,False,True,True,False
587,False,150.19565646375906,0.057643502375969484,8.890571199753482e-12,100.92654664848914,700.0,-28.92977808325971,0.00998999425879217,1.678318168865582,1.2107867837719397,0.22856667244524503,81.12246718342962,93.92239764777528,561.9999313354492,152.55279759729842,True,True,True,True
588,False,86.04960254846996,0.04318747961198457,6.666821209524086e-12,98.63448349641159,856.7798950156034,-26.410898068439913,0.00836823241944279,1.9388859871371993,1.3505597082963863,0.13048142171134447,90.33871505940782,96.95554988716425,251.9822883605957,196.9171827875016,True,True,True,True
589,False,94.18040435065333,0.0785829836083174,7.271159414730843e-12,91.18055409837035,866.6295988379575,-32.35243335020542,0.008719792806277977,1.4908934395024944,0.9534379302075641,0.20595908659910997,78.39827008410788,92.78673803736994,,220.57980096374357,False,True,True,False
590,False,74.44315763075119,0.062420974950438995,1.046352458439839e-11,82.61852543262293,849.7505094529747,-29.339944258699596,0.00927187266057222,0.9367392783846843,0.8556905543437386,0.24904505565233467,70.89543008414569,89.1057252346263,,330.4547784033937,False,True,True,False
591,False,142.42967542399342,0.03669450783199996,1.1337370173250984e-11,77.3371457776727,1051.194397979279,-33.064841246604324,0.009375902474763465,0.833345408174399,0.7560400024383813,0.21401409829826573,71.6927546680034,86.17361236478546,,279.4220824605264,False,True,True,False
592,False,76.9114716388748,0.17444547223589643,5.951524673566072e-12,86.63445380048137,976.8137717489631,-30.236481462550802,0.010592699310938513,1.3394119227748038,0.8803507412113385,0.3659754401692295,58.42845095289437,86.57353429436927,,223.03053004898814,False,True,True,False
593,False,141.51051460875016,0.14123910175314242,8.934048336746319e-12,88.76367393318426,994.4760602363708,-38.71753478026223,0.008682950841765439,1.6880898012562473,0.9677659090820475,0.39488787487340615,59.19593042412827,86.25184510088373,,278.56300894009985,False,True,True,False
594,False,134.25404727419792,0.20350781186091013,3.8687356461829935e-12,92.68296929167676,929.7388124947737,-31.60834377807587,0.009035623835531296,1.6833363641509775,0.7028983911178541,0.2630559780378947,62.57553277088262,91.12193014372741,,210.3265840108894,False,True,True,False
595,False,164.77547413290316,0.2240515890480187,6.5555548462967195e-12,107.72659789817351,793.8860935131129,-26.20522590806636,0.008796772561278024,2.6541100272633087,1.4089878384781727,0.5545089251425434,60.64487499470113,90.41761754267984,,152.07627745984004,False,True,True,False
596,False,111.19881552300882,0.027164058537594366,8.339478173432516e-12,67.25148740666575,1118.5226642140842,-36.79989849794476,0.009147959492516254,0.5779283572388451,0.6606697774846688,0.1419456203939767,78.51489121624446,89.9419434684745,,489.3928431407241,False,True,True,False
597,False,121.6110374528649,0.1838878900515762,1.7516817900151613e-11,95.71978023196182,1038.7972279932271,-23.574857595889718,0.009071928089767943,2.0664276912850426,1.8434684051986616,1.0446009280278252,43.3350240729917,77.99583927657818,,316.6166159835743,False,True,True,False
598,False,80.35997779489786,0.23819428080823898,8.79850145035194e-12,89.5319100622854,1050.3869005396532,-32.74772194824595,0.008620012886320153,1.6080650218018526,0.9658300971489866,0.5295955974287082,45.166794968182266,80.3957144797379,,295.8157683552072,False,True,True,False
599,False,80.26619800542794,0.03529180724449443,4.843105229183878e-12,80.32895608328862,1067.701234557304,-31.711758716111962,0.008016359317911186,0.9862849004859212,0.8496353207512993,0.09128789622356437,89.2556378020111,95.66431231060575,267.9658317565918,357.8636508477794,True,True,True,True
600,False,103.82460325013196,0.08328573104109237,5.8533325591483065e-12,89.30775104179223,1197.4682148180657,-26.55207219977364,0.010587025364328281,1.7816093872929133,1.0525666746768536,0.2389087805157667,77.3022663301483,92.85362071684341,,222.88358669263866,False,True,True,False
601,False,158.84956376975435,0.07658753547299409,4.569337356575895e-12,99.48556340546249,1056.2599294766032,-32.73278547845874,0.008834162232902617,2.484350029962435,1.3414763570272106,0.2458962685363839,81.66972774076284,95.75981387649087,540.101432800293,274.3122895830728,True,True,True,True
602,False,137.19853029658304,0.06304545564412782,7.072102422705175e-12,95.36289570767043,984.2625275554159,-22.823443551218823,0.008361821806454206,1.9375643867224854,1.385510962494295,0.24170551857979855,82.55477400592608,93.96883041178543,503.1295585632324,167.99084244288886,True,True,True,True
603,False,85.13960674020767,0.09375328691820727,6.366013193024066e-12,76.35730735871554,972.4909955396466,-33.83721734005418,0.012207408809656596,0.7266541584100901,0.6825063191244338,0.23253925911357637,65.92862914267317,85.4504916043118,,314.1319076310901,False,True,True,False
604,False,66.29858396914553,0.05235533667777005,6.039845019104483e-12,104.17791346818984,860.6986708420461,-36.428171129582324,0.011183870337270117,2.3976437951397194,1.1490371601723226,0.11621586404128527,89.88580456145941,97.3296897051372,191.11907958984375,130.84523936611959,True,True,True,True
605,False,177.39916945915502,0.024435444496153348,6.091629928227685e-12,97.65979460138614,923.8560885608283,-25.9484059128727,0.00935983238424069,1.9617048136902178,1.216918605001043,0.15658033881826414,87.13304750418128,96.1181649623038,470.38848876953125,160.2077825476216,True,True,True,True
606,False,131.4175966126476,0.17734452611197987,1.0384330164421047e-11,78.66271530176299,1146.000423348622,-27.534330660041846,0.007993144264464699,1.050863402417694,1.020754924130698,0.6074413250193649,40.490972841823115,74.03637540151652,,429.02874121001787,False,True,True,False
607,False,109.63807274120374,0.06948812213879263,1.5938636236119778e-11,88.18984651138149,1015.6700866938681,-26.890240368543235,0.009484323172976742,1.5017448513560845,1.0855447378135874,0.3932667408735435,63.772405947485126,86.37284686690737,,231.93720422016165,False,True,True,False
608,False,114.64104594295705,0.16747197457859472,1.1953328312030093e-11,83.9505621439143,1098.0706112073353,-22.878966531924036,0.01461709325856843,1.3033157505517858,0.9968331067665919,0.5820331197625787,41.61177876098958,78.23371544433051,,195.75537178173653,False,True,True,False
609,False,158.52602556696775,0.105517479572828,7.883464109718675e-12,91.99749498293629,939.1550869071405,-36.44965228424008,0.00961105924544782,1.673679330520753,1.0412259488323712,0.36121830947999245,65.30836463641134,89.55244922913013,,359.39089670579494,False,True,True,False
610,False,239.44131853009623,0.12658130901936404,1.0454501976673049e-11,82.79119275924782,917.9635802730146,-33.684210808875775,0.008611823636823553,1.0588935898315042,0.8603346700315758,0.4999073206395698,41.89385386256463,76.36395319108942,,311.8157208140804,False,True,True,False
611,False,181.05246349101697,0.0983980231864067,1.1911729902422154e-11,82.1481220908291,1009.2565380237331,-24.6149910020723,0.010847811050984974,1.13684187632576,0.7465952075786431,0.4050688930398711,45.74450935017516,81.61038813585775,,257.4483276119981,False,True,True,False
612,False,148.80626025335152,0.0435921017313189,8.58858541753208e-12,92.89078665845315,1008.3408319056748,-32.98938637760993,0.009660348605563586,1.741390673447404,1.2770088103642503,0.23392609102365,81.68171674892943,93.38874686851972,552.8483200073242,274.23072211975085,True,True,True,True
613,False,163.01333267261734,0.053433547085979916,5.50264716126141e-12,86.26680017231236,1016.7568593617661,-30.367938033510107,0.010553118875519504,1.2749812351733365,0.9013932089085541,0.19441416510740078,78.43181386480536,92.73324142234708,,253.29731908576264,False,True,True,False
614,False,72.85884158976286,0.047458182561450485,1.2827448425668553e-11,75.74269433426666,980.4641067728477,-22.136860320250847,0.012792455204989051,0.8368115313087946,0.4931359407262381,0.17209576535733004,65.10175974927203,88.05874603071466,,156.44841673421777,False,True,True,False
615,False,65.39081769350788,0.22666900897262537,5.8131950325141974e-12,92.63166500222958,1239.2190011153446,-25.940090808899313,0.010542125734278672,1.9538222602487645,1.4268321625320723,0.6213409955475757,56.45311257597832,84.76719727935192,,171.0609051454972,False,True,True,False
616,False,133.15629388852503,0.011781789538292372,1.0644041810868656e-11,90.24403313930199,768.5371927711549,-25.634428345475456,0.011220451278584818,1.3274482156657146,0.8257422219009698,0.07375599170879608,91.06791565786719,96.76890994342023,416.0803031921387,98.5892149258371,True,True,True,True
617,False,112.88990333541605,0.02582905146263727,5.3655963475821115e-12,86.73830912403133,728.3246532468914,-31.723721309469344,0.01091197808285204,0.9979567270400949,0.6457742627851025,0.05675259562750312,91.21169750823765,97.15886165436415,339.26305770874023,138.4485079327904,True,True,True,True
618,False,95.84494891937386,0.24363887414977703,1.1636809321533005e-11,77.75766674857603,1050.140846726492,-27.05403291190969,0.009526168075519283,0.8781585230293398,0.7184193794044546,0.5036960501127237,29.888298596528585,66.99648527394709,,230.59196157123873,False,False,True,False
619,False,130.70046111601533,0.11703156584899464,6.869829303671165e-12,80.19254282655457,1135.797182775493,-29.727370747179663,0.01263108964012066,1.2616052743295019,1.1000736375076143,0.40810280106012387,62.90222880126976,86.25177783605508,,189.15189282892584,False,True,True,False
620,False,137.30075459450043,0.18019752962639246,6.917329360486944e-12,89.22183792224997,962.4152675361668,-22.87132379763863,0.01204326389785765,1.8089609891102436,1.3800075126038605,0.5272858952557237,61.79108516149909,86.6814412721411,,118.2252930943139,False,True,True,False
621,False,134.72321061394638,0.07961922964660516,4.640164077312951e-12,81.50861396114223,987.2133796551623,-30.641313235938114,0.011198972899060876,1.141504918626828,0.7820594044323591,0.1830439391736057,76.59462463641567,92.3478513398928,,214.31912480648356,False,True,True,False
622,False,99.57141821474035,0.05314131704093589,8.08036123790718e-12,80.70658738513926,1155.627804766793,-30.02590583627123,0.006377883892870221,1.0608839659533356,0.7151190072437689,0.17497634105085488,75.53185703659962,90.46379996448198,,349.12006725084683,False,True,True,False
623,False,137.4693330601932,0.060968574979985035,1.1440350713271816e-11,84.64915636075094,1142.9604476458749,-22.281055028562122,0.01052134655308647,1.5159874873412507,1.1097136951568245,0.35987542125505906,67.57042624366265,88.47550357760888,,251.69531389491542,False,True,True,False
624,False,110.14325960221495,0.11003998663600335,6.554761283040951e-12,88.9995026981034,1024.6513213684145,-25.06424307028705,0.01092604798082685,1.609839557180593,1.1637908064707447,0.32819779437914126,71.79924497131766,90.3911604859211,,217.40302289259594,False,True,True,False
625,False,98.90773305750358,0.12728958971048085,7.722140586883064e-12,82.4333344281179,933.1487735482425,-30.42738122362225,0.010543004450145776,0.9827750577796334,0.7735202332294185,0.315391806211441,59.226430975865775,83.86143722973662,,221.65153537152977,False,True,True,False
626,False,181.28550638567458,0.100082816222101,8.664535311948771e-12,90.6668729010368,897.1808611302146,-31.190565734094946,0.011837504812024082,1.553434619150484,1.1117646569624273,0.4106755976296933,63.06092345553198,87.89204387951982,,228.65990244251765,False,True,True,False
627,False,137.5764660099106,0.09367547586541049,8.05146428601502e-12,97.28079944279929,1080.2324389016007,-29.544262462044593,0.008289080569596475,2.535307790121485,1.5764594107500491,0.38504618469289736,75.57525540669012,92.3421248284915,,273.4508884413125,False,True,True,False
628,False,61.97982628899062,0.052584531160974064,1.1644099492665169e-11,81.55765846811418,1199.2465119220458,-25.579841485732583,0.009534987585441586,1.1456090982018121,0.8565664437333399,0.2683935304494112,68.66635012228362,88.37172579282986,,319.3252323800829,False,True,True,False
629,False,126.95125524812838,0.07268895167632647,1.5119488716747865e-11,87.34927966837078,987.6691666420827,-22.510495728648362,0.01099036244174306,1.5781398399836903,1.1407005286842273,0.41786419064605584,63.36775690565752,86.74594567149208,,226.50463524563068,False,True,True,False
630,False,166.80187367132854,0.0914790099978423,9.702220811544818e-12,89.6187789782131,1160.4179912205523,-29.2547425269052,0.010066714328839214,1.6216779306633942,1.5912743837156786,0.5703354429543006,64.15857322968095,85.7605951106633,,412.6225623330859,False,True,True,False
631,False,123.45023536024583,0.21932632747053046,9.519504440850791e-12,102.58241610245526,1248.324046077911,-31.294638952486924,0.010124013822613057,3.2010357839732055,1.8124057247644976,0.8553550123044378,52.805544552361106,85.77978919853877,,199.82507521069923,False,True,True,False
632,False,64.98763479612478,0.04027714157760596,1.0486622154882968e-11,68.264468227121,725.5303902664988,-31.05525033774363,0.011435458138700536,0.3484217282684926,0.30488012265674364,0.09778582781322663,67.92646665151041,84.55482774840404,,97.7650374947674,False,True,True,False
633,False,72.10819009957467,0.09996441214393899,4.4663962014194515e-12,93.51723101327563,999.1119553434944,-29.079372793969533,0.007598738931395579,1.8356020959599246,0.8815474975418017,0.18010933566844556,79.56895843154442,94.65751730936319,,243.2538694768193,False,True,True,False
634,False,95.48192929855851,0.13143671045485053,1.1357193859755176e-11,85.75138521799661,1072.264303556053,-29.625171073769828,0.010257861315501021,1.418874204641625,1.2306359165919776,0.553082464627632,55.0571816431871,81.95457465719346,,292.59726784318633,False,True,True,False
635,False,125.6731643633618,0.1083604718521373,8.146359984366183e-12,80.60779456530662,886.9213749995416,-30.39202846328444,0.009043849417703212,0.8270176203679735,0.7423015476930208,0.30238320151340115,59.26410197403336,83.0763244245574,,287.0294293855553,False,True,True,False
636,False,50.637064976907126,0.1460203755098772,7.174542173887112e-12,92.53247389943395,1119.1909592815575,-31.263320164650672,0.009895236970259009,1.85913211916775,1.027268981763788,0.35235944335825986,65.6993981504951,88.45017953266951,,187.21307561491471,False,True,True,False
637,False,111.05467948669896,0.08758191393317276,6.492924633646115e-12,93.43123175956117,1114.928543080149,-29.32765096432161,0.008155580708948458,2.2401322468865827,1.3664422174202477,0.2872389755566786,78.97906169066067,93.54453684884407,,258.52302020233196,False,True,True,False
638,False,83.40053736516222,0.06493788824415209,6.9980099161243835e-12,94.72863225843044,997.3525433759903,-29.621252260766934,0.010127987929857892,1.8597386596921341,1.1984790351240868,0.19469798619631054,83.75457721910404,94.49084616280578,333.7861633300781,167.45692706347276,True,True,True,True
639,False,88.34723949734696,0.18468111449929533,8.506688294193599e-12,83.80798504633958,928.2859466369641,-29.874092881116145,0.00976983720131061,1.0535725164399445,0.7607599771363526,0.4037420093148379,46.92912068868282,79.99236605698799,,249.8017296114201,False,True,True,False
640,False,155.30612396303457,0.0512757364904084,5.953974951309076e-12,73.81442641396967,700.3835832355248,-27.94934620998622,0.011020733123088685,0.5365490753655361,0.35536184982926855,0.10295251795973802,71.02882090207463,89.42772905347185,,169.78479695481462,False,True,True,False
641,False,163.37513190542043,0.08345683401739859,7.046250293583881e-12,87.5411367488537,1108.175991741797,-39.0158428720873,0.010737111075844519,1.4624109550949753,0.9877400759437225,0.3063262243997917,68.9871625278425,88.94548790684664,,236.2334301858497,False,True,True,False
642,False,113.97358945405807,0.19159231690299341,1.1378118855906173e-11,84.90363362063738,920.4731071492448,-29.72400887629853,0.010878939622989593,1.2884377858236118,0.8981176637366873,0.5068134248763926,43.56937344180978,78.59020389591399,,224.47781965724565,False,True,True,False
643,False,133.17951575014533,0.18354746982319553,8.58821304377241e-12,88.085474532117,938.7919463937284,-30.33079840288882,0.00981719865462927,1.491105415968781,1.0679071347206275,0.4936059242571946,53.77819772818302,82.66279067416504,,231.13542016369513,False,True,True,False
644,False,100.10217458008914,0.06145379227818524,5.912679535689328e-12,77.78669845834335,1146.9993801980934,-38.4755802527156,0.009276929934764443,0.9498104858416817,0.6456255966693538,0.16312488887903834,74.73382565366596,90.92125636858336,,465.5394608412883,False,True,True,False
645,False,183.78016175944174,0.03811841444173264,4.59059867760971e-12,82.91495928169776,988.39021149155,-29.909076435132647,0.010217011249970154,1.072588197287255,0.7172907097017854,0.15143130964213933,78.88843287750136,93.15580491533176,,192.3544743533004,False,True,True,False
646,False,101.69118682692789,0.033663089766471296,6.545520489436187e-12,87.05903209271153,943.6257697948455,-29.499287692025536,0.012036338815154295,1.2109471411498032,0.9612851451871375,0.1081204860787556,88.75250630678295,95.72757157030989,340.22315979003906,170.01812369125025,True,True,True,True
647,False,139.01045308977194,0.03844525447357427,4.318238766682661e-12,104.13265263441168,1179.343578175911,-31.661776184161177,0.009415880834894794,3.1024661481724145,1.3300919822417252,0.12247845431126436,90.79173050086054,97.96828972318707,350.42566299438477,197.5186949453663,True,True,True,True
648,False,138.5836499512271,0.2467082405853343,6.442033487197478e-12,89.39484073372704,846.9193206813463,-35.145093618954,0.009208946151822415,1.2315516769607748,0.9603673499089301,0.5165127077860602,46.21717326864141,82.89730169118374,,356.176643008815,False,True,True,False
649,False,169.63181071525418,0.030338032154946508,5.62825945203341e-12,72.89487553614109,888.3836868884304,-29.65884306828558,0.010011856987274798,0.5877578859639686,0.35800264582710717,0.10019180285250452,72.013669725533,90.46481911033582,,229.2905786910975,False,True,True,False
650,False,166.7587457108799,0.2211541770570806,1.2835273771382939e-11,86.15969166751391,965.7257301940215,-23.704722327172018,0.008679334066661533,1.374007585876147,0.9741493739303765,0.6297556810552358,35.353273542190344,74.67139644944592,,180.10389343052654,False,True,True,False
651,False,201.83134845671157,0.16930167038269875,8.245957389951174e-12,91.09999503742341,1034.770539894309,-27.37473252109362,0.01163604615127876,1.9420900193887949,0.9093361481026065,0.4778063486713309,47.455476209946426,86.13233225070009,,202.32851007895636,False,True,True,False
652,False,90.83434459442026,0.17049172565881549,9.135305877488152e-12,92.42481682733661,943.6908992935104,-35.97358304106207,0.00814389636433249,1.426429181466531,0.8835170420816958,0.3898271909953655,55.8777960777219,83.34168955547673,,246.56235205642355,False,True,True,False
653,False,127.62281391920325,0.18434672364786572,1.01161168827097e-11,81.1208003155347,835.6178217935878,-38.89861477351562,0.009553309744807621,0.9440041415431595,0.6522020591916113,0.36346667130892374,44.27084885941147,77.22929011076374,,253.48118485982198,False,True,True,False
654,False,78.21375966235227,0.03807382458705181,6.516566593554388e-12,85.84127768396779,764.2180396097865,-29.268452164664318,0.010338710731073064,0.9410486684188929,0.672588457445862,0.08699223890667009,87.06605236179328,95.38118890251866,290.04817962646484,190.34642427837,True,True,True,True
655,False,83.80383429358388,0.049213119171263954,4.902597360745785e-12,91.94406496469499,951.6125359082105,-30.725147550765794,0.011768912754340204,1.5590709423527112,0.8238861003836622,0.10122661013607512,87.71351888459624,96.55897269055998,277.852840423584,149.2781009567247,True,True,True,True
656,False,122.236481881318,0.04639040015733255,5.6751383650227355e-12,83.91502325102867,1023.9047928284801,-29.37980539153317,0.01020648835097008,1.2738310924707665,0.6782389500913585,0.11984548386484348,82.32990248514918,94.74295554790119,507.43980407714844,226.9739793391113,True,True,True,True
657,False,67.69508510857325,0.12968706531953075,5.485595319824385e-12,92.93300011758716,943.7615140565216,-26.62126466395261,0.010016893950168523,1.593654465790303,1.0204498819987984,0.2887085930843207,71.7077145896852,91.32756541570576,,178.38477898047452,False,True,True,False
658,False,115.92819124640879,0.07702748950507421,1.3425347985517784e-11,76.67374732124566,892.3125558393758,-32.827703436428074,0.00655685816307237,0.5863964022386714,0.5895755256542999,0.27692599449819916,53.02959799919241,75.6768917471466,,368.60107116001524,False,True,True,False
659,False,127.76740238831906,0.08312401347312881,1.76773447390511e-11,90.26803543177783,1008.7776732387624,-21.68228138182724,0.01135794335542555,1.7822657288954535,1.3907937970890207,0.5248360439312256,62.26356164158011,84.31832549881875,,150.57081155370665,False,True,True,False
660,False,92.03284902224426,0.018965449701974408,6.439728488176852e-12,91.44281496338026,991.6936175453831,-31.07619368918211,0.008674081588082878,1.625386709934716,1.297467711229965,0.070804299858476,94.54288540318623,98.08556572512647,256.05194091796875,298.2280131602188,True,True,True,True
661,False,70.7761928678687,0.106825204590963,9.112544784743736e-12,88.69500456545975,965.946565623182,-25.322902087746048,0.011661058655715588,1.486338898367816,1.117478371293648,0.37271150039978224,66.64709492602411,88.21676867269014,,228.73567950473773,False,True,True,False
662,False,130.39175734217935,0.25,5.515885100570788e-12,89.02228699840983,985.9215112415773,-37.223776551071985,0.011410988586456389,1.49981425698666,0.9065058946979638,0.4560865549503963,49.68741432151873,84.36595458187891,,237.11173833340985,False,True,True,False
663,False,113.20307006339061,0.008046628846350717,9.739254823150956e-12,73.43217578762956,951.1851511107226,-26.71043156311099,0.009157226023830747,0.6479767442244874,0.5153009290943549,0.05264224874413172,89.78417352426457,95.7137611960064,443.8755989074707,238.01603188701026,True,True,True,True
664,False,116.05931392172525,0.1480530341851329,3.965552747997991e-12,80.70208660523268,1163.6410673452287,-28.549804289463395,0.010262893973297074,1.0764367273709015,0.7778106341993183,0.2741634253936665,64.75190575455534,87.45686224158689,,269.4357521299739,False,True,True,False
665,False,131.4145084660317,0.1069405127574971,1.1210644686191184e-11,82.96640663204629,1051.6654495597504,-26.947599489600243,0.00921790402205418,1.0667073907785516,0.9117527807849056,0.4349800579838286,52.2918857884519,81.02176193145357,,355.1126047295697,False,True,True,False
666,False,122.22660098855106,0.19097221755307647,9.631619115775771e-12,102.4745825262809,1177.9601588637372,-33.43938248803781,0.0124626159499314,3.4675918352940007,2.5094392132758987,1.0080261289497112,59.830621773308344,88.50458367215232,,299.32163502790587,False,True,True,False
667,False,125.32402649058932,0.15280649278246294,1.2138458238446613e-11,90.71535992464725,1095.2511246268964,-35.635109510085854,0.009210763398565715,1.8292850881447056,1.4970882920382798,0.6981833099537856,53.36391890399385,81.52987491486043,,401.6033456948103,False,True,True,False
668,False,135.34042241021098,0.08463837658770507,4.376677377507877e-12,94.6252048689378,978.3708997205009,-29.43423112142706,0.01106984662320122,1.8612527275768962,1.0246028834711958,0.18277063154167977,82.16180780962853,94.98859752216477,496.53141021728516,124.75450706907037,True,True,True,True
669,False,56.57146003986996,0.019876112745761423,7.545339106991507e-12,95.24886348986209,874.4849713547317,-35.82875596945862,0.008032600418186212,1.7189699478810458,1.1004249016172103,0.05911900778397719,94.6276199587001,98.16438758885437,160.9836769104004,251.497514113692,True,True,True,True
670,False,157.48694666988027,0.043278967980444935,5.889567082563604e-12,77.52013439594174,976.7941633701593,-37.955466695210106,0.012127396570616043,0.7862260378943265,0.6214774309586036,0.1425454342497074,77.06345763355607,90.23361513308178,,222.33892328882297,False,True,True,False
671,False,139.94411479640323,0.038515309191209365,6.11070081550255e-12,95.22849857995277,1067.604492599526,-31.916912147118296,0.010483137280887435,2.153791436072166,1.394286513502522,0.1678753549252713,87.95976628192727,96.34530409395445,410.8757781982422,196.01532611723877,True,True,True,True
672,False,168.1147036532575,0.09926846688096763,4.618185482272163e-12,97.06677404523747,1151.7894510029316,-21.740972489765433,0.011008488259490213,2.580581708505798,1.19588889804393,0.280421104909123,76.55124105861363,94.35178323412443,,144.32959961425803,False,True,True,False
673,False,81.42441713210472,0.08881954279421067,7.729620417696383e-12,83.41315527732199,1060.2753149706461,-34.82971770115403,0.010175794995845719,1.178595865024562,0.8985349303928196,0.27447488007946097,69.4530651179619,88.14573294443585,,338.97629672344135,False,True,True,False
674,False,161.88398881436623,0.17769959754917333,5.760078860913571e-12,75.62789267281107,1137.6112167699957,-32.436263996386685,0.011473893551709424,0.8023045911987523,0.4615313076391632,0.2585563343240355,43.978592558192965,79.44558437286908,,138.81800696367026,False,True,True,False
675,False,96.59858445797363,0.04720215979654644,8.982534390031839e-12,91.47061582422509,884.2855211659329,-34.48575730709142,0.010545848408466422,1.5090806646980552,1.0612745947306415,0.17881898206694335,83.15054530139498,94.34825606098967,421.13956451416016,227.34398460435636,True,True,True,True
676,False,110.37756634046131,0.07141776533773127,6.464703372717985e-12,98.50088677148617,1152.680990645266,-28.035335998456684,0.006211226076281591,2.6728391738410098,1.4145308498960483,0.2316026531376027,83.62689275001512,95.26981568416731,412.24443435668945,303.845848728525,True,True,True,True
677,False,142.67111100361154,0.037949993680978664,8.057367571279583e-12,89.6827344672769,1300.0,-37.620168153361526,0.00953464836713148,1.830567965940237,1.4172027268085334,0.2486159388972882,82.45727769257414,93.43049088469967,534.3794059753418,420.962092295907,True,True,True,True
678,False,165.588737096651,0.09647619418288696,8.607186363623216e-12,82.68020464226072,920.9016420635447,-28.692320861660896,0.01143940258364746,1.2290129914720718,0.7035621038270814,0.2952861718660421,58.029835566780854,87.14379444662507,,199.21774642164198,False,True,True,False
679,False,186.8719129634122,0.08772298016869637,8.78478966608316e-12,102.36160273285984,888.455090577916,-29.7053782766527,0.009722186363230911,2.3661376631435718,1.3734677383106277,0.38311496849357446,72.1060089139911,91.48839559800855,,186.23130755311195,False,True,True,False
680,False,126.90892779066465,0.0847236169156327,5.884486973520651e-12,95.76705872176512,875.099092163584,-24.540020366297114,0.010065964795586099,1.8967960356365288,1.088138301380547,0.21889163777693255,79.88384036301088,94.43838366439789,,115.80558250500634,False,True,True,False
681,False,66.19409750661578,0.049166304166034895,4.510672281278698e-12,92.64766575070927,957.9995907344247,-28.98247284760286,0.012967469209256618,1.5794772777924442,1.0064662760097989,0.10046308946123846,90.01823589563965,96.80829815869433,193.08013916015625,98.15155222482299,True,True,True,True
682,False,127.27589526284899,0.07754328533855827,4.9879726044491804e-12,84.97946135841879,1178.3654355876358,-26.161729239194205,0.01076186882120399,1.7210253914742377,1.1522590296857211,0.22811506648036098,80.20279636753384,93.54940961737377,585.9139633178711,206.63973662097263,True,True,True,True
683,False,63.23637045968705,0.028689539038534544,7.784594937683823e-12,88.83409014932772,892.7060681112332,-37.210204878131414,0.010979185215751202,1.1167941025051085,0.8566110722468467,0.09510371223478051,88.89767885146192,95.90992385453472,230.89635848999023,285.33486382851936,True,True,True,True
684,False,316.99105566758675,0.06179411172564783,9.640124737743603e-12,105.41255825493329,973.5364285677897,-29.010466416384514,0.009092943097213093,3.2324570487294295,1.8845126187907557,0.7472034423288855,60.350308356738566,88.68287148986386,,196.961492756162,False,True,True,False
685,False,67.6230918951685,0.057873868037368895,6.8213490628892564e-12,79.51353784645671,861.3834607676893,-28.496218040358137,0.010435339040474821,0.5899276338713966,0.49770278566967224,0.1270654826386954,74.46960589788031,88.6164431854955,,209.22652477339489,False,True,True,False
686,False,120.527756084279,0.06590787437827107,9.379858908325987e-12,96.41803791062617,961.7369072754033,-22.617691726287923,0.008036397831962009,1.9683564682259034,1.3734142180308089,0.3170464721446881,76.91545143611029,93.29264213027206,,311.9703466951757,False,True,True,False
687,False,120.71664210082822,0.028801307326180345,6.5522062402657e-12,102.06836622471495,803.0308191767043,-26.94617412911198,0.0057992397035372895,1.910154783990714,1.1312590751507783,0.0905582449899041,91.99491549026166,97.64606367493631,326.5978813171387,272.54051112503515,True,True,True,True
688,False,119.46079854868893,0.00824998846410681,6.154806488763371e-12,104.08125414965133,1014.4802671897222,-27.469982337422255,0.012328430568358202,3.0561429491377896,1.4634633424581907,0.04634502421254436,96.83319541610804,99.24363093404341,283.4364128112793,141.11944289359752,True,True,True,True
689,False,106.2770681050567,0.05230219499624563,8.987615393924926e-12,102.34847221635401,943.2212726953112,-33.70032455158197,0.0099857228766922,2.7730681372757453,1.8339040400684912,0.24840076849267992,86.4550836322165,96.17844945216521,358.99621963500977,281.29438572037157,True,True,True,True
690,False,93.61979453609874,0.038860101925126005,7.997124534065006e-12,87.6621501804073,905.1617986404344,-28.137224300223806,0.010102508724327835,1.285533565169541,0.7265793140722931,0.1044532096184609,85.62397695675823,95.11633877963969,366.06420516967773,167.31380783641112,True,True,True,True
691,False,87.96703166037196,0.03702518486225469,1.0426311819781643e-11,91.07626269575819,1197.1719674865792,-32.84475430154593,0.013466241770263274,2.1564421138944696,1.5427639462392677,0.223472024458439,85.5148271384493,95.10898656309136,353.82801055908203,211.16082735545535,True,True,True,True
692,False,104.83385751097785,0.07356981182833289,1.0490588574793483e-11,75.57488195195793,965.1418733081985,-33.686095018429775,0.009606068186873455,0.6499494250459301,0.5600167232172528,0.23151828040002348,58.658684499639776,81.08351068873357,,241.32332379313863,False,True,True,False
693,False,149.61251030724665,0.08369729425779517,1.3136012397376202e-11,103.23056592407544,1057.631353616746,-28.591510783310433,0.009681762768161867,2.8496634894911095,1.9484362132508883,0.5201033418938522,73.30662721434024,90.05663485189265,,206.28816491051026,False,True,True,False
694,False,92.80041952186343,0.06664135686810717,1.1102600424047206e-11,88.55926897208275,820.0928461040817,-26.99460906073026,0.009783565489638607,1.4333734174133863,0.9733106016673376,0.24363378411002887,74.96854717366995,91.29483904823897,,197.41937865432837,False,True,True,False
695,False,146.7503611309153,0.04885928827282755,1.2033417288380527e-11,98.7100042904953,971.9363646602674,-31.3318437096576,0.011518720991533508,2.424466838090549,1.7470555950271454,0.36636718015959885,79.02944925150443,93.45444138699285,,294.46199713009264,False,True,True,False
696,False,97.79887721777484,0.02087564694571301,5.821433838111601e-12,87.91673682532273,814.6605842914157,-26.8523148867625,0.010056074215208006,1.2373205530402556,0.6938010409901181,0.05086129677583055,92.66918125356993,97.90056757453719,298.5392951965332,196.620728093858,True,True,True,True
697,False,98.22291535052524,0.015350444257975823,8.377185109057193e-12,90.40787989216588,1089.4161939026624,-25.36704255284187,0.010108534988412894,1.7980009894353652,1.2476878977510255,0.07618687282760644,93.89375556459798,97.85898594135016,299.1725540161133,215.05778397096242,True,True,True,True
698,False,105.38270607086754,0.06742405759462411,1.203212352790633e-11,98.78714903559526,1015.6740950861118,-26.59944171555438,0.010551653500094302,2.3409207426164436,2.157888244754427,0.4516614112301105,79.06928626503034,92.55688172152433,,240.95385987426673,False,True,True,False
699,False,151.37328855642912,0.0731511387215353,2.418693426156833e-12,108.05984723807683,1098.0413376189458,-32.320682965816,0.012063182438165142,4.171681457149616,0.9971768946801772,0.118210142775817,88.1455192748193,98.58971256907691,367.9072380065918,87.35153714843462,True,True,True,True
700,False,119.3604747304819,0.06511913391506366,1.0517869190815475e-11,89.14485189121584,1135.5205212351393,-31.019666115937675,0.00865165343233849,1.591181607422505,1.222249107479109,0.33114499833268585,72.90691428560967,89.46436672218783,,390.5314888494737,False,True,True,False
701,False,148.878554889603,0.07096221486169674,9.932445737951818e-12,92.24776857508554,913.9200222738843,-28.618736095735137,0.012216356454690293,1.6489409810237226,1.1443751177743877,0.3248873715928045,71.61006329597113,90.49800572769907,,186.13018411458603,False,True,True,False
702,False,86.70405455642941,0.06479268328516945,5.754948057097527e-12,100.56377454265748,1231.1413043839125,-29.46659829129833,0.011835386896832695,3.0923935293089757,1.9027742700971142,0.24658346536269365,87.04084508405148,96.55487346160285,276.30260467529297,208.94197412347611,True,True,True,True
703,False,139.68994895795106,0.07422914790537327,7.410652304759313e-12,98.37098776044213,859.4241819797256,-27.264944994564328,0.008743941299328446,2.2359997074394706,1.1268628544879453,0.22257188898284858,80.2485379568229,94.57728998271728,587.2372245788574,154.17019230476268,True,True,True,True
704,False,115.263764613613,0.024553854126230006,1.006355667288827e-11,86.36763367088379,1254.2362697951417,-32.05480403916574,0.011140595283446955,1.6231973710376992,1.0273054950470222,0.14132978091666923,86.24267254501542,94.93030257009171,442.62950897216797,280.8629696190972,True,True,True,True
705,False,169.9178552681481,0.04424994409265771,8.914769521336748e-12,90.36495589879739,965.1673471260998,-27.276035804004028,0.008760303347242702,1.5215227888614888,1.0634278094571448,0.24974653875415126,76.51495131750964,91.48559729085304,,217.69536101088096,False,True,True,False
706,False,129.67707595490174,0.07199153157517518,7.684651392368197e-12,94.02268149106187,1227.0711869316428,-33.27649779116149,0.008950826980572334,2.2348346741337437,1.3880034990901373,0.30908215199673833,77.73188956660789,92.74851405193469,,291.72958148866763,False,True,True,False
707,False,114.23101380043872,0.0034366205902250755,8.225573576795496e-12,91.28654844985036,1001.108932418271,-34.48053088684795,0.010953842297683205,1.7204771370198304,1.2381367907495726,0.036845675747537006,97.02410298903803,98.95993286409235,317.43038177490234,291.3709524394389,True,True,True,True
708,False,158.0327809447511,0.25,6.0358642728051034e-12,103.27167023688996,890.1486544741109,-17.88388530781354,0.009028653875285033,2.381480284179607,1.324645935100646,0.5561856884719995,58.01250177620175,88.06442985604063,,85.82439839819916,False,True,True,False
709,False,101.2279533180394,0.04405674717744665,7.679364302163447e-12,78.63974222454479,816.0883949606862,-34.09975900873581,0.010871479056824519,0.6668241757447453,0.6377644047213231,0.1395264951942298,78.12256467100933,91.23900603911672,,340.6943693408442,False,True,True,False
710,False,95.24598008610279,0.055189944175310916,8.537611321277639e-12,81.62051583413715,1133.0786643424537,-30.858129658392798,0.0075528437550442815,1.099716228359195,0.9351475822961316,0.1982972562978617,78.79508432123956,89.72610720867429,,336.10127803706547,False,True,True,False
711,False,108.5426967293062,0.05281816669010018,9.24690437392159e-12,82.63258778008802,1085.129644160534,-27.83407603640641,0.008267784422513105,1.2166276852582008,1.1201035295167818,0.26129419028898343,76.67231792388807,90.6447021622317,,405.81652617364927,False,True,True,False
712,False,64.8188956308562,0.07607937104293805,5.8495833871379705e-12,93.22162533700869,1051.8640319813483,-29.55750712767244,0.009596420792121762,1.883931196039667,1.2111202868830817,0.2154656872109821,82.20938997186639,94.4713021114204,292.8354263305664,236.72427916800228,True,True,True,True
713,False,65.15144474444769,0.024994378882449795,9.795205743530003e-12,69.09230674373717,962.2821749236111,-29.908594959074662,0.008413078562685776,0.48640541381773156,0.3899357827800651,0.08955562790952941,77.03323678810946,90.40858256558033,,369.39903011901265,False,True,True,False
714,False,141.7319096766372,0.14336881193767737,4.808040263599505e-12,101.73361518173934,946.054191708867,-25.06554618553475,0.007453839849687978,2.466615341921548,1.3202981210218019,0.3546017467303001,73.14229710060728,93.89873427118431,,228.23154099186382,False,True,True,False
715,False,110.78360693503993,0.074151660506687,6.250730181912996e-12,82.59651462720079,758.451943980091,-34.31945245935997,0.011119372217309532,0.792777354553571,0.5730326647981068,0.15376821306735275,73.1658904433434,90.70330870384092,,200.26494233161867,False,True,True,False
716,False,159.23024664670845,0.07722096006047921,1.6557740910562444e-11,78.82887857671409,1003.454327099554,-28.434738278940458,0.010666818694279361,1.047050763134338,0.8168684283741424,0.43316339943782595,46.97268441381991,79.47731526445557,,227.23136046971237,False,True,True,False
717,False,151.77628294217178,0.051552903468484214,7.347624280240309e-12,76.54921940526849,1120.1912842955426,-34.54946579999985,0.011009821084299464,1.060272537100525,0.678020860310305,0.18781612732545122,72.29935857143175,89.67223662707524,,177.4341069452999,False,True,True,False
718,False,172.3941474867178,0.1198640562670512,1.3064672046332824e-11,77.75713459211195,936.9022640473872,-30.42765881499534,0.0121749505074222,0.9765837404957507,0.99898274904842,0.562164130438773,43.726342524506855,77.30680825773793,,230.54467888560927,False,True,True,False
719,False,267.8671902634398,0.14261797793917583,3.786458529881203e-12,75.44961794229854,1164.610286234577,-30.538999434286534,0.00907938717587316,0.8907971097080732,0.5830394298988537,0.30950592258349335,46.91509583885488,82.1178712449279,,306.0776720679192,False,True,True,False
720,False,88.6417817623416,0.02810750346425732,5.1129059444899815e-12,98.37698682647046,1097.183534099154,-29.965180491044773,0.011423893303930012,2.4986874244835255,1.3545350380554728,0.08722168715694292,93.56076552422331,98.43186302082353,237.3537826538086,212.43006994537973,True,True,True,True
721,False,222.06122178980482,0.22259801053578104,9.809568514954767e-12,94.5584619221046,1073.7443645840779,-35.82841423516787,0.007394652855071862,1.986200438604315,1.4572160399819172,0.8126904994710297,44.22992355470405,77.81343710704257,,330.5099379681088,False,True,True,False
722,False,158.68041966848352,0.09597045790551428,6.363944292983297e-12,93.71606002485926,790.1988072919662,-25.03139941527099,0.01186388161253167,1.4973799084053414,0.9378769415779175,0.2422211111477508,74.17346557851936,91.733287305501,,102.13381986841486,False,True,True,False
723,False,112.34578214452779,0.030028234324033707,3.047363908558566e-12,96.05255044438134,964.4115434310694,-36.419140907569655,0.012770004115731794,2.1294674006621936,0.8390384693592702,0.04847209155560491,94.222899983046,98.82595228748805,262.03271865844727,108.56723088276694,True,True,True,True
724,False,86.88495703258131,0.042165880437655456,1.1626725247209473e-11,76.30698722429894,1001.8080829900689,-38.03108462988511,0.010451611192995742,0.7911930841053647,0.5789135950844718,0.1631589317241121,71.81635858796771,88.29051381124616,,293.7476357410745,False,True,True,False
725,False,101.08088371809463,0.009358394527385553,6.052816833834078e-12,92.52647611945063,866.4573981093881,-31.286747020878607,0.010458738063769426,1.6779903870656077,1.0082115171586357,0.029433021086924284,97.08067001953388,99.07316917526299,255.48223495483398,128.14855506887338,True,True,True,True
726,False,74.5546704587461,0.026145044059175688,8.414119158271848e-12,87.57907468922873,983.7652319396527,-32.91463306143852,0.009912485575884204,1.3140304678244998,1.1016907293280231,0.10848655069125153,90.15272182988933,96.15690844283323,258.5872459411621,266.27367559442644,True,True,True,True
727,False,220.99910457866733,0.04109909767452667,1.3358966842950614e-11,87.26664304455853,1003.4656240856824,-28.072851319778742,0.008747329423479423,1.434805838716997,1.271324626988197,0.5042991914330773,60.33277569492412,83.3283449870083,,270.2432160794089,False,True,True,False
728,False,129.5023220197948,0.13243046053772353,4.626157582351079e-12,98.42892384158904,974.6402710804814,-26.67591147287276,0.009418193283259081,2.318562555691631,1.2849524839902438,0.31036521033428327,75.84617219692929,94.00295740152384,,165.57258353991563,False,True,True,False
729,False,114.44814114327295,0.05505177961792034,6.188480188973169e-12,98.47501644041118,1123.0165623062603,-28.37497726355519,0.009850219329251446,2.6617224363954786,1.1969487214899484,0.1594896063511567,86.67531837515764,96.48165474042642,368.6539840698242,138.26895316112004,True,True,True,True
730,False,267.4377502272701,0.06586378193887828,9.782861299934625e-12,97.4724823176563,726.461453456001,-22.6832741821993,0.008490278223195015,1.7485286497683141,1.1637995749993848,0.4552335117355668,60.88385650632263,87.64420932767203,,145.17253726043148,False,True,True,False
731,False,117.1459509328163,0.24059472022098727,1.0234195214178677e-11,93.13123332863746,862.9750041606724,-25.375745603744353,0.011317903411037233,1.3517718778324608,1.1231676708558245,0.6222492374984302,44.59872255544069,76.33837790368028,,161.52929937840355,False,True,True,False
732,False,98.76103008322612,0.10142356013686593,1.0825161648888812e-11,74.43840210903784,1116.1250745935097,-36.02416316524027,0.011416887621574877,0.8625798823872164,0.846835784101198,0.3756217983149088,55.64408054466183,77.50569119821577,,291.72059936286365,False,True,True,False
733,False,89.78255899516847,0.13590389671864814,6.09393359065132e-12,83.27363643940281,925.2296777951946,-28.500695014747283,0.010177603895398277,0.9354888359997525,0.8213293932108974,0.29914199909735123,63.578315646553406,84.82542801686438,,166.21703892039145,False,True,True,False
734,False,179.58286775776472,0.19505100723094526,7.828477891776593e-12,107.0537788410399,996.3358813398337,-26.151409940427662,0.01165974902447368,3.153017361472865,1.5998467508100567,0.6531486413390005,59.17429960036553,89.41991889292497,,142.04911338409119,False,True,True,False
735,False,160.79722035305997,0.04742893193478429,1.1242425526958977e-11,84.55689610850825,915.4842035503207,-30.38008221088173,0.01039587927326105,1.2712952879108055,0.7041195206015664,0.25295290148081195,64.07528919739352,90.09284625506562,,288.1155873331932,False,True,True,False
736,False,100.6005856327752,0.17965273760613962,7.420870260363885e-12,99.26692093121137,888.7581610549123,-17.05751926752783,0.011118316544533486,2.323958593899487,1.6284065305644084,0.5644036922180105,65.34012351188574,90.02241429070806,,96.79787337095374,False,True,True,False
737,False,75.33554951254473,0.05618585714849596,6.6988956025674975e-12,94.0085874794921,1233.9599933686936,-29.153733770265614,0.010139173166903217,2.5056705697375103,1.5351134441437189,0.19796077023615224,87.10448592634312,95.72430482204486,251.69403076171875,194.4438938044276,True,True,True,True
738,False,104.68482195107826,0.13038631388710378,1.334416148009862e-11,96.62085442067962,1225.9157550766506,-35.8615268449828,0.009325637730730281,2.432465473543003,1.7212140764350292,0.7099831258901839,58.75102721907215,84.82601085021876,,434.22082872380184,False,True,True,False
739,False,118.39577512450593,0.040637000328928134,7.462842449740379e-12,77.06027739222738,865.9180232777029,-35.930562060179916,0.010183586452595449,0.7267638177356582,0.5771479304692714,0.12210248024456423,78.84381563227917,91.37439924205958,,274.09812924319635,False,True,True,False
740,False,141.69903302021018,0.026086913597737946,1.2002698779642716e-11,93.32941473019332,902.7749107416286,-33.72778854054322,0.009542544978391933,1.7175006959848935,1.1860938563347612,0.18893468116898665,84.07084901756188,94.37623598501624,513.4160423278809,254.46229611274512,True,True,True,True
741,False,135.69411964847862,0.01455474299118648,5.496630661820587e-12,92.60063837185712,853.1383727133605,-28.513355122794756,0.012613608455984021,1.6684086180150397,0.7947798961162772,0.0590306428875905,92.57270557848204,98.20643482844767,374.7981834411621,166.1309678193935,True,True,True,True
742,False,210.40934576683796,0.18250990641610085,6.667425334262124e-12,92.62248815562224,939.7253472117333,-23.359148460528363,0.011335071168421546,1.81108384235491,1.136251562577757,0.5347497579721721,52.93737975074709,86.33351684720613,,166.28878555544523,False,True,True,False
743,False,137.09986949163027,0.11437562755921835,7.0354601112707806e-12,86.69580926913916,876.597278748463,-27.393806278126377,0.00952065711332306,1.1894574408304892,0.7081617923011999,0.25364870332681994,64.18209707380875,88.16070165426905,,201.42762033013895,False,True,True,False
744,False,144.9869347068837,0.11706694134946836,1.2074094269006239e-11,89.13822164351448,840.6324683777032,-28.428495921826755,0.008453979386870748,1.5490346464034221,0.9895393347350623,0.42869991999269585,56.67681870296997,85.92903560719517,,290.53797411941315,False,True,True,False
745,False,61.860624211574425,0.07090945584961682,9.671111228494495e-12,85.73551562531146,1172.6563581417195,-26.660542727160664,0.010728663234259302,1.4782487343341193,1.0047499405100349,0.28596598490813374,71.5385915063632,89.5807469427912,,257.0156301881652,False,True,True,False
746,False,128.29926454106655,0.12762419659066462,8.502397094124842e-12,81.12976938203605,981.0887010582428,-24.893852721634104,0.01048604459222562,1.0733344985665159,0.9165453806798046,0.39709626983504004,56.6746744672356,82.73387022260941,,224.50956602719745,False,True,True,False
747,False,111.27572117959343,0.19295745165050032,6.792057460781069e-12,80.34526196431902,941.7014331668195,-31.256171877826617,0.010514704708950018,0.9943830486417617,0.6278619605193211,0.3237355825071185,48.43841435474951,81.32773204719378,,197.65269415271464,False,True,True,False
748,False,158.37191693932695,0.006410911790728681,1.0433493375172988e-11,88.69835973449509,893.308134365255,-29.76146445792979,0.01072694085596951,1.3966610768179861,1.1387895577062168,0.13900232110103933,87.79385355613711,95.5872062315611,492.96791076660156,276.6928557685658,True,True,True,True
749,False,192.67857662763407,0.06353650006741851,1.2650267706437516e-11,92.36557636729978,917.3287632083163,-30.381440329356064,0.010259190110811913,1.6986964244124834,1.318086613803543,0.45499392173153375,65.48072661032658,86.70884198987942,,271.97752852104423,False,True,True,False
750,False,76.96869325585098,0.10644984287125488,5.208872292820979e-12,86.4843961494315,912.9673508534569,-30.627348639889956,0.009300070948675644,1.1929805594232161,0.8449064183712497,0.22406165721195642,73.4808906240899,91.28563251594832,,294.3814258029398,False,True,True,False
751,False,124.32207046555675,0.09109229804252104,4.8791817674644586e-12,94.91138569060466,1059.642431882047,-30.18804460050162,0.010038383673255288,1.9663230156731755,1.0733006549171134,0.22812460669616316,78.74550754711127,94.33608700352747,,229.62438357760857,False,True,True,False
752,False,134.0417326904063,0.04539915069655423,4.022451866930602e-12,99.51099851704436,1015.9844727769549,-29.478859581508733,0.012637381951085857,2.4249813800134232,0.9710906219824897,0.09664147124267253,90.04815111432359,97.75680939201021,347.34107971191406,74.19382484296493,True,True,True,True
753,False,102.83308680858387,0.09364232849073593,7.317179477983432e-12,92.15956344859153,924.0299255145828,-30.07469043631565,0.010432222238023245,1.707473585067593,1.1453897414653917,0.2823581988678027,75.34828638271559,92.05192569542791,,214.36591427118435,False,True,True,False
754,False,138.17633921695997,0.1803369154582278,8.751250370651845e-12,89.55782128870804,926.6468790144962,-33.481158555389236,0.009603728079874023,1.2618134138123447,0.9480861019248116,0.46455906579051887,51.00032952203735,80.65537188074472,,202.26284682859264,False,True,True,False
755,False,25.88491749987184,0.16667658571093355,1.0460224520206052e-11,91.77315973392574,902.7580556132381,-33.749865046648175,0.008745313519497602,1.472399594523103,1.0908759384179698,0.5054541689639757,53.665293076589016,82.79010776285351,,286.2751324090076,False,True,True,False
756,False,131.4187403101047,0.0935793198683992,9.482214139466922e-12,85.3220581300219,1118.981981533269,-27.748987668726166,0.008415961470821683,1.6169673070217643,1.0975395128753092,0.3952481151015195,63.98780085228481,87.89865901809424,,370.4624630040419,False,True,True,False
757,False,138.14202484887204,0.07248514362195803,1.0144972693201751e-11,89.42513833406097,1195.021309417499,-24.47220820834491,0.010667420551159842,1.6876955051442009,1.4552054204098452,0.4357754688867722,70.05402379795699,88.44464803340055,,239.08511867096294,False,True,True,False
758,False,134.6577765518288,0.06603029164121904,1.3259358147247842e-11,105.92334447079975,907.7286865583955,-34.29824524375745,0.010207275840959372,2.7541745215405156,2.1335510005097245,0.4535482793878461,78.7420933795588,92.94123846780415,,275.4356921597042,False,True,True,False
759,False,110.0104545265075,0.20639619882650403,8.849653528569985e-12,89.70464788075289,1123.4664220554155,-29.915555515106323,0.010004599159578565,1.6693424881679384,1.071834011708558,0.5669724826512497,47.10258524568868,81.50959568840219,,286.35654128854287,False,True,True,False
760,False,130.93144542237047,0.09089769278809333,4.298431443747926e-12,88.14760656654656,1036.5506114209284,-29.69098568430639,0.012365954795191494,1.3956362056940244,0.9246613201569451,0.20568938978626156,77.7551644799688,93.08859789464712,,200.54436505387812,False,True,True,False
761,False,63.53650761688491,0.0752942300116883,5.4123200333606236e-12,97.52143203135967,1000.1750326135151,-29.98390352074071,0.007734018954096792,2.109833247090528,1.1413043127189602,0.17425130751033222,84.7322659199273,95.58995216788418,231.15056991577148,193.09590600346584,True,True,True,True
762,False,89.06548272495037,0.0866200472072343,8.923098945022502e-12,103.65560263507255,764.5732335093517,-32.84592382965849,0.009141566952811174,2.2288747950088337,1.338675059977068,0.25393875550955003,81.03059038734163,94.04644765916899,444.75852966308594,144.39440002764886,True,True,True,True
763,False,94.68284709016946,0.1815404930310152,1.1939086297095249e-11,93.46448996588519,1043.677171115811,-28.033487713367276,0.010703051711839495,1.9635531597238929,1.347157917950488,0.6823915207951872,49.34584047627094,82.4583322618355,,249.26787746389198,False,True,True,False
764,False,82.32801401038728,0.10929521814127324,7.1082398712488994e-12,74.82026668395396,1067.615084680824,-29.347095023933452,0.00976799475181309,0.704510253084331,0.6567054490684981,0.2645941126098494,59.70885988761596,80.19741463925587,,308.86060341446006,False,True,True,False
765,False,84.07481461760743,0.1969032360761832,1.0652647729891978e-11,93.30982575478416,930.3382544310289,-30.785448750996547,0.008212292967623415,1.774803629005806,1.226007598234447,0.6272523086664784,48.83781229661432,83.25887053840337,,326.8842028959324,False,True,True,False
766,False,117.46254582953651,0.17979755826046206,6.996431877039179e-12,89.203682661716,1066.24622997985,-33.94549999978787,0.01057208554209376,1.576614191998435,1.081986373913457,0.4742901537767223,56.16486813403636,84.92178616072476,,300.61577944662116,False,True,True,False
767,False,149.49797487481464,0.078039372371281,8.821916935759745e-12,105.92012989623301,960.0412025615427,-31.819864017702862,0.007855291960510085,2.9714465460285098,1.686982482819014,0.3675634746300865,78.2117788196666,94.1486794323497,,332.0256850159469,False,True,True,False
768,False,71.16252239830321,0.01630561345390093,1.1156765522843146e-11,82.9796861890914,1136.3818581981284,-32.54016910912899,0.008668718217649337,1.2707654077696773,1.0797269146911117,0.10011981193497618,90.72730237871134,96.19991937513875,271.66778564453125,348.64743816560997,True,True,True,True
769,False,105.4572168553955,0.04650662166120437,4.974032004287577e-12,94.85379296428705,949.6071297305025,-25.933159138602665,0.009440310312110511,1.8820124700442367,1.1082395338246416,0.11122443226438779,89.96386350877219,97.03620737661433,298.8525199890137,147.81977479157834,True,True,True,True
770,False,63.06822066932251,0.04354747954591749,1.010599724398747e-11,94.2017337441199,1132.2952432588747,-28.461871148082338,0.009995996407904965,2.328677420400731,1.407604198244201,0.20314013448349644,85.5683767683496,95.24424176472765,249.60132598876953,197.54479171847316,True,True,True,True
771,False,74.50348381505458,0.160608545324131,6.391299551841406e-12,84.0152857360769,1195.8165155523054,-25.232958189246308,0.01266495109774806,1.425707697926017,0.9342822099173921,0.38025026521685157,59.30027766979822,84.99912658906378,,204.0957383955632,False,True,True,False
772,False,137.1625363603169,0.2104945151403314,7.082581151954795e-12,94.15408865505267,1108.3298271728772,-25.24417587638705,0.009707250535895488,2.161628101066846,1.3149856755080729,0.5671394206876774,56.87105713386946,85.52516951541112,,139.81212581340898,False,True,True,False
773,False,81.58037462194882,0.12105947773489474,1.0452373757928234e-11,83.723817511138,777.5079756040016,-25.861813470980945,0.009075094523123634,0.8774456994905998,0.6242108363924987,0.27737150685940404,55.564451834508844,82.40762616145533,,178.756470516671,False,True,True,False
774,False,65.7499577078031,0.009046064247896463,1.1886368932060265e-11,84.37606036947571,929.7093600029604,-30.035509962198823,0.009648619099994375,1.001210911910183,0.8814981026350902,0.05050788804483765,94.27022158143588,97.60023847458255,240.45198440551758,310.99034310424827,True,True,True,True
775,False,124.78011867705486,0.08222426387647622,4.8269171967673776e-12,87.40487341533644,1069.6880287978386,-29.90889994225968,0.010248776492996277,1.3406869234436283,0.9296986832364289,0.2099456438948459,77.4178830538953,92.6544687735347,,282.74561553302436,False,True,True,False
776,False,87.39432927848736,0.027847505203415626,5.521439391676345e-12,95.05644416334589,917.3910858823573,-26.91938015217067,0.012959841054975657,1.643096724740193,0.80167460850041,0.059068004016447795,92.63192280382452,97.9246097407044,251.75304412841797,103.23378166699868,True,True,True,True
777,False,89.1982403777354,0.12947531329379994,6.7873131444618625e-12,99.49532246438491,1044.966588029313,-38.56767360739827,0.009366975487629554,2.326193426662364,1.3142151227169476,0.3469276460104621,73.60191341481143,91.68536530419713,,214.02035990914382,False,True,True,False
778,False,125.32934335158328,0.08447626618816372,7.157553547776118e-12,93.16282821666593,1116.4379432168612,-31.406131147753502,0.008611481260433403,1.8994103416433754,1.2878857517695916,0.29331900567501784,77.22476506382735,91.76578939465692,,238.14306691918745,False,True,True,False
779,False,130.08985855719754,0.08277634323558113,1.1301437060847787e-11,100.81203737824049,836.4357740688725,-29.30366907107365,0.010359739986328848,2.288115376219843,1.33012455969993,0.3299699144024556,75.19255531400042,92.1672896490996,,150.94765332617033,False,True,True,False
780,False,256.138399830098,0.06901719155655452,6.4170592745974475e-12,81.99119799838036,1164.3873382402667,-31.548381578554253,0.00892008034147907,1.3617478262665055,0.7363857581814579,0.34564041066650053,53.0625888908991,86.2142680779568,,339.79209468199934,False,True,True,False
781,False,181.2225288175969,0.1457773484348123,1.2509500495753526e-11,102.40408995520693,1060.310687227509,-33.065633869486525,0.010634416252288621,2.9309553812860623,1.9845507869648893,0.8563238403114731,56.85049503716111,86.12462384887749,,308.32665896461697,False,True,True,False
782,False,80.14788215763019,0.04738586430707071,1.0150449719574234e-11,85.83937244079355,1009.7692861181589,-27.840091407436823,0.008409614129332544,1.5060457575046913,1.5130818470654175,0.2575122104484666,82.98094640763122,93.17923791635138,366.59759521484375,405.69901623049,True,True,True,True
783,False,167.77985498268382,0.21553410170417972,6.982318781429448e-12,74.56393125506071,1238.2790233370397,-24.392204085232244,0.009845224511427362,1.0210626529075142,0.7065227149685783,0.45046529012521097,36.24192392098182,76.17156391570474,,329.5377621615256,False,True,True,False
784,False,269.4694793691032,0.09837736576170591,9.415331654935992e-12,97.76835904040811,930.9559048073974,-35.78033830576041,0.009270274269280255,1.886567346932332,1.2633074020752273,0.6103786917263393,51.68407224372517,85.36095302792359,,325.88972211589595,False,True,True,False
785,False,144.13642978123164,0.25,1.1407825179025621e-11,75.37474281980089,1024.2781808363509,-25.565942529159596,0.010837828725266622,0.7335253312692198,0.6132430180518132,0.46329263664193665,24.452032391049126,65.67540874594863,,235.14852889447383,False,False,True,False
786,False,153.1140845312716,0.1821292198483643,5.782642772401993e-12,85.9050236926694,967.4327383645145,-28.24524865855773,0.008201276471912078,1.2688745852973178,0.7485771496374954,0.3537375235501566,52.74534846255234,85.58101709488525,,296.99407843963263,False,True,True,False
787,False,177.72855268300998,0.17235335095287715,4.848752233951465e-12,76.4230727283323,871.555807269001,-25.258775429242977,0.010448563861899646,0.6965750661308184,0.6224306686463706,0.311805159370976,49.905238434173974,81.47048667152733,,209.54381011982127,False,True,True,False
788,False,51.42926506166067,0.1576897381906522,5.8400862155834105e-12,94.73038217106702,1109.1848001547528,-22.609685452634753,0.009290430421014868,2.533724550738834,1.3592318265746737,0.43654426295240856,67.88301639077125,91.90663786089539,,156.54427813052752,False,True,True,False
789,False,151.19428045217984,0.013571161799656742,1.5339540836330246e-11,96.4673518820498,1155.3909727558964,-28.397404548147502,0.011872552248186324,2.554641035157706,1.738510483503763,0.2385967624083811,86.27579386651053,94.95160826844466,501.0028076171875,177.3649200491985,True,True,True,True
790,False,82.34355748765184,0.12462936969052849,7.99692694372769e-12,85.78584800731221,1061.578773805852,-28.691522449077993,0.009369263316707118,1.225373351704378,1.014639784242111,0.410323297340101,59.559707423990524,85.49012701722206,,315.3189875873433,False,True,True,False
791,False,109.16544809172893,0.10750478739752033,5.862546770248265e-12,82.1041908972807,969.226220039417,-38.86950059705574,0.011956166029100393,1.0634812252681156,0.850062490429482,0.2638620629510975,68.95968638519918,88.52443851804215,,254.1271046492525,False,True,True,False
792,False,91.28924647438313,0.17490280595035176,6.888379472569504e-12,88.96396223359906,1007.2381661022774,-28.545285914727355,0.012281434218255989,1.3984524828446618,0.9543121141318297,0.42652909425976576,55.30507389107244,85.35930468408621,,162.80760290649894,False,True,True,False
793,False,125.27780208792153,0.0965766833944787,1.3305408738266192e-11,82.32220426499934,907.8534344745292,-26.17403023629828,0.011153122993864686,1.1496346641330757,0.9164464180559728,0.39603013762032385,56.786329258571456,82.61387582016701,,183.03044127857927,False,True,True,False
794,False,88.79194882444978,0.029965784176535105,1.3643253524369017e-11,83.95834092302265,980.0998204987039,-26.837074124120303,0.01067119863912561,1.089112495619839,0.8325470749594615,0.17488555159159885,78.99391435612041,92.20901376902543,,274.50829804304783,False,True,True,False
795,False,128.8346269031475,0.10410531666805325,8.201327998493748e-12,86.2474510492299,981.3838879747349,-36.76128324522058,0.00906769926021695,1.280569288911928,0.838709397373509,0.3015745719394579,64.04301980115345,87.27091280244177,,360.91992888772813,False,True,True,False
796,False,103.22264209401462,0.17401777097050433,6.2221955664119295e-12,85.29571549570797,1024.0416297141599,-37.77609449906353,0.0071760927516965,1.2229317663138286,0.8742532513445063,0.3808835908545998,56.433265730628705,84.23562998927146,,480.7023526526669,False,True,True,False
797,False,79.35970589936574,0.10491825327037888,7.775093253855818e-12,89.9384889572117,1077.128049265842,-30.257999547146085,0.007874107350941299,1.79901542627523,0.8640875017651813,0.3186003511187154,63.12869350987371,91.34718506976019,,444.6758228199073,False,True,True,False
798,False,184.62623859881558,0.20486973535167738,7.3977097580128e-12,88.32597416208499,955.1100464830158,-31.103027987477006,0.009049848311231871,1.5587393335364488,1.0079544270997314,0.5195281489910766,48.45717871531585,82.99249210379102,,239.12899335372921,False,True,True,False
799,False,74.13936364766447,0.04620262956651636,9.114840305084265e-12,86.86738869928786,925.856154328094,-30.438706095074277,0.011538478948232584,1.2132545274362523,0.9342934216271144,0.1670745929404947,82.11754582949683,93.03480726423433,371.16432189941406,200.66175111194545,True,True,True,True
800,False,162.82567280417186,0.0768647658887349,6.225305216398522e-12,94.63966744397707,700.0,-27.547177998926678,0.009076801605991253,1.1875336268591319,0.7361456489243711,0.17504900121444616,76.2208740253751,92.19277677417853,,154.92893231789625,False,True,True,False
801,False,93.40414467247997,0.050507800102740544,8.69869141899076e-12,97.86856595288955,976.3667132838101,-30.521919536697887,0.013308911693492326,2.1919499877856468,1.6960140408467783,0.22583441228981466,86.68440196538343,95.44321877206873,322.6825714111328,188.1679971417607,True,True,True,True
802,False,96.61333765898343,0.030047474877238706,7.795910939776963e-12,89.56218615768809,1058.0993836738203,-36.62026602287423,0.011365640561592734,1.5962039882640975,1.0797066963827235,0.11852006924410594,89.02293839232668,96.18845304018639,331.7570114135742,237.18704073585423,True,True,True,True
803,False,108.10767821438098,0.09275547368923429,6.39032851613661e-12,88.14537751841414,974.202703659867,-25.48855707077936,0.008236097896388836,1.3775315278341287,0.9593761797732276,0.2523286738467903,73.69867220317742,91.11996961769464,,231.69946358181133,False,True,True,False
804,False,159.85257043252838,0.033582069933157106,8.96694947152496e-12,94.88825319310752,1074.1155562428692,-31.216665712507574,0.012284839424158388,2.4426497080871865,1.3203877143852942,0.2351127297035533,82.19365969994578,95.10824841003483,551.9290733337402,220.54709273083665,True,True,True,True
805,False,105.7741091221185,0.06622700937262205,7.055667274087026e-12,80.41585081531332,1127.7794923524923,-39.388501506324246,0.012815036978891468,1.0795886821364948,0.7261123108190435,0.2035960014341458,71.96081124082683,90.10575421397952,,318.44769687891704,False,True,True,False
806,False,202.52119338061058,0.0700760772902225,1.1677061494015129e-11,93.1295604609911,830.9051063543409,-30.070168056173873,0.012572467204807342,1.7872951438390983,1.2344652948138166,0.423012501012778,65.7331394580374,87.9166609212006,,128.24611891922652,False,True,True,False
807,False,148.49906147608792,0.018387030541701002,1.907390179937942e-11,89.54312250072955,969.6232249664763,-29.840358659348595,0.009631496670173975,1.5303989869372792,1.1230679063905622,0.24354744705667236,78.31409430624622,91.20144763180129,,243.08888086505522,False,True,True,False
808,False,84.76590604274439,0.16819036772091991,8.452805650289088e-12,69.70797300667356,1032.557471850261,-28.77959116923157,0.010164667370512475,0.6033077112080475,0.6160630935006666,0.37529038063220455,39.082476358113716,71.46244155161605,,279.36810155773253,False,True,True,False
809,False,160.3314762854147,0.144088082014195,5.762209286845622e-12,86.20516868175852,1001.1939873751021,-35.86291724663614,0.009701919486852341,1.331614637713647,0.6582257400347908,0.282990584304374,57.00706200134069,88.0012610347148,,269.3166156367572,False,True,True,False
810,False,111.09571357755274,0.058429836434723895,1.069557750464526e-11,97.52819216193814,877.3341660850697,-35.75981083591405,0.010241547546539607,2.0795717122415134,1.4585802519513138,0.2513093499902374,82.77027611925834,93.74333161163328,456.74732208251953,188.40697556545868,True,True,True,True
811,False,112.80893510004353,0.048296208360408155,8.070950759424313e-12,81.82261580222524,944.068391112862,-35.55896593729725,0.011783264687942958,1.0048794060873603,0.6818541801072637,0.15648250648832543,77.05044406067748,91.81903002477316,,213.96510597564412,False,True,True,False
812,False,81.37682315460816,0.07824864929920103,8.815077705054048e-12,81.09608629950597,859.1812950061421,-36.520601346469824,0.01361876464384805,0.9998788297892712,0.8396447757385583,0.23645004405118655,71.83927645554596,88.35549016227814,,237.78043015129896,False,True,True,False
813,False,117.17271287574819,0.08634636272368845,6.98510397679864e-12,80.58717323019414,929.8585840823149,-29.04657017453549,0.01196258128693491,1.0489762073955782,0.6271722821261514,0.19756121317006395,68.49968998943645,89.41612524910845,,155.26157569362994,False,True,True,False
814,False,112.91998235764406,0.01812657610145906,9.409383977658073e-12,83.04957558918147,882.2699800013969,-32.81402549802949,0.012269099530842934,1.0834036670575755,0.740285293715837,0.08324465885074267,88.7550570628117,95.97443350076084,412.4555206298828,190.37655784076492,True,True,True,True
815,False,124.50949168100082,0.18703618463493354,9.58975277846277e-12,86.67348186031974,910.837965131596,-31.716172754257865,0.012727258542669512,1.2951032318441706,0.8799166756394136,0.4465249313208416,49.253725530731295,80.40171556734641,,159.2398589796864,False,True,True,False
816,False,89.09330028368545,0.09572525058654564,1.0073584220338559e-11,81.85393328812539,1134.361195284974,-33.93019775176479,0.011670506544854239,1.278744990551693,1.0163853622339065,0.3713334720556328,63.46528729620019,84.82451138549459,,212.7583101832621,False,True,True,False
817,False,132.86968034297814,0.10248220904407301,5.215637156819304e-12,75.48826080613087,944.9151245779874,-24.13802251042065,0.009003083835429273,0.7393951371526043,0.5770482433594866,0.2117427534860588,63.305883706824076,86.66853132601643,,275.7794221704102,False,True,True,False
818,False,137.725303380021,0.09093210113050999,5.893278501524997e-12,82.89247822217848,942.6421179465502,-27.800607558923634,0.011404656501170268,1.054388464179008,1.0293919175069723,0.27929511686441466,72.86795125215049,89.42394124722506,,187.71414198256826,False,True,True,False
819,False,116.96501159208127,0.043200237026038105,9.622102322310727e-12,110.65930218052554,972.0868302404397,-26.3593425917199,0.01265701347141856,4.235868398768879,2.2470993934581793,0.23374435282418415,89.59795220875999,97.46185931017163,335.1457405090332,145.16236759092018,True,True,True,True
820,False,138.88831276007,0.06464491006607487,4.950082775487375e-12,87.90592327640275,1035.5697056870858,-28.877118023029894,0.011002139563505235,1.668327769716659,0.7987618124904845,0.1417696470530026,82.25132388202503,94.90141716654104,513.1572914123535,163.98190472141434,True,True,True,True
821,False,111.61122131896212,0.16481359179160848,6.620603313333382e-12,95.74352429964028,804.8165339110784,-30.018906371806732,0.012247440215683612,1.8230563764148766,1.0338689940917385,0.3442135569461901,66.70626946805922,90.11917295908196,,110.40216908788736,False,True,True,False
822,False,184.22482257772413,0.10951850043273267,5.667653467663904e-12,93.17173017028139,891.750272338692,-31.325773953819436,0.008382784176532099,1.6923987782481291,1.0383242628061644,0.3188233679173097,69.29443148562656,91.29398999187418,,267.79143383433995,False,True,True,False
823,False,136.53720775355856,0.07399074230218598,1.0944046010058412e-11,93.44045458677925,880.5671763898061,-29.819929602383624,0.010391071470818166,1.583072689256854,1.3288199427636918,0.35733701870162105,73.10869537685984,89.61818925358725,,194.83565966058967,False,True,True,False
824,False,73.501337507001,0.02923774968898255,3.5303614881695926e-12,95.09270160990393,912.9031301441902,-28.328891340366837,0.00945925384907911,1.761532228524857,0.8071112019398966,0.043997438450389094,94.54877613584833,98.68733681646034,182.0128631591797,119.78054248883076,True,True,True,True
825,False,102.17103179971134,0.23989781273983077,5.4718000721414805e-12,88.18631126840145,847.2395879553862,-30.11220912322868,0.011515138115356083,1.3494699156164234,0.8333186262332072,0.3904202288516317,53.14874568249826,85.41629563930306,,162.54593199108908,False,True,True,False
826,False,131.89035134665554,0.16031277492227186,8.937363499501692e-12,108.00280072948594,1064.169889439543,-25.208970480771825,0.00875836325531272,4.049408543380145,2.3008981113462323,0.7082107120708936,69.22024888548731,91.72669334827573,,186.65923494705814,False,True,True,False
827,False,103.07108110746584,0.05084000842235592,5.6642387404633634e-12,100.39358176843058,958.9159267957696,-29.140466906796632,0.010263082790918438,2.412295310723313,1.2292008928799856,0.13722360533754752,88.8363565197194,97.15709098116524,306.8238639831543,149.4155094320353,True,True,True,True
828,False,102.8026046926264,0.1633304974282717,4.377763233765175e-12,86.29352758944032,837.0366002143635,-35.4918435280476,0.011790081682658484,1.0692769597533132,0.6602991158893637,0.23255983776312156,64.77962302737839,88.96426753019149,,147.3158386553062,False,True,True,False
829,False,101.63946933645744,0.07620370986709758,4.9096341127287985e-12,97.65162117585812,1009.8094599592911,-22.564188510903346,0.008580749931371964,2.3093879511182855,1.0856600259752076,0.1733681817496063,84.03107993279238,96.1422937590551,371.8293571472168,147.58325741384922,True,True,True,True
830,False,176.02217919025037,0.23122415487419531,7.449976498603412e-12,92.28993954899165,1074.8976829159676,-33.875636634634716,0.008532658276256041,1.9115487043020034,1.1976351087105628,0.626132234847032,47.719281917080814,82.72917752766192,,278.43181331664823,False,True,True,False
831,False,79.07771890572904,0.06450827588909114,9.780067713874744e-12,88.26582568315007,827.8946881663423,-27.740304678292773,0.007971734685142885,1.316942240358035,0.9541266800910134,0.22330994425618916,76.59535689381542,91.82408412945264,,292.70267868346605,False,True,True,False
832,False,63.35178012671253,0.13682305467554481,1.4818585166643148e-11,92.44483030227687,1030.6991744605539,-29.192266650090357,0.011047106515771423,1.9891642053582161,1.448339429241245,0.674839484558584,53.405985438640016,83.7703231155388,,286.9872653294189,False,True,True,False
833,False,172.60502344776316,0.012726959450357225,5.293940718211329e-12,75.3420275418581,967.0693403939362,-34.82870217225809,0.012225327633944984,0.6863227251465465,0.40956569052757846,0.08521407873216974,79.19403878230085,93.23268628873964,,271.37112685944135,False,True,True,False
834,False,110.26536057937446,0.19017409565679133,1.2628636809262034e-11,91.1661554331994,1142.4300545905685,-27.849289046241967,0.008834286684162574,1.9874436559354276,1.663877920639614,0.8877743103775538,46.644264019304785,79.83765437248283,,347.02372771392737,False,True,True,False
835,False,51.03583155846267,0.057257536229371526,3.891515837009683e-12,87.27978717655859,1028.268473636354,-25.540929900329154,0.011977534211476406,1.3564051912821373,0.8152782136782627,0.10687646930881298,86.89079782634911,96.10783159369795,174.27303314208984,155.86660436756375,True,True,True,True
836,False,71.23950580150796,0.11201239152222653,4.736033408867147e-12,80.14707954177773,1099.7556016256071,-30.83209344629989,0.010199803308364211,1.105643814110383,0.7827937741551441,0.2165063455709043,72.34184114397488,89.31935499244081,,183.91830097897704,False,True,True,False
837,False,143.79255670559198,0.09093737313714953,6.23114094216479e-12,79.88683041824166,1133.8902555365294,-26.061810936654975,0.007909820533005714,1.2166520778284788,0.8736160411514776,0.25793624395986925,70.47487319258767,88.11653838653956,,263.9313387359649,False,True,True,False
838,False,179.7356063224663,0.10221893995807299,3.1813035803964906e-12,88.84206594529888,1173.4515416420454,-31.959599482147624,0.013077791884932629,1.7147957837839445,0.9441217378008574,0.23581242287961585,75.02309146817299,93.66795592408405,,193.49598765168963,False,True,True,False
839,False,160.8501796113312,0.15565546897319346,8.203395489498794e-12,80.48003375031647,831.4997287222009,-31.718778800949263,0.010165113518775064,0.8557065026357419,0.7073482755433806,0.369103992024526,47.81863407513328,79.63178602849098,,194.92630003844022,False,True,True,False
840,False,185.75657148425293,0.06136103137700527,1.5532181780287536e-11,98.14056086817949,953.0189005442548,-30.82283594106287,0.01016519004608572,2.1056234729538543,1.5436036559913955,0.5380234446561584,65.14497471110178,87.35014235571076,,259.98228853149,False,True,True,False
841,False,88.67140366643468,0.07877437519235986,5.381778650047937e-12,78.73994695106487,883.9086980717618,-30.048531520434196,0.009367126910387602,0.7593287644773904,0.6126290710005216,0.15465456526215615,74.7555947664089,89.83332265996698,,215.98992171912002,False,True,True,False
842,False,101.05669368758161,0.03135002998988545,1.1076028528717141e-11,111.65592719932171,798.6462602446447,-38.96708723626991,0.008334439998283896,2.890384511777065,1.909540279678398,0.1508642480080795,92.09944667763239,97.52357535358013,283.1504249572754,236.29266084292036,True,True,True,True
843,False,80.0753595442358,0.07856827065964368,5.530678668478749e-12,93.58765935273226,1024.7705535642488,-33.00313917834728,0.011179527422673174,1.7479066426528396,1.0188544634868848,0.19080467362888864,81.27262720370418,94.34713443636312,399.35455322265625,232.99517784991662,True,True,True,True
844,False,142.63034417327918,0.1940930078707401,7.084395383064054e-12,93.91311426307504,1241.6698360062655,-34.27847818948866,0.010414724737507588,2.3612383548306,1.3811695291629078,0.5881729102415028,57.41486487918832,86.23587720573086,,273.7513423853386,False,True,True,False
845,False,128.73452854948826,0.03519726529006999,9.930227236012835e-12,97.20667277508318,888.8995773929834,-28.790326200301365,0.00823074375869331,1.9949520113745414,1.3756928090064555,0.18113288432979124,86.83333349248166,95.50763973700603,426.90698623657227,235.35911675117546,True,True,True,True
846,False,91.5448098104692,0.1325482674247215,6.3261722838636785e-12,86.05541492038807,915.5656902973889,-33.51087573740062,0.00847904712565177,1.1372672141806024,0.5595943986431153,0.2130995580772292,61.91892581592213,88.46677479924348,,198.87277401957547,False,True,True,False
847,False,154.93900001185733,0.07052254132913907,6.7424500403304346e-12,94.70877426505965,975.2499023146249,-36.14936937650023,0.010992804949521304,1.8761330824880826,1.4099042398899237,0.3035449696218308,78.470525796452,93.3864340271943,,297.940646600568,False,True,True,False
848,False,104.75900028612345,0.16816617569878836,5.112588291687209e-12,84.70641496594648,1177.7458224918362,-35.032894107829875,0.01148060199267664,1.3152370246416922,0.9944193082337934,0.3898578953442659,60.79542179880841,85.66160830419939,,256.8673281428735,False,True,True,False
849,False,85.43790587457086,0.10743759533705709,6.937408327056004e-12,73.20095734014679,1008.7972830068597,-26.934506918187274,0.009969183576237467,0.632518099727531,0.5495315452154974,0.242925838336201,55.794013928547415,81.2709197763403,,161.55321702584197,False,True,True,False
850,False,199.56543748075163,0.005732459403968927,4.3092937768917615e-12,108.4876728941966,858.5945404271076,-32.672647828429014,0.010933740109847215,2.88785036327603,1.4224187510758963,0.12483508799468139,91.2237456163835,98.36425618541423,413.8241767883301,113.34562290273742,True,True,True,True
851,False,163.32439742051235,0.25,8.516964817260672e-12,79.5333419757682,1015.0633266258008,-29.686700841769422,0.0062637382087037015,0.969391466364363,0.7067768151774091,0.46776243354410024,33.8175186990696,72.6594099443629,,220.26045343744687,False,True,True,False
852,False,164.7848011857018,0.0038812731973160435,6.23812021474002e-12,85.54288588404421,1283.8176449509347,-33.91645834410943,0.008038905255285084,1.4040826330709661,1.0584341741795833,0.10936498416387629,89.66728523777611,95.9428130279632,466.24393463134766,415.53222004806423,True,True,True,True
853,False,202.59999786018676,0.07223814230319452,1.0634282295844644e-11,107.18771408357267,1007.8242946476172,-32.492605096690994,0.010685560558183902,2.982747370798004,1.8894736118212285,0.5557155047526421,70.5888718807246,91.26967333641959,,252.69720595125696,False,True,True,False
854,False,93.80933064961351,0.07563664235240167,1.2253643674581009e-11,79.88603218873672,1128.6757552816925,-32.31245590005619,0.009770379113777383,0.9146071995934497,0.7668042810463201,0.31807299061163,58.519664212409864,81.54554412894693,,312.61102274890635,False,True,True,False
855,False,69.1617974816318,0.13839305584784117,1.2888400391597526e-11,101.99351964173073,1060.0660649963042,-28.59212554556184,0.009881367254672126,3.0750955007456273,2.251291063030117,0.7888739974637585,64.95904015174403,88.52400888290825,,273.26439501788826,False,True,True,False
856,False,50.650590631981665,0.06854921966309,7.91316731702963e-12,92.59333074280083,1204.6515469759718,-27.141189579410085,0.010085441773541917,1.9744755873428879,1.311090593037542,0.25642323009953094,80.44198993866259,92.91341797032747,321.2980270385742,217.23203952003865,True,True,True,True
857,False,109.62946246717229,0.08099066288675381,1.0204624739972379e-11,94.7595856782715,962.0244533826932,-20.257983528030653,0.010313151441942251,2.0967878349084006,1.4122317299624867,0.33190740741443625,76.49766675167022,91.69878853708418,,112.62783141296558,False,True,True,False
858,False,111.53356840423827,0.06574805260295484,7.533432147882667e-12,100.20828247550254,994.5138742491098,-30.67807660218737,0.009671982991995728,2.581093928599713,1.567079689693561,0.24638816536474478,84.27724084581013,95.38388285294704,403.6330223083496,224.4777918366048,True,True,True,True
859,False,205.6179736051461,0.10851773574105898,1.447019410349004e-11,96.32645541642839,1204.256710772859,-34.33245660059188,0.009683923402547557,2.5868492605535276,1.9472982762603321,0.8805269361716195,54.782123164889875,82.70819704002461,,333.9663714147789,False,True,True,False
860,False,70.92347357380933,0.17368575484252669,1.2229167098769729e-11,102.54555100920386,804.2702296935466,-31.00168914714224,0.011744195516505566,2.139445012901765,1.3864093046748862,0.5900384914317164,57.441248450789885,86.10611274265634,,170.13631950631822,False,True,True,False
861,False,78.55663353520512,0.051220476110919386,1.4356272209998083e-11,92.33315003872234,1012.9794027591728,-25.585358678958276,0.007417725468731139,1.7306354333989569,1.2092442463349546,0.27987399544998504,76.85546188884149,91.25483870402137,,284.776395205344,False,True,True,False
862,False,74.66389771694163,0.11874320679587011,7.633161760195998e-12,94.45344330492618,908.7887723552782,-25.981650879147264,0.009787264111677813,1.778899354306222,1.0411200115266197,0.30028703300634213,71.15730850605553,90.71864422217664,,170.03858499864353,False,True,True,False
863,False,109.03139408081282,0.06674676570896512,6.035187555984783e-12,91.18812948194076,965.2233383954175,-23.787898646947053,0.010768181595694818,1.5030683191695862,0.9037251468754249,0.16011290942064935,82.28300828252594,94.02277520479547,459.4528579711914,129.21165681339906,True,True,True,True
864,False,113.383080347576,0.04839300673611522,1.4585682559393604e-11,80.93454396329577,968.2627928688381,-30.893654395200723,0.010363290271769755,1.008573139464168,0.6693318567534786,0.23787135876340934,64.46137198411883,87.3394952391856,,248.94702410437293,False,True,True,False
865,False,48.24328621888494,0.015148496110486385,1.1054090849578444e-11,94.58274141176194,1001.1256660761974,-30.491525587996644,0.011403255063657865,2.2624527667300223,1.8871820784843418,0.09397189898376022,95.02051762492191,98.25893240672127,145.76730728149414,257.23752513311064,True,True,True,True
866,False,99.59893745580548,0.13099805608142653,1.0665638551467476e-11,90.92236536573368,1282.11193180386,-35.33370826360393,0.009382534885504872,2.2007345107187843,1.6342771936716098,0.6376024746935226,60.985659154854375,85.44135707439834,,318.83416122091535,False,True,True,False
867,False,90.23570567988034,0.18987013620667786,1.2914317144787686e-11,96.25895835808646,968.9633710952044,-29.181392533620677,0.01146770872450221,2.055411758061111,1.5333804746662654,0.775943551106101,49.39654156774219,82.32396852165718,,236.83547270330178,False,True,True,False
868,False,97.70090735587593,0.06306869480130885,8.5234931576212e-12,92.13563319732009,968.629881102811,-26.00786082815684,0.009664973911014786,1.6416557722842895,1.1081247535348846,0.21466180175112146,80.62837229595704,92.97048200159279,524.7102928161621,202.97201896964134,True,True,True,True
869,False,151.4003150605229,0.11716770711805455,2.017779391138872e-11,95.3459125491033,954.405817955674,-28.74797042132372,0.011255188909432667,2.0079650822257378,1.6604587200084553,0.7921112144515094,52.29563945754243,80.51569623347459,,253.79695862101659,False,True,True,False
870,False,84.77185270327554,0.25,9.418875298685893e-12,85.58519767936632,889.0601404411227,-28.85694149343567,0.00857934271813352,0.947641927599163,0.8894748845333629,0.5595207182125654,37.0953887578173,72.74766330409724,,253.56831332468892,False,True,True,False
871,False,135.30736614537716,0.06518100509953745,8.626270436471533e-12,78.82144676991766,830.5410218084892,-24.303890563293322,0.010233700941112499,0.7740869869626379,0.5822826358871456,0.1842115879374364,68.36388781252629,86.97864177998761,,173.81195640272932,False,True,True,False
872,False,197.36293449000144,0.07007285741708,7.875091849159552e-12,91.69032780930158,1050.7844466795789,-23.54121673451879,0.011704624400570435,1.9899981044405775,1.3573905816500211,0.4000602388944874,70.52725690728008,90.42980322613651,,185.39615863371645,False,True,True,False
873,False,153.5615382685237,0.016134795440048748,9.029597941985886e-12,100.57186356215864,1134.4608018855015,-34.56549313818076,0.009572123731613608,2.573072825599158,1.819440626179457,0.18161576374121577,90.01804394559548,96.60498359102314,427.83077239990234,301.5938075511537,True,True,True,True
874,False,177.12028871206888,0.05553090259619355,6.8067541830307305e-12,77.767527597715,1098.5691645031338,-27.59388429137109,0.009781717084300038,1.032369788146019,0.6266428947223617,0.20614534072644689,67.10321900038763,88.49566353713834,,231.67780421060763,False,True,True,False
875,False,49.82529409653838,0.1282411853943026,9.227462661093876e-12,93.5172326501659,1012.1384117022852,-32.24581034588364,0.008224949870889212,1.8438860921180833,1.497902001356905,0.4928588715240126,67.09672120889442,87.56071361237431,,385.6470400850269,False,True,True,False
876,False,186.8986518485739,0.17878615165206316,9.679910500452582e-12,96.59408491695214,940.5255777341413,-31.23547268376803,0.008704402986407664,2.0785097430233406,1.3363750299033974,0.6278128765196601,53.02120568916624,84.3258177768719,,200.04544421282333,False,True,True,False
877,False,139.99219315918862,0.10248865292529945,8.438244916108966e-12,87.12550408602868,979.3521958071811,-31.56772686670075,0.01033768052253367,1.413939043883845,0.9419713972738706,0.33762997070761924,64.15708887926498,87.79032291986363,,239.3328716602176,False,True,True,False
878,False,171.71090292454875,0.10885809456841619,7.774711879543066e-12,86.95832724692283,1070.8493575658524,-31.421486791559946,0.010954854170869971,1.3418819149901404,1.098313548755112,0.4187866593133888,61.87002702570097,84.81196238236868,,277.32648240615,False,True,True,False
879,False,117.72743056109398,0.25,5.0729946418408795e-12,96.76913336071642,1172.8887707996007,-29.367967255378165,0.011377087369737058,2.4931941362948145,1.4039656680431638,0.6073695730700351,56.73900103863778,88.45774197362338,,211.87808881498927,False,True,True,False
880,False,156.2758612125773,0.05536069705073297,9.873013783376363e-12,79.61033507845737,1070.1405215096472,-32.01137811661549,0.010819990954460498,1.0420288243268068,0.7475386270547401,0.2794826360899142,62.61295055868082,86.88934060040748,,335.3308220284762,False,True,True,False
881,False,133.8799392503734,0.070686567189556,1.2058706933132876e-11,89.55965047397092,1015.1269636564344,-33.98992069386933,0.011079399245524745,1.5717952740735295,0.9476822101674163,0.32299137277014,65.91775499161467,88.70828863690409,,187.7056579027368,False,True,True,False
882,False,131.3608820789576,0.06890131573196571,1.697426757507381e-11,79.07868642063148,1114.390292065635,-32.743616433817216,0.010141861512439851,0.9718114348125781,0.7878225404950122,0.40218391666562364,48.94993529724098,79.58765888439756,,369.9582843803078,False,True,True,False
883,False,137.96386949068386,0.14207401594268138,1.1852035092771382e-11,99.23781957689405,898.054589224767,-30.98091117817075,0.006855044460376801,2.0039818015897444,1.9302601993211845,0.7189137174787407,62.75560581254479,85.40732494557182,,317.5515460851655,False,True,True,False
884,False,110.12413396703406,0.13067148805902978,1.7202633904873006e-11,85.14951503931174,1055.220310096116,-26.102466784574343,0.010060322889872367,1.3928385062560167,1.027732555190903,0.5706515929157686,44.47469917796181,77.65105219065262,,277.4474404808138,False,True,True,False
885,False,105.31122626536073,0.05603624385892152,6.942794296815872e-12,84.63301186187444,1021.0212125309904,-24.196250554237487,0.009373141942591529,1.2239927221636833,1.0518369201025262,0.20416514216037948,80.58965812490412,92.76664614843406,548.093204498291,257.0917614073357,True,True,True,True
886,False,70.49411811924885,0.04595048181096144,6.346216246426277e-12,76.74856701725561,789.9700381629578,-28.22153134948896,0.011720857765818295,0.6675619130802211,0.43384153583769175,0.0912134115707644,78.97540829172958,92.84141560157299,,187.15593351427822,False,True,True,False
887,False,90.53164878990476,0.09779107761961495,1.3144918578544068e-11,66.32438579724835,879.6939988118381,-26.24155189164649,0.009718342540217698,0.4301706256885267,0.4665311685716163,0.2849099176135961,38.930142977176004,71.89501192175346,,271.3747691464688,False,True,True,False
888,False,131.57214959408978,0.09456918919892936,7.557021679169211e-12,82.25454984901096,1060.6145130037103,-31.024831306131997,0.007453822562390355,1.1357352017876738,0.6237912137506921,0.24901158961946684,60.080939883358454,87.80010366628518,,380.22900537947123,False,True,True,False
889,False,66.05193557513199,0.1599941061251236,1.4285696504178214e-11,66.64506213507377,959.1567236356376,-31.573499141764792,0.010789584410127267,0.3783084398928325,0.3328451835632887,0.2539548241922577,23.701817922214396,60.409466759408915,,214.1981689292732,False,False,True,False
890,False,132.8500113170509,0.16203506211430233,6.137211037314259e-12,82.60514618280747,1045.4531362402367,-32.94391478139758,0.009945043773550164,1.1176618229198776,0.8353342476201325,0.3675752776664544,55.996623062722925,83.36155866303079,,238.98276484719437,False,True,True,False
891,False,179.74289573436556,0.03137655394393846,1.5581058138378928e-11,100.75164465030346,1165.4284069021817,-32.23699411846316,0.00894802034422112,3.2178302913818655,2.215196167242309,0.5051490899239596,77.19619158817804,92.21263503133834,,367.3322559831855,False,True,True,False
892,False,146.60719938759848,0.15230186923445016,4.668577076564354e-12,89.21160436115916,1090.6486101440516,-34.22007888489517,0.011342778322397776,1.6899108865625732,1.0118588914374884,0.34956738380613844,65.45295131917766,90.14113493210593,,248.9770131714121,False,True,True,False
893,False,165.97959252191842,0.06744568899238038,5.5394474117840105e-12,103.91327923615646,915.6601911555325,-26.783420379384854,0.009309290288743043,3.194571853065081,1.4936507929877123,0.24345514881120922,83.70066484387345,96.62518091842549,493.0995559692383,153.09294697626984,True,True,True,True
894,False,185.51706196475263,0.03788238924887079,8.404137892863763e-12,96.18945104415216,1036.5412170073835,-30.444800306048375,0.008622987549694665,2.09558711442629,1.3200329629978291,0.27861482977804936,78.89334300066963,93.1822699440232,,276.83207024800896,False,True,True,False
895,False,58.234549649282755,0.0791031864460318,8.249206595609936e-12,88.0782756480264,1041.0677246068647,-31.127856272381017,0.010387017253996732,1.4396299315498498,1.2485379690108873,0.3103657749560147,75.14166307638273,90.50666822471239,,303.5691567781719,False,True,True,False
896,False,119.3206702128192,0.1411356631132667,1.252247260958489e-11,65.0,1199.4968265433508,-35.171886180650304,0.010153208736828559,0.4844309145447721,0.46155802561511394,0.31681114645355724,31.360494483581757,60.12400747478939,,276.9963388667992,False,False,True,False
897,False,107.50252243412916,0.1150141018512498,6.0701809211073325e-12,90.06949410241002,1028.8754308262894,-33.73477010146371,0.00986401421355556,1.7853104044799821,1.139413619575562,0.30938616521618273,72.84689599098957,91.43614660278558,,240.6435622212927,False,True,True,False
898,False,46.99831389271451,0.10655140703466576,8.772015205408722e-12,86.40957776477026,846.7114941102747,-26.32832568547291,0.009458157348982208,0.9832422828276439,0.8248361736488785,0.27607241079761924,66.53003109983153,85.07540718671824,,142.3508817113563,False,True,True,False
899,False,109.52944831727588,0.21030353034054589,1.504153577887343e-11,79.05377431934457,997.0090711247697,-21.888481238902706,0.009117747667945854,1.0025957990509864,0.5403359119920277,0.4172198357182127,22.785099702133348,77.07558472010142,,212.7864523262321,False,True,True,False
900,False,117.73557539722223,0.03097914821521531,5.334029763636812e-12,84.81014638268852,931.5717036621077,-30.297944347791635,0.011085504938625958,1.1666456984927347,0.7814388991910217,0.08080681806078749,89.65922759355311,96.32807274989051,363.22021484375,157.1143403779675,True,True,True,True
901,False,87.15732604312525,0.03424794539618595,1.0830379809884394e-11,95.35115066529512,1019.3314038087192,-33.33829393231212,0.01005589954282033,1.9996413804722397,1.1941458956934397,0.15859029719895637,86.71935332433873,95.65997523262297,334.17882919311523,238.11015341390151,True,True,True,True
902,False,130.97128605253036,0.07716372919616898,6.2805070872723474e-12,79.2035018869295,700.0,-33.78816280021274,0.008857418991345123,0.641635828102452,0.47897162747137845,0.14341119655925255,70.05851947507637,88.5726237301579,,211.44954872590205,False,True,True,False
903,False,121.82049247591746,0.11250407114577196,5.8907781057379275e-12,88.94591094154663,1133.8873320786206,-36.887069502650675,0.011797153109092339,1.6663621735278957,1.1703098325611891,0.3171332607872178,72.90176909022622,90.12568307115832,,214.71960609511387,False,True,True,False
904,False,84.1562374450838,0.06711307716373112,7.136587398647122e-12,72.43808849554445,1110.737836925291,-26.549726451012155,0.00976446874380909,0.6414294221096749,0.33282835043515435,0.12580438701892516,62.20142098639043,87.25583149427675,,222.15511838593036,False,True,True,False
905,False,76.81211859206921,0.1287387798266689,9.246134089871e-12,80.9828425417913,1159.0040658991313,-25.723690838063963,0.006734194200535953,1.0273072440737727,0.8737893872639834,0.4117641111381847,52.876045745130426,79.56413846439364,,435.02354278122317,False,True,True,False
906,False,186.45751547682417,0.16994598460560809,8.25030761047117e-12,89.34259417140785,930.0267143449188,-34.740633379015605,0.006670624720223641,1.3563778711836363,0.9940315312680035,0.4935338603469874,50.35028117091747,81.74157801557881,,432.3779295889294,False,True,True,False
907,False,113.39224459552132,0.025326935376660406,1.218176808192015e-11,71.80955037714773,916.252968811324,-30.919028787372035,0.010966536960033068,0.5547882789314823,0.468923179533681,0.12147029067232708,74.09590824810095,88.3426257933898,,258.7193521222434,False,True,True,False
908,False,165.29056736348022,0.06084759680640104,6.371943143963369e-12,90.5476904071657,1068.7874999406376,-35.693948465873575,0.010474187388701638,1.717816079986566,1.1722698135049283,0.24269070565451742,79.29736798997622,92.57580850633713,,183.05701679503508,False,True,True,False
909,False,90.9312607761976,0.16285447687270938,6.9144709365977615e-12,82.37991957053714,757.2445590529568,-31.613272079452727,0.010736492335575587,0.8293293203845201,0.6145127312363746,0.2843302725700371,53.73077592746106,83.3709158270227,,191.01856119877928,False,True,True,False
910,False,127.79602461276815,0.021180409107597727,1.0788106625487772e-11,90.76857094947722,1186.123978558393,-24.779320138447922,0.009738581811412544,1.965128316254335,1.4120644305598233,0.15868602390398848,88.76212583011696,95.5129168756328,422.6285171508789,185.31908631900862,True,True,True,True
911,False,163.4987982228647,0.024198201183011872,1.2850609057210938e-11,95.47353802260363,938.1371318111076,-31.503582851639553,0.012263373608993614,1.9963484690374063,1.3407013579215967,0.25810849655839607,80.74824829307809,93.6067209159234,585.9843254089355,244.49011020183391,True,True,True,True
912,False,196.20801105563203,0.25,6.115208212120493e-12,83.96029844984963,815.8629927625466,-31.296300985302583,0.011853635519311644,0.8854585292343297,0.6139784061106133,0.37921448410730096,38.23651119759701,78.41119883396678,,185.66200383043304,False,True,True,False
913,False,55.456971839108384,0.09507104468112816,8.430323857270064e-12,84.86208652667455,1021.7249550432142,-34.65981778196538,0.009532955021157986,1.1267789083034039,0.9509616063211175,0.2908247664343536,69.4178224965952,86.13623103511713,,231.89957952995584,False,True,True,False
914,False,138.94101303820472,0.031220263285040826,7.296052961899379e-12,92.11926258779837,1020.2391557175064,-35.97608526867923,0.009422043573406836,2.002403218576379,1.382620069593203,0.15736819906808638,88.61811697016755,96.15740174854336,411.1776542663574,261.42169471290475,True,True,True,True
915,False,79.83220369983619,0.05411254688230015,1.0047311468785995e-11,91.05105134427501,977.3285755387519,-25.185746230681204,0.011937167626652855,1.734873623277631,1.3597630189171113,0.23995989130497894,82.35281530923835,93.26671603094407,375.88539123535156,163.89304896086773,True,True,True,True
916,False,148.0726853260681,0.0525148448039904,5.363445986355811e-12,94.54968014563798,873.7063239455338,-32.60848329437051,0.01292695941084839,1.899210545109208,1.1793064435897036,0.1649333944417774,86.01437350416445,96.06939645636287,438.9116668701172,164.3808387686408,True,True,True,True
917,False,182.4453713984134,0.15074610384166676,8.44198818194302e-12,75.80690813829914,931.2027212219131,-34.07421595813285,0.008244012730813158,0.6908292271412031,0.6429490561487489,0.36459590479832926,43.29318920191735,72.41322561937314,,275.83573974793507,False,True,True,False
918,False,127.34138377832785,0.05690993261530333,1.001997484602735e-11,82.53454272489206,933.7797401436652,-27.250771460807183,0.010909601954739447,1.1691713677376832,0.8000304568521391,0.22276800522643783,72.15505943324236,89.88326365275957,,214.02597222902148,False,True,True,False
919,False,157.23556194247928,0.09865778324810451,8.48765080008212e-12,96.84227348634789,980.0715563902212,-37.04445100343751,0.008546013300980046,1.9548318706673646,1.3469846598111441,0.4180394574742942,68.96479448155661,90.13593167065437,,412.40744199887655,False,True,True,False
920,False,117.87119313805056,0.2425962989957595,9.525800195946673e-12,78.77145371584605,987.3165235283622,-34.2720888894788,0.009811910426443641,1.0203387724030026,0.7827579770930133,0.5028352811849567,35.76107866030653,73.12460730976036,,229.3698078996751,False,True,True,False
921,False,126.4460555494667,0.12960895161468572,1.0581349391790298e-11,77.73079585968829,930.1715944556105,-27.309810259266524,0.011255806146707532,0.8695664677686101,0.7264619693756698,0.3568812911351574,50.87405725562406,77.31008195348619,,186.4868628549354,False,True,True,False
922,False,96.784773714115,0.060699371147606054,8.466930992670052e-12,88.65348814537597,921.6397549147152,-32.4971586520468,0.010489916265683122,1.348731883387717,1.1798471299517794,0.23958300984577444,79.69372440177345,92.46527162865884,,301.2349811906894,False,True,True,False
923,False,56.97934926316678,0.17067377065781056,9.922760358675582e-12,83.63678965212148,1000.2788835061418,-22.543202947783918,0.011429171163404304,1.1651837266529654,1.0494297447925776,0.5375024975529625,48.781469153115985,78.74926921837215,,209.44683873860293,False,True,True,False
924,False,125.95531238266095,0.15463232243042502,1.0734284625461213e-11,95.28054092490204,828.4022948197515,-28.56700650295736,0.011920109814879577,1.6541871411489835,1.4735886954467974,0.5740134663784872,61.04656148950408,84.26059128444022,,148.18869408424482,False,True,True,False
925,False,98.77177312672283,0.07778857778197094,6.54444081200221e-12,75.20127281770905,1037.5659491939707,-28.36103668490065,0.0072451349572128015,0.7203903409936974,0.5714091824535787,0.18139409172584237,68.25495681624282,86.1501298775559,,257.6033321222928,False,True,True,False
926,False,155.23957978599347,0.16531152194496418,5.6200382930588845e-12,87.08414517367082,880.5848680893886,-24.56598217208067,0.006712075147310039,1.2699916178831967,0.8624636353172704,0.34926714754161187,59.5035508467405,87.02372525033175,,264.41752833494417,False,True,True,False
927,False,141.596857348763,0.03782293111441447,9.841439124153576e-12,92.28816722880596,1135.974505638122,-34.62440790892195,0.011892090223826639,1.9677796893467565,1.4417468041135117,0.27684709750276826,80.7978005074897,93.75689269505983,576.8009376525879,343.55125362299526,True,True,True,True
928,False,85.36219822817152,0.08535138779225658,6.291741607235133e-12,87.97664882648287,1013.183655553791,-31.67788598843864,0.011150903873575304,1.4138535737268851,0.9655444440286757,0.23805852044890355,75.34463359805387,92.00823601265,,231.56122413751365,False,True,True,False
929,False,121.45236811178505,0.13656661522318433,5.5445772474871725e-12,97.0571787007873,872.4136958486351,-37.5786239721742,0.007879591896568209,1.9418636371701137,1.090696383827288,0.30215900468492884,72.29668960443021,92.49685032807756,,294.3066684317086,False,True,True,False
930,False,79.18325155340273,0.03211883332772847,5.9790192865197915e-12,82.87702745131358,750.9180354477455,-27.621900248077402,0.010909074249610453,0.8646916649804791,0.5336059244419775,0.06568696153217023,87.68998646316327,96.15895883243215,295.8700752258301,180.67149505245266,True,True,True,True
931,False,109.39769237664673,0.05367087517245647,5.779873686916779e-12,93.51965337762275,1145.343725795832,-29.95247529494554,0.008756998535678389,2.2243673719781216,1.1473232765892982,0.15465546259881272,86.52032380458938,96.10854329078774,362.8774833679199,228.63434501384233,True,True,True,True
932,False,107.3841387852393,0.0484597725856699,6.4928450848051366e-12,77.44087265787763,993.839580788621,-28.682657106328378,0.008591424687981181,0.8144899293221328,0.549237578625276,0.11060812950883665,79.86151461346013,91.71303402791008,,179.75095974343327,False,True,True,False
933,False,145.86771299331818,0.11809146371239199,8.417484325466589e-12,98.3630992962011,900.9337909505294,-27.7434048349381,0.011019334413023007,2.5785719616362166,1.4639703952182195,0.41960909869395624,71.3375967120285,91.95369801263986,,177.11832083838928,False,True,True,False
934,False,77.08338594581343,0.08433088336370849,6.05093091048645e-12,91.04722174738056,1030.9621009586162,-36.28834522472223,0.009192629038397364,1.5931033489223865,0.9360259429901887,0.198030230383518,78.84351049599128,92.9752905072907,,200.84700181393322,False,True,True,False
935,False,118.05829521027044,0.09225298647820539,1.0470456792546635e-11,97.08784121544353,1032.7484001238638,-23.800418739529807,0.010839990996210426,2.4772167301468775,1.6738634465946471,0.43537585591323896,73.98976261779421,91.21449742076719,,198.1458719747507,False,True,True,False
936,False,147.07721936749053,0.031721900708840726,8.996312012549252e-12,88.58651936898718,1089.8794986664484,-28.038864165575625,0.009705732528383568,1.7402722952714624,1.2598471257085686,0.20781328637298233,83.50488070081494,93.9832594319208,520.5453109741211,255.3280890818365,True,True,True,True
937,False,142.3714268156357,0.25,1.2937048108988419e-11,99.82089771455894,1060.9629282097628,-31.737585936742217,0.01031589782886983,2.44973963639481,1.6706931866392394,0.9793574429481868,41.3801737637861,79.49135071093588,,275.78050335731916,False,True,True,False
938,False,154.4145511602301,0.133381627625627,1.2994482909354665e-11,87.34491791409602,827.2872461027812,-39.4168491586102,0.010034718940179823,1.0235996246682302,0.7830025270701165,0.42963218295035077,45.130166494101495,78.801923282358,,318.52846368143986,False,True,True,False
939,False,86.08480856325527,0.08899327769971052,4.018908999056526e-12,90.6073192300437,1037.3527546935861,-25.858799160945846,0.011161444546901749,1.6222939333464097,0.8663427320740805,0.1512823928459985,82.5378124332135,94.82514537873665,355.5076217651367,85.4694712302542,True,True,True,True
940,False,68.13853467319228,0.1168444312501671,1.1145626553191678e-11,84.37037976101038,1194.6970911801297,-34.46028700541549,0.010137278938836694,1.4022956600608116,0.8385239810829312,0.3622682472460663,56.79691273966827,83.50642383043235,,251.52405801551942,False,True,True,False
941,False,203.43995983135147,0.17206192640977466,7.630529641921002e-12,85.84857497282262,1124.7024354608116,-28.83934586187819,0.006862781026781461,1.5528511543082784,1.0696759962653388,0.5532354106245104,48.280094855257694,81.58741772953606,,369.291513101132,False,True,True,False
942,False,57.51264164955569,0.07916110369313027,8.390699460530398e-12,91.802798303097,815.4970352259014,-32.520527970352184,0.010671347007940464,1.4886758696479325,1.015419375107197,0.2353376629428933,76.82359932140857,92.4207804975678,,186.57416719824042,False,True,True,False
943,False,99.56257089860904,0.048265928849690894,5.6701661868698056e-12,96.80836894252025,1210.839008235726,-30.433996335468983,0.00805917014095274,2.6841222501253656,1.659756538934412,0.17279719652670975,89.58900341867923,96.94984572849752,289.29235458374023,269.8812419732725,True,True,True,True
944,False,101.91480547197952,0.017880363562338346,9.807111175722457e-12,93.9655488194779,939.7840185901093,-33.3292780155476,0.009208822689134517,1.71675096213106,1.1422488548684597,0.08716683495893761,92.36884024112454,97.37694161026226,325.38129806518555,272.89398591027486,True,True,True,True
945,False,115.6853206304568,0.12410523883260907,1.1217923316861314e-11,91.30619338274661,1044.759207785805,-33.898323016046895,0.00993547286502032,1.5848370145396673,1.2566843794056426,0.49726446336301644,60.43044128564715,83.46886812024287,,245.33241771309986,False,True,True,False
946,False,107.66681002488751,0.0589046881056444,8.26455595421367e-12,89.06926350678194,1025.8783804078616,-34.48907833750983,0.011447520143989656,1.4177845109333023,1.0380472734096795,0.22050017254701654,78.75817622228914,92.13126259275876,,281.7020769981444,False,True,True,False
947,False,138.8852190189923,0.06608556850115943,4.362338669786026e-12,94.41031840365332,1163.0806697231283,-33.2855503280888,0.009810874178683206,2.154156440784376,1.2394001618721946,0.19419886791422653,84.33122135300705,95.75766204204673,452.1306610107422,178.9864263388995,True,True,True,True
948,False,126.33948460197752,0.04009618732145795,6.133170195736888e-12,80.33743405154425,1037.3418243367096,-32.480571195409865,0.009876988272492181,0.9734876779313388,0.5717828285799453,0.11165274665283426,80.47287517707902,93.4118698771343,581.0249328613281,282.46937509670016,True,True,True,True
949,False,152.56198393002808,0.029526767141726654,9.445950570879984e-12,79.30552724162078,1005.621483174104,-29.447312902973756,0.011713258833153408,1.0345520065628473,0.6300085578140553,0.15487668465009521,75.41673319685182,91.288158909352,,209.70129572622153,False,True,True,False
950,False,92.15769082310527,0.013635007143986824,5.333594944835462e-12,90.91579377748185,1226.2974742035997,-28.17173257476812,0.007951272112166738,2.087724154397148,1.3022884644003148,0.0477490224392244,96.33345270694599,98.83702543819622,238.45006942749023,279.6908596978492,True,True,True,True
951,False,133.0328939745659,0.08849418507162288,8.08327082196131e-12,91.6504308175169,1175.9178518793926,-29.75956859838064,0.006529389993484903,2.0318596258396124,1.323683072149581,0.3464392705702501,73.8276270310193,90.61877962439733,,370.99961693907255,False,True,True,False
952,False,80.78112854435925,0.15110316976040308,9.718594918703642e-12,87.74659787065136,1055.8206002912561,-40.59593573373128,0.012354593468406169,1.4532058104361123,1.0509059418851834,0.4724799948566586,55.040696219768904,82.70401308900857,,307.69489877119014,False,True,True,False
953,False,141.44217282652247,0.11199423812601153,6.060086573672448e-12,93.6898692107952,1154.525599108535,-29.87145427783515,0.0105018669160142,2.387092635924303,1.5110634500063138,0.39083351197800326,74.13520180265294,92.24558298196422,,226.01161824048035,False,True,True,False
954,False,66.90682086112714,0.11459431418385622,1.3407772105183135e-11,82.63872780572963,1030.524113104039,-28.369785719908887,0.011537647844538184,1.2191224553729196,1.1895258783206664,0.5512869617948105,53.65489966699175,80.73034726361982,,280.71319480471647,False,True,True,False
955,False,90.02387888854265,0.04878348893473011,9.641198234157813e-12,86.66968605617065,1047.337369688371,-24.9995924151899,0.009974920687872401,1.436240297811846,1.177991229166909,0.2153971596874358,81.71487576866193,92.4310126096083,449.4637107849121,233.02954105548852,True,True,True,True
956,False,96.97044011173341,0.023201391573952148,6.7363504675106194e-12,86.24600361230978,943.6435914143523,-30.332064339104278,0.009050662931622312,1.2401920775123725,0.8710596206185715,0.07180828012571996,91.75621525484947,96.95450324422691,305.1828384399414,249.90904858753325,True,True,True,True
957,False,114.5383443674938,0.034457546043614375,7.291869570499303e-12,89.96095980921322,1197.390880688024,-33.07709904639988,0.010520704183977953,1.9016040352986878,1.1767864851672416,0.13542617924989492,88.49186484065982,95.8888946703851,371.50251388549805,164.22755231054643,True,True,True,True
958,False,276.82598965041495,0.08538496061221462,9.146393404439657e-12,93.84415928901343,834.6925969616848,-27.282111202822943,0.01044852840380872,1.777815761731241,1.1731550233530252,0.5126858559563016,56.29854147570534,85.63902209033913,,182.34199027459425,False,True,True,False
959,False,181.90829544482648,0.04299208813487874,7.340193569166874e-12,86.70755180494054,880.5492366964016,-32.22860502871951,0.010896922622987155,1.4067592068429615,0.9965089947293054,0.23415702495654103,76.50226679387393,92.50252727747021,,258.10976673472015,False,True,True,False
960,False,92.07756084751237,0.1212432564721764,6.3197173500943436e-12,82.73192788896695,814.5179191728676,-34.54406680530854,0.008899468982380936,0.9005061573748793,0.5820163322615122,0.22255568198291772,61.76126516619489,87.66547580679614,,266.1872840188885,False,True,True,False
961,False,92.12540727009058,0.05070057612273043,4.158741220229815e-12,83.04292408735972,1025.7815542017397,-30.155904765290146,0.00968915494597006,1.1123227890808496,0.6652561704916892,0.08824181886989056,86.73566322508948,95.50289365746451,317.655086517334,150.45595871186717,True,True,True,True
962,False,159.84308158100018,0.1638830216104456,1.1019067794411892e-11,93.1322109018415,1082.5115042744997,-34.537316519612965,0.007780528260318454,1.9955956356528297,1.4741999630203977,0.7368347596830376,50.0179908990513,83.28648230360132,,518.481365101013,False,True,True,False
963,False,113.14311471314136,0.026164950116446362,7.352747730198009e-12,95.02678558888837,922.3417801997379,-29.28571872684764,0.007696330411624434,2.0661598812119255,1.411039124474629,0.107914983423206,92.35209133812035,97.56864609063295,315.65771102905273,222.4345527882173,True,True,True,True
964,False,153.07756150975763,0.03303550504549203,1.3061483653174011e-11,87.88616946003442,864.5709642909649,-30.030808328427916,0.009764561402539215,1.2512815827077226,1.3748591476200647,0.296512644860877,78.43323475178153,90.51574273935657,,304.8500730928828,False,True,True,False
965,False,154.70634601501288,0.12023556126950243,1.118261414667056e-11,103.50306076952805,879.2859116292497,-24.458814709222438,0.012754598994996934,2.8166872584468146,1.6073843822574134,0.5363646506786701,66.63121425098093,90.61151975339703,,146.38687144802017,False,True,True,False
966,False,155.94287406640882,0.053828108719409795,8.478911190496166e-12,92.8122858578113,823.9513298254278,-29.733306744585686,0.00978946829067087,1.428826208795419,1.1133035478914957,0.24813682346979646,77.71166507645223,92.4698014142496,,199.3576769664698,False,True,True,False
967,False,84.11100843694463,0.23895207046262418,8.87881423964286e-12,102.35000002258988,906.571206810879,-30.07219333499756,0.009993336946068689,2.533234808442221,1.6518921731568996,0.7557031984839727,54.25226835237298,86.55229284651637,,220.06649032407813,False,True,True,False
968,False,101.90884944377734,0.12982449736735396,6.4360680980958256e-12,94.21153877844824,962.1069738412726,-32.20748967476696,0.011982808802673172,1.8544261366510042,1.1712388979359754,0.3450005638330331,70.54396294035206,91.02771908059854,,141.86117535129213,False,True,True,False
969,False,198.69515651687368,0.1142607813802511,5.471419231654386e-12,75.6914390711349,1212.1233771974578,-28.488515434896595,0.01000601671416986,1.1037841141717468,0.758827199244948,0.3449333746378638,54.54388364293199,84.55841574329081,,364.0211088885077,False,True,True,False
970,False,143.07581751274466,0.08187655336898696,9.388331541819554e-12,94.82655094871288,1055.4419619408645,-18.358885008732404,0.011461179935788355,2.3887391839757943,1.5821550818816517,0.4110758078200329,74.01798265368893,91.85016432949656,,132.55997047847757,False,True,True,False
971,False,140.26972202180215,0.07770945733863724,7.255751376428583e-12,100.2297152332905,1029.3961647982578,-31.33940350033155,0.010152834046024512,2.7257172263615725,1.5915594457853715,0.30864248105502384,80.607543006179,94.47698890022501,569.4560432434082,146.3031672676064,True,True,True,True
972,False,128.98287163726238,0.07354227981088744,7.52528279501854e-12,98.76793719592217,1132.9957495687681,-29.283955046681363,0.009042715713278091,2.541783392601254,1.360890892186163,0.29263817713015755,78.49657317787927,94.06813021807572,,324.7069534463771,False,True,True,False
973,False,130.7829705835433,0.08605562458650196,8.07770000214676e-12,86.6517857354042,1227.1708892256297,-34.20478379279608,0.012814388658732282,1.9293888422475451,1.2658816127990165,0.3540868449790375,72.02843920008374,90.24602645522147,,242.26018870624,False,True,True,False
974,False,116.00156587046246,0.11403185911090065,5.4483683629935425e-12,80.30925734332637,925.6529728553676,-32.197347770828024,0.00930884377313624,0.9564643211380234,0.7450508248025234,0.2345914934841352,68.51335698523467,87.76853312267058,,208.17477496531015,False,True,True,False
975,False,250.41164885655,0.224592512046476,9.542452496447126e-12,85.5529025927454,1102.1173307948247,-28.478014105686125,0.009224796498073493,1.5398814783461179,1.1328083940029599,0.7462763028331948,34.12157724254602,75.43395093292273,,300.98233816393656,False,True,True,False
976,False,70.01753267966633,0.24743915217258508,1.180623012227024e-11,96.23678801439581,1071.8518935457366,-30.234786390338872,0.008590612801255925,2.279168485328603,1.7027943138423303,0.940711762990518,44.75482121690813,79.55935260096156,,280.25895754551317,False,True,True,False
977,False,218.54830727128234,0.04482255487111767,5.323144568990542e-12,107.36486115649882,1042.4005259114656,-28.591984149346594,0.010878662047965691,3.517560173591686,1.8205404069715052,0.3228707094299374,82.26511709415792,96.20639850023493,552.9708862304688,174.63523136770996,True,True,True,True
978,False,144.31969331859597,0.12531163509557464,6.051128973441836e-12,98.56586874659305,980.5665731090011,-35.85202032790332,0.010438887338801085,2.0422388906634894,1.190131523028893,0.35484640482535373,70.18426972488997,91.75875788062417,,289.4847445995502,False,True,True,False
979,False,172.1656932336436,0.10959439879829413,8.015064049147325e-12,86.86312951137093,932.0402562055269,-32.17944529382268,0.01082557155948021,1.292569446342612,0.9686998404350864,0.3858992895171762,60.163171974524985,86.19842628003592,,249.0124894120949,False,True,True,False
980,False,108.05124284010647,0.1825842557067644,7.1420099282579075e-12,88.46428153898043,818.8607530362632,-31.42828469317792,0.007922243601172612,1.2795686452449124,0.8017948786499789,0.3512024832423544,56.19796376927586,85.39678295255084,,228.95615588698064,False,True,True,False
981,False,165.53501572637802,0.20388989919443462,4.348457899949856e-12,100.9712668676557,1080.3213625242297,-28.30974048849758,0.005414493149580368,2.8687539483879037,1.2578399462596166,0.43623723035839906,65.31854218371593,92.20735741262946,,273.45959062481785,False,True,True,False
982,False,210.9992521828285,0.014236120535811551,6.94827718734275e-12,90.21096680304655,1035.121886909158,-25.762465170773304,0.011721969786135945,1.7011199386233526,1.1576703558351733,0.23206304229855287,79.95430727505011,93.34912019887378,,204.2966788355888,False,True,True,False
983,False,124.0203802969131,0.005015002323800525,8.394354533200208e-12,80.95069525442969,904.1448056054021,-25.673417700675888,0.007582226834469864,0.8993240269386059,0.7001831478064781,0.044069085146577924,93.70606315152874,97.36566325463644,396.08612060546875,264.0141758943854,True,True,True,True
984,False,103.54151310926733,0.12844314919016983,5.525589193009184e-12,94.84196837477508,1265.3408231242774,-29.919412569227603,0.010808256373029759,2.4917676129160307,1.271671763807084,0.3400871142393549,73.2566906084936,92.35118098068381,,216.86609184266948,False,True,True,False
985,False,54.4464793187329,0.0813322476730803,8.23408656543131e-12,76.25771501277967,1053.9572855196934,-24.72267062837674,0.007826421738357629,0.8392745447716274,0.7193956065417249,0.2392612988760202,66.7413455544723,84.79053490425684,,243.65145646665695,False,True,True,False
986,False,185.23140112479447,0.10289305456520081,6.9227434209241685e-12,100.56334469635651,975.522988812858,-28.555323225804806,0.011288477901657002,2.8249081059823458,1.309724579575833,0.36672240665623784,72.00003631488656,93.0820700582823,,150.06887768705982,False,True,True,False
987,False,235.9604012209623,0.032949866966500554,6.9895135042302e-12,98.63419420706555,1051.7340430001427,-28.61952083571034,0.008224354300976457,2.2403768380546354,1.5746379094504734,0.37134356543263053,76.4172091117618,92.23304786641533,,195.57834680180892,False,True,True,False
988,False,354.04404247372815,0.03329156935745258,7.910566231421632e-12,81.66664910126543,888.6420929562535,-33.48284409125998,0.009883697227101937,1.0083951244615015,0.8110640381439412,0.4634145957849109,42.86337773705265,80.10354269762936,,313.0466371949718,False,True,True,False
989,False,161.57010864407155,0.06761102823581075,2.1269731527011662e-11,88.97504960067475,810.6186881055947,-28.344763530915966,0.010484694448676387,1.400762691978573,1.0439475907032891,0.46098309390442654,55.84231449838681,82.81708453691556,,210.08440715359842,False,True,True,False
990,False,217.86753539776512,0.04029110306272089,5.723593684148449e-12,93.22818209296862,1014.0749011806577,-25.9276556455728,0.010257158129322343,2.3859971438675367,1.212882027462854,0.2485192546569192,79.51002248942712,94.47862310953809,,121.18482856662537,False,True,True,False
991,False,195.13813308838226,0.1188469271865378,6.834456013743369e-12,88.73508852269956,834.4822340371456,-26.369451500397297,0.008567134314233766,1.1756556474237287,0.9232749247675428,0.37078348291683527,59.8404036576441,86.36857488306899,,283.9046513747481,False,True,True,False
992,False,122.95931290685859,0.04922621871256283,8.70476854495768e-12,82.49470756371925,883.0063641240067,-23.85076837903684,0.010285242744248845,1.0136442010733793,0.9043526252411379,0.21620919526143725,76.09237931898667,91.77546477247517,,260.4826886718498,False,True,True,False
993,False,188.4414549048302,0.07956762854076681,8.720505632407598e-12,92.20691234561517,1016.3688858172776,-23.96564240626999,0.010544111621940319,1.9378174087411173,1.5438947280408892,0.4778234087963301,69.05077787248747,89.63330221765877,,237.78897351608032,False,True,True,False
994,False,101.1448309314887,0.03585525786775965,8.330573493128288e-12,86.9228184739711,746.3364850326597,-29.760333630107354,0.012539109418102119,0.9137774423435134,0.7417900598031867,0.10340841439527075,86.05961174207332,94.13911124352725,385.4841423034668,123.69866590669827,True,True,True,True
995,False,185.92007114029184,0.14872163912676797,7.620452934386281e-12,82.80557450840993,1218.0463150800879,-24.768249849828702,0.006859027787509757,1.41820851580874,0.9714503074194626,0.5020734801233493,48.3171217005381,82.24324013530394,,376.72681400041415,False,True,True,False
996,False,169.2945210921032,0.12525853637773238,7.789090270946421e-12,95.22043663318848,926.5815148416286,-27.288873511797053,0.008365002816401703,1.8405037849141925,1.2034421205286427,0.3999013295126324,66.77020666877061,88.38708358518728,,156.15649910412554,False,True,True,False
997,False,109.67193377850055,0.15273655353231202,9.392384099687359e-12,95.98100761615599,975.3788340920305,-34.756588295563034,0.00839660393519488,1.862162697234547,1.3069252441733048,0.508567961944315,61.08668309747055,86.06955356956087,,274.54541715422283,False,True,True,False
998,False,170.3745335774402,0.05953969031048632,8.265796331805577e-12,94.29309951794188,933.005065732951,-25.4010362523786,0.010590366631527922,1.953311660273842,1.2314174433003762,0.2906351281056378,76.3983261982473,92.71239986480275,,160.3158715881332,False,True,True,False
999,False,156.87806674836295,0.05890814163791998,6.685588495246649e-12,87.64907754820317,916.4327149213078,-28.131394174048424,0.008281169588115778,1.292236149347695,0.8980413537090597,0.20663485078380187,76.99049716025151,92.05240837223178,,230.39954526774463,False,True,True,False
