time_s,Qin_m3_s,Qout_m3_s,Qleak_m3_s,P_damage_Pa,sensor_voltage_V,sensor_deltaP_Pa,leak_conductance_m3_Pa_s,hydrogel_swelling_fraction
0,1.620552827036698e-09,1.6205528270366982e-09,0.0,516.1408506968388,-0.0004789861098124443,224.35565240299206,0.0,0.0
1,1.620552827036698e-09,1.6205528270366982e-09,0.0,516.1408506968388,-0.00047789785902751624,224.35565240299206,0.0,0.0
2,1.620552827036698e-09,1.6205528270366982e-09,0.0,516.1408506968388,-0.00047667549306340957,224.35565240299206,0.0,0.0
3,1.620552827036698e-09,1.6205528270366982e-09,0.0,516.1408506968388,-0.0004784209089500767,224.35565240299206,0.0,0.0
4,1.620552827036698e-09,1.6205528270366982e-09,0.0,516.1408506968388,-0.00047672794563965955,224.35565240299206,0.0,0.0
5,1.620552827036698e-09,1.6205528270366982e-09,0.0,516.1408506968388,-0.0004763404396490162,224.35565240299206,0.0,0.0
6,1.620552827036698e-09,1.6205528270366982e-09,0.0,516.1408506968388,-0.00047646023322984413,224.35565240299206,0.0,0.0
7,1.620552827036698e-09,1.6205528270366982e-09,0.0,516.1408506968388,-0.0004775439890205837,224.35565240299206,0.0,0.0
8,1.620552827036698e-09,1.6205528270366982e-09,0.0,516.1408506968388,-0.0004753439095603835,224.35565240299206,0.0,0.0
9,1.620552827036698e-09,1.6205528270366982e-09,0.0,516.1408506968388,-0.00047474907179539044,224.35565240299206,0.0,0.0
10,1.620552827036698e-09,1.6205528270366982e-09,0.0,516.1408506968388,-0.000475889709094822,224.35565240299206,0.0,0.0
11,1.620552827036698e-09,1.6205528270366982e-09,0.0,516.1408506968388,-0.0004781678661587357,224.35565240299206,0.0,0.0
12,1.620552827036698e-09,1.6205528270366982e-09,0.0,516.1408506968388,-0.00047506810113638425,224.35565240299206,0.0,0.0
13,1.620552827036698e-09,1.6205528270366982e-09,0.0,516.1408506968388,-0.00047753428574088923,224.35565240299206,0.0,0.0
14,1.620552827036698e-09,1.6205528270366982e-09,0.0,516.1408506968388,-0.00047477308446737917,224.35565240299206,0.0,0.0
15,1.620552827036698e-09,1.6205528270366982e-09,0.0,516.1408506968388,-0.00047867498053771,224.35565240299206,0.0,0.0
16,1.620552827036698e-09,1.6205528270366982e-09,0.0,516.1408506968388,-0.00047470247129769756,224.35565240299206,0.0,0.0
17,1.620552827036698e-09,1.6205528270366982e-09,0.0,516.1408506968388,-0.0004765715326131861,224.35565240299206,0.0,0.0
18,1.620552827036698e-09,1.6205528270366982e-09,0.0,516.1408506968388,-0.00047902890348462397,224.35565240299206,0.0,0.0
19,1.620552827036698e-09,1.6205528270366982e-09,0.0,516.1408506968388,-0.0004771592046478888,224.35565240299206,0.0,0.0
20,1.620552827036698e-09,1.6205528270366982e-09,0.0,516.1408506968388,-0.00047642320114641204,224.35565240299206,0.0,0.0
21,1.620552827036698e-09,1.6205528270366982e-09,0.0,516.1408506968388,-0.0004759858230256262,224.35565240299206,0.0,0.0
22,1.620552827036698e-09,1.6205528270366982e-09,0.0,516.1408506968388,-0.0004784957819538371,224.35565240299206,0.0,0.0
23,1.620552827036698e-09,1.6205528270366982e-09,0.0,516.1408506968388,-0.0004787461517982855,224.35565240299206,0.0,0.0
24,1.620552827036698e-09,1.6205528270366982e-09,0.0,516.1408506968388,-0.00047613223663826095,224.35565240299206,0.0,0.0
25,1.620552827036698e-09,1.6205528270366982e-09,0.0,516.1408506968388,-0.0004774649049377147,224.35565240299206,0.0,0.0
26,1.620552827036698e-09,1.6205528270366982e-09,0.0,516.1408506968388,-0.00047606039448049465,224.35565240299206,0.0,0.0
27,1.620552827036698e-09,1.6205528270366982e-09,0.0,516.1408506968388,-0.0004750123666589984,224.35565240299206,0.0,0.0
28,1.620552827036698e-09,1.6205528270366982e-09,0.0,516.1408506968388,-0.000479828980436657,224.35565240299206,0.0,0.0
29,1.620552827036698e-09,1.6205528270366982e-09,0.0,516.1408506968388,-0.0004760226294709199,224.35565240299206,0.0,0.0
30,1.620552827036698e-09,1.6205528270366982e-09,0.0,516.1408506968388,-0.00047408211176888366,224.35565240299206,0.0,0.0
31,1.620552827036698e-09,1.6205528270366982e-09,0.0,516.1408506968388,-0.00047712645939269606,224.35565240299206,0.0,0.0
32,1.620552827036698e-09,1.6205528270366982e-09,0.0,516.1408506968388,-0.00047815303487043026,224.35565240299206,0.0,0.0
33,1.620552827036698e-09,1.6205528270366982e-09,0.0,516.1408506968388,-0.00047502691804959595,224.35565240299206,0.0,0.0
34,1.620552827036698e-09,1.6205528270366982e-09,0.0,516.1408506968388,-0.0004760245126715388,224.35565240299206,0.0,0.0
35,1.620552827036698e-09,1.6205528270366982e-09,0.0,516.1408506968388,-0.0004747396395624,224.35565240299206,0.0,0.0
36,1.620552827036698e-09,1.6205528270366982e-09,0.0,516.1408506968388,-0.0004772218371240577,224.35565240299206,0.0,0.0
37,1.620552827036698e-09,1.6205528270366982e-09,0.0,516.1408506968388,-0.0004794950422513995,224.35565240299206,0.0,0.0
38,1.620552827036698e-09,1.6205528270366982e-09,0.0,516.1408506968388,-0.0004767514272333776,224.35565240299206,0.0,0.0
39,1.620552827036698e-09,1.6205528270366982e-09,0.0,516.1408506968388,-0.0004774230620099776,224.35565240299206,0.0,0.0
40,1.620552827036698e-09,1.6205528270366982e-09,0.0,516.1408506968388,-0.00047498075805985996,224.35565240299206,0.0,0.0
41,1.620552827036698e-09,1.6205528270366982e-09,0.0,516.1408506968388,-0.0004761441400072008,224.35565240299206,0.0,0.0
42,1.620552827036698e-09,1.6205528270366982e-09,0.0,516.1408506968388,-0.0004797931041688253,224.35565240299206,0.0,0.0
43,1.620552827036698e-09,1.6205528270366982e-09,0.0,516.1408506968388,-0.0004789217318641615,224.35565240299206,0.0,0.0
44,1.620552827036698e-09,1.6205528270366982e-09,0.0,516.1408506968388,-0.0004747638276307806,224.35565240299206,0.0,0.0
45,1.620552827036698e-09,1.6205528270366982e-09,0.0,516.1408506968388,-0.00047517187566911944,224.35565240299206,0.0,0.0
46,1.620552827036698e-09,1.6205528270366982e-09,0.0,516.1408506968388,-0.0004778118924357721,224.35565240299206,0.0,0.0
47,1.620552827036698e-09,1.6205528270366982e-09,0.0,516.1408506968388,-0.0004765335032970897,224.35565240299206,0.0,0.0
48,1.620552827036698e-09,1.6205528270366982e-09,0.0,516.1408506968388,-0.00047564025859640275,224.35565240299206,0.0,0.0
49,1.620552827036698e-09,1.6205528270366982e-09,0.0,516.1408506968388,-0.00047559459703226057,224.35565240299206,0.0,0.0
50,1.620552827036698e-09,1.6205528270366982e-09,0.0,516.1408506968388,-0.0004747789213117264,224.35565240299206,0.0,0.0
51,1.620552827036698e-09,1.6205528270366982e-09,0.0,516.1408506968388,-0.000476018434449512,224.35565240299206,0.0,0.0
52,1.620552827036698e-09,1.6205528270366982e-09,0.0,516.1408506968388,-0.0004767210623818921,224.35565240299206,0.0,0.0
53,1.620552827036698e-09,1.6205528270366982e-09,0.0,516.1408506968388,-0.0004770491018335308,224.35565240299206,0.0,0.0
54,1.620552827036698e-09,1.6205528270366982e-09,0.0,516.1408506968388,-0.0004744199201028886,224.35565240299206,0.0,0.0
55,1.620552827036698e-09,1.6205528270366982e-09,0.0,516.1408506968388,-0.0004810331142541122,224.35565240299206,0.0,0.0
56,1.620552827036698e-09,1.6205528270366982e-09,0.0,516.1408506968388,-0.0004768087163541378,224.35565240299206,0.0,0.0
57,1.620552827036698e-09,1.6205528270366982e-09,0.0,516.1408506968388,-0.00047646540549598697,224.35565240299206,0.0,0.0
58,1.620552827036698e-09,1.6205528270366982e-09,0.0,516.1408506968388,-0.00047938210362569547,224.35565240299206,0.0,0.0
59,1.620552827036698e-09,1.6205528270366982e-09,0.0,516.1408506968388,-0.00047586577847767903,224.35565240299206,0.0,0.0
60,1.620552827036698e-09,1.6205528270366982e-09,0.0,516.1408506968388,-0.0004778339677288419,224.35565240299206,0.0,0.0
61,1.620552827036698e-09,1.6205528270366982e-09,0.0,516.1408506968388,-0.00047480651611132363,224.35565240299206,0.0,0.0
62,1.620552827036698e-09,1.6205528270366982e-09,0.0,516.1408506968388,-0.00047678258987202376,224.35565240299206,0.0,0.0
63,1.620552827036698e-09,1.6205528270366982e-09,0.0,516.1408506968388,-0.0004751930992223762,224.35565240299206,0.0,0.0
64,1.620552827036698e-09,1.6205528270366982e-09,0.0,516.1408506968388,-0.00047409371849361267,224.35565240299206,0.0,0.0
65,1.620552827036698e-09,1.6205528270366982e-09,0.0,516.1408506968388,-0.00047576554653852815,224.35565240299206,0.0,0.0
66,1.620552827036698e-09,1.6205528270366982e-09,0.0,516.1408506968388,-0.0004782828479908008,224.35565240299206,0.0,0.0
67,1.620552827036698e-09,1.6205528270366982e-09,0.0,516.1408506968388,-0.0004795600429673644,224.35565240299206,0.0,0.0
68,1.620552827036698e-09,1.6205528270366982e-09,0.0,516.1408506968388,-0.0004730246374689224,224.35565240299206,0.0,0.0
69,1.620552827036698e-09,1.6205528270366982e-09,0.0,516.1408506968388,-0.00047675399009033015,224.35565240299206,0.0,0.0
70,1.620552827036698e-09,1.6205528270366982e-09,0.0,516.1408506968388,-0.00047790853559922375,224.35565240299206,0.0,0.0
71,1.620552827036698e-09,1.6205528270366982e-09,0.0,516.1408506968388,-0.0004762428915278335,224.35565240299206,0.0,0.0
72,1.620552827036698e-09,1.6205528270366982e-09,0.0,516.1408506968388,-0.0004769142283649204,224.35565240299206,0.0,0.0
73,1.620552827036698e-09,1.6205528270366982e-09,0.0,516.1408506968388,-0.0004748271211755297,224.35565240299206,0.0,0.0
74,1.620552827036698e-09,1.6205528270366982e-09,0.0,516.1408506968388,-0.0004764635493390809,224.35565240299206,0.0,0.0
75,1.620552827036698e-09,1.6205528270366982e-09,0.0,516.1408506968388,-0.0004765039065367183,224.35565240299206,0.0,0.0
76,1.620552827036698e-09,1.6205528270366982e-09,0.0,516.1408506968388,-0.00047796056514602106,224.35565240299206,0.0,0.0
77,1.620552827036698e-09,1.6205528270366982e-09,0.0,516.1408506968388,-0.0004755922695064601,224.35565240299206,0.0,0.0
78,1.620552827036698e-09,1.6205528270366982e-09,0.0,516.1408506968388,-0.0004785991391486651,224.35565240299206,0.0,0.0
79,1.620552827036698e-09,1.6205528270366982e-09,0.0,516.1408506968388,-0.0004751996268244272,224.35565240299206,0.0,0.0
80,1.620552827036698e-09,1.6205528270366982e-09,0.0,516.1408506968388,-0.00047348353067797484,224.35565240299206,0.0,0.0
81,1.620552827036698e-09,1.6205528270366982e-09,0.0,516.1408506968388,-0.0004795807777801534,224.35565240299206,0.0,0.0
82,1.620552827036698e-09,1.6205528270366982e-09,0.0,516.1408506968388,-0.00048146386416665773,224.35565240299206,0.0,0.0
83,1.620552827036698e-09,1.6205528270366982e-09,0.0,516.1408506968388,-0.00047529764819364645,224.35565240299206,0.0,0.0
84,1.620552827036698e-09,1.6205528270366982e-09,0.0,516.1408506968388,-0.00047143561007298885,224.35565240299206,0.0,0.0
85,1.620552827036698e-09,1.6205528270366982e-09,0.0,516.1408506968388,-0.0004785332554016989,224.35565240299206,0.0,0.0
86,1.620552827036698e-09,1.6205528270366982e-09,0.0,516.1408506968388,-0.00047903279722155906,224.35565240299206,0.0,0.0
87,1.620552827036698e-09,1.6205528270366982e-09,0.0,516.1408506968388,-0.00047535346783639416,224.35565240299206,0.0,0.0
88,1.620552827036698e-09,1.6205528270366982e-09,0.0,516.1408506968388,-0.00047821284888407175,224.35565240299206,0.0,0.0
89,1.620552827036698e-09,1.6205528270366982e-09,0.0,516.1408506968388,-0.0004775434566718286,224.35565240299206,0.0,0.0
90,1.620552827036698e-09,1.6205528270366982e-09,0.0,516.1408506968388,-0.0004772276406373227,224.35565240299206,0.0,0.0
91,1.620552827036698e-09,1.6205528270366982e-09,0.0,516.1408506968388,-0.0004754674015313715,224.35565240299206,0.0,0.0
92,1.620552827036698e-09,1.6205528270366982e-09,0.0,516.1408506968388,-0.00047734201042674135,224.35565240299206,0.0,0.0
93,1.620552827036698e-09,1.6205528270366982e-09,0.0,516.1408506968388,-0.00047597564002379477,224.35565240299206,0.0,0.0
94,1.620552827036698e-09,1.6205528270366982e-09,0.0,516.1408506968388,-0.00047688447222174224,224.35565240299206,0.0,0.0
95,1.620552827036698e-09,1.6205528270366982e-09,0.0,516.1408506968388,-0.00047822074791125833,224.35565240299206,0.0,0.0
96,1.620552827036698e-09,1.6205528270366982e-09,0.0,516.1408506968388,-0.00047717105821944156,224.35565240299206,0.0,0.0
97,1.620552827036698e-09,1.6205528270366982e-09,0.0,516.1408506968388,-0.00047843220503429097,224.35565240299206,0.0,0.0
98,1.620552827036698e-09,1.6205528270366982e-09,0.0,516.1408506968388,-0.0004765183757322156,224.35565240299206,0.0,0.0
99,1.620552827036698e-09,1.6205528270366982e-09,0.0,516.1408506968388,-0.00047877913815908636,224.35565240299206,0.0,0.0
100,1.620552827036698e-09,1.6205528270366982e-09,0.0,516.1408506968388,-0.0004787171944425456,224.35565240299206,0.0,0.0
101,1.620552827036698e-09,1.6205528270366982e-09,0.0,516.1408506968388,-0.0004736174820733446,224.35565240299206,0.0,0.0
102,1.620552827036698e-09,1.6205528270366982e-09,0.0,516.1408506968388,-0.0004766377741445658,224.35565240299206,0.0,0.0
103,1.620552827036698e-09,1.6205528270366982e-09,0.0,516.1408506968388,-0.0004766392097548992,224.35565240299206,0.0,0.0
104,1.620552827036698e-09,1.6205528270366982e-09,0.0,516.1408506968388,-0.00047550833286411987,224.35565240299206,0.0,0.0
105,1.620552827036698e-09,1.6205528270366982e-09,0.0,516.1408506968388,-0.00047737311970905285,224.35565240299206,0.0,0.0
106,1.620552827036698e-09,1.6205528270366982e-09,0.0,516.1408506968388,-0.0004769884764389114,224.35565240299206,0.0,0.0
107,1.620552827036698e-09,1.6205528270366982e-09,0.0,516.1408506968388,-0.0004756811082332913,224.35565240299206,0.0,0.0
108,1.620552827036698e-09,1.6205528270366982e-09,0.0,516.1408506968388,-0.0004759665740194663,224.35565240299206,0.0,0.0
109,1.620552827036698e-09,1.6205528270366982e-09,0.0,516.1408506968388,-0.00047884999915781995,224.35565240299206,0.0,0.0
110,1.620552827036698e-09,1.6205528270366982e-09,0.0,516.1408506968388,-0.00047486472051061577,224.35565240299206,0.0,0.0
111,1.620552827036698e-09,1.6205528270366982e-09,0.0,516.1408506968388,-0.0004777122755905332,224.35565240299206,0.0,0.0
112,1.620552827036698e-09,1.6205528270366982e-09,0.0,516.1408506968388,-0.00047864356360458347,224.35565240299206,0.0,0.0
113,1.620552827036698e-09,1.6205528270366982e-09,0.0,516.1408506968388,-0.0004783323558439532,224.35565240299206,0.0,0.0
114,1.620552827036698e-09,1.6205528270366982e-09,0.0,516.1408506968388,-0.00047731249639266577,224.35565240299206,0.0,0.0
115,1.620552827036698e-09,1.6205528270366982e-09,0.0,516.1408506968388,-0.000473276805194709,224.35565240299206,0.0,0.0
116,1.620552827036698e-09,1.6205528270366982e-09,0.0,516.1408506968388,-0.00047888247751379665,224.35565240299206,0.0,0.0
117,1.620552827036698e-09,1.6205528270366982e-09,0.0,516.1408506968388,-0.00047621125391888644,224.35565240299206,0.0,0.0
118,1.620552827036698e-09,1.6205528270366982e-09,0.0,516.1408506968388,-0.0004808070544201363,224.35565240299206,0.0,0.0
119,1.620552827036698e-09,1.6205528270366982e-09,0.0,516.1408506968388,-0.0004765345395702455,224.35565240299206,0.0,0.0
120,1.620552827036698e-09,1.6205528270366982e-09,0.0,516.1408506968388,-0.0004747322728690031,224.35565240299206,0.0,0.0
121,1.620552827036698e-09,1.6205528270366982e-09,0.0,516.1408506968388,-0.000477004732348078,224.35565240299206,0.0,0.0
122,1.620552827036698e-09,1.6205528270366982e-09,0.0,516.1408506968388,-0.0004777901155517218,224.35565240299206,0.0,0.0
123,1.620552827036698e-09,1.6205528270366982e-09,0.0,516.1408506968388,-0.00047606838357583804,224.35565240299206,0.0,0.0
124,1.620552827036698e-09,1.6205528270366982e-09,0.0,516.1408506968388,-0.0004751311022016538,224.35565240299206,0.0,0.0
125,1.620552827036698e-09,1.6205528270366982e-09,0.0,516.1408506968388,-0.0004752040905619203,224.35565240299206,0.0,0.0
126,1.620552827036698e-09,1.6205528270366982e-09,0.0,516.1408506968388,-0.0004725864579960955,224.35565240299206,0.0,0.0
127,1.620552827036698e-09,1.6205528270366982e-09,0.0,516.1408506968388,-0.00047611307075928256,224.35565240299206,0.0,0.0
128,1.620552827036698e-09,1.6205528270366982e-09,0.0,516.1408506968388,-0.00047771622590346097,224.35565240299206,0.0,0.0
129,1.620552827036698e-09,1.6205528270366982e-09,0.0,516.1408506968388,-0.0004767833640839284,224.35565240299206,0.0,0.0
130,1.620552827036698e-09,1.6205528270366982e-09,0.0,516.1408506968388,-0.00047667640279519476,224.35565240299206,0.0,0.0
131,1.620552827036698e-09,1.6205528270366982e-09,0.0,516.1408506968388,-0.0004763139309369989,224.35565240299206,0.0,0.0
132,1.620552827036698e-09,1.6205528270366982e-09,0.0,516.1408506968388,-0.000476591461330414,224.35565240299206,0.0,0.0
133,1.620552827036698e-09,1.6205528270366982e-09,0.0,516.1408506968388,-0.0004761834738261627,224.35565240299206,0.0,0.0
134,1.620552827036698e-09,1.6205528270366982e-09,0.0,516.1408506968388,-0.00047987310582518533,224.35565240299206,0.0,0.0
135,1.620552827036698e-09,1.6205528270366982e-09,0.0,516.1408506968388,-0.00047487214779187503,224.35565240299206,0.0,0.0
136,1.620552827036698e-09,1.6205528270366982e-09,0.0,516.1408506968388,-0.00047768088424179715,224.35565240299206,0.0,0.0
137,1.620552827036698e-09,1.6205528270366982e-09,0.0,516.1408506968388,-0.00047887772309684916,224.35565240299206,0.0,0.0
138,1.620552827036698e-09,1.6205528270366982e-09,0.0,516.1408506968388,-0.00047525590338467225,224.35565240299206,0.0,0.0
139,1.620552827036698e-09,1.6205528270366982e-09,0.0,516.1408506968388,-0.00047389675368918297,224.35565240299206,0.0,0.0
140,1.620552827036698e-09,1.6205528270366982e-09,0.0,516.1408506968388,-0.0004755453494049562,224.35565240299206,0.0,0.0
141,1.620552827036698e-09,1.6205528270366982e-09,0.0,516.1408506968388,-0.00047620908707626407,224.35565240299206,0.0,0.0
142,1.620552827036698e-09,1.6205528270366982e-09,0.0,516.1408506968388,-0.00047839584631469904,224.35565240299206,0.0,0.0
143,1.620552827036698e-09,1.6205528270366982e-09,0.0,516.1408506968388,-0.0004707882710283281,224.35565240299206,0.0,0.0
144,1.620552827036698e-09,1.6205528270366982e-09,0.0,516.1408506968388,-0.0004747708884626321,224.35565240299206,0.0,0.0
145,1.620552827036698e-09,1.6205528270366982e-09,0.0,516.1408506968388,-0.00047880999504464105,224.35565240299206,0.0,0.0
146,1.620552827036698e-09,1.6205528270366982e-09,0.0,516.1408506968388,-0.0004780906815364346,224.35565240299206,0.0,0.0
147,1.620552827036698e-09,1.6205528270366982e-09,0.0,516.1408506968388,-0.0004763574472068113,224.35565240299206,0.0,0.0
148,1.620552827036698e-09,1.6205528270366982e-09,0.0,516.1408506968388,-0.00047964086796794706,224.35565240299206,0.0,0.0
149,1.620552827036698e-09,1.6205528270366982e-09,0.0,516.1408506968388,-0.0004761941448899341,224.35565240299206,0.0,0.0
150,1.620552827036698e-09,1.6205528270366982e-09,0.0,516.1408506968388,-0.00047744954881538064,224.35565240299206,0.0,0.0
151,1.620552827036698e-09,1.6205528270366982e-09,0.0,516.1408506968388,-0.00047407886450332267,224.35565240299206,0.0,0.0
152,1.620552827036698e-09,1.6205528270366982e-09,0.0,516.1408506968388,-0.0004746070963766986,224.35565240299206,0.0,0.0
153,1.620552827036698e-09,1.6205528270366982e-09,0.0,516.1408506968388,-0.00048195397657882467,224.35565240299206,0.0,0.0
154,1.620552827036698e-09,1.6205528270366982e-09,0.0,516.1408506968388,-0.0004764480005319005,224.35565240299206,0.0,0.0
155,1.620552827036698e-09,1.6205528270366982e-09,0.0,516.1408506968388,-0.0004797663407030025,224.35565240299206,0.0,0.0
156,1.620552827036698e-09,1.6205528270366982e-09,0.0,516.1408506968388,-0.0004743121297054581,224.35565240299206,0.0,0.0
157,1.620552827036698e-09,1.6205528270366982e-09,0.0,516.1408506968388,-0.00047619519396569946,224.35565240299206,0.0,0.0
158,1.620552827036698e-09,1.6205528270366982e-09,0.0,516.1408506968388,-0.0004754345947995811,224.35565240299206,0.0,0.0
159,1.620552827036698e-09,1.6205528270366982e-09,0.0,516.1408506968388,-0.00047866165516156174,224.35565240299206,0.0,0.0
160,1.620552827036698e-09,1.6205528270366982e-09,0.0,516.1408506968388,-0.0004728745452279641,224.35565240299206,0.0,0.0
161,1.620552827036698e-09,1.6205528270366982e-09,0.0,516.1408506968388,-0.0004724912589696542,224.35565240299206,0.0,0.0
162,1.620552827036698e-09,1.6205528270366982e-09,0.0,516.1408506968388,-0.0004786609477892075,224.35565240299206,0.0,0.0
163,1.620552827036698e-09,1.6205528270366982e-09,0.0,516.1408506968388,-0.00047578577546022246,224.35565240299206,0.0,0.0
164,1.620552827036698e-09,1.6205528270366982e-09,0.0,516.1408506968388,-0.0004778780105607355,224.35565240299206,0.0,0.0
165,1.620552827036698e-09,1.6205528270366982e-09,0.0,516.1408506968388,-0.0004765785455776766,224.35565240299206,0.0,0.0
166,1.620552827036698e-09,1.6205528270366982e-09,0.0,516.1408506968388,-0.00047906267966240425,224.35565240299206,0.0,0.0
167,1.620552827036698e-09,1.6205528270366982e-09,0.0,516.1408506968388,-0.00047279711467479386,224.35565240299206,0.0,0.0
168,1.620552827036698e-09,1.6205528270366982e-09,0.0,516.1408506968388,-0.00047846976472612046,224.35565240299206,0.0,0.0
169,1.620552827036698e-09,1.6205528270366982e-09,0.0,516.1408506968388,-0.0004771235733339501,224.35565240299206,0.0,0.0
170,1.620552827036698e-09,1.6205528270366982e-09,0.0,516.1408506968388,-0.00047552843984173407,224.35565240299206,0.0,0.0
171,1.620552827036698e-09,1.6205528270366982e-09,0.0,516.1408506968388,-0.00047782652706078736,224.35565240299206,0.0,0.0
172,1.620552827036698e-09,1.6205528270366982e-09,0.0,516.1408506968388,-0.00047701003056341973,224.35565240299206,0.0,0.0
173,1.620552827036698e-09,1.6205528270366982e-09,0.0,516.1408506968388,-0.000477658685396809,224.35565240299206,0.0,0.0
174,1.620552827036698e-09,1.6205528270366982e-09,0.0,516.1408506968388,-0.0004767983272136277,224.35565240299206,0.0,0.0
175,1.620552827036698e-09,1.6205528270366982e-09,0.0,516.1408506968388,-0.00047887249097415573,224.35565240299206,0.0,0.0
176,1.620552827036698e-09,1.6205528270366982e-09,0.0,516.1408506968388,-0.0004774073818551597,224.35565240299206,0.0,0.0
177,1.620552827036698e-09,1.6205528270366982e-09,0.0,516.1408506968388,-0.0004769451915533796,224.35565240299206,0.0,0.0
178,1.620552827036698e-09,1.6205528270366982e-09,0.0,516.1408506968388,-0.00047719885771156336,224.35565240299206,0.0,0.0
179,1.620552827036698e-09,1.6205528270366982e-09,0.0,516.1408506968388,-0.0004764180257941675,224.35565240299206,0.0,0.0
180,1.620552827036698e-09,1.6205528270366982e-09,0.0,516.1408506968388,-0.00047711761014266853,224.35565240299206,0.0,0.0
181,1.620552827036698e-09,1.6205528270366982e-09,0.0,516.1408506968388,-0.00047502498288707636,224.35565240299206,0.0,0.0
182,1.620552827036698e-09,1.6205528270366982e-09,0.0,516.1408506968388,-0.0004771777975555268,224.35565240299206,0.0,0.0
183,1.620552827036698e-09,1.6205528270366982e-09,0.0,516.1408506968388,-0.0004768047048965469,224.35565240299206,0.0,0.0
184,1.620552827036698e-09,1.6205528270366982e-09,0.0,516.1408506968388,-0.0004778609683759468,224.35565240299206,0.0,0.0
185,1.620552827036698e-09,1.6205528270366982e-09,0.0,516.1408506968388,-0.0004775844353841856,224.35565240299206,0.0,0.0
186,1.620552827036698e-09,1.6205528270366982e-09,0.0,516.1408506968388,-0.00047906039128559454,224.35565240299206,0.0,0.0
187,1.620552827036698e-09,1.6205528270366982e-09,0.0,516.1408506968388,-0.0004754938358621992,224.35565240299206,0.0,0.0
188,1.620552827036698e-09,1.6205528270366982e-09,0.0,516.1408506968388,-0.0004788164417392601,224.35565240299206,0.0,0.0
189,1.620552827036698e-09,1.6205528270366982e-09,0.0,516.1408506968388,-0.0004780231185003318,224.35565240299206,0.0,0.0
190,1.620552827036698e-09,1.6205528270366982e-09,0.0,516.1408506968388,-0.0004758129163999327,224.35565240299206,0.0,0.0
191,1.620552827036698e-09,1.6205528270366982e-09,0.0,516.1408506968388,-0.00047572625897206606,224.35565240299206,0.0,0.0
192,1.620552827036698e-09,1.6205528270366982e-09,0.0,516.1408506968388,-0.00047733163520596525,224.35565240299206,0.0,0.0
193,1.620552827036698e-09,1.6205528270366982e-09,0.0,516.1408506968388,-0.0004805699373249327,224.35565240299206,0.0,0.0
194,1.620552827036698e-09,1.6205528270366982e-09,0.0,516.1408506968388,-0.00047569037912936394,224.35565240299206,0.0,0.0
195,1.620552827036698e-09,1.6205528270366982e-09,0.0,516.1408506968388,-0.000476012278786171,224.35565240299206,0.0,0.0
196,1.620552827036698e-09,1.6205528270366982e-09,0.0,516.1408506968388,-0.00047935616813489865,224.35565240299206,0.0,0.0
197,1.620552827036698e-09,1.6205528270366982e-09,0.0,516.1408506968388,-0.0004749907615383661,224.35565240299206,0.0,0.0
198,1.620552827036698e-09,1.6205528270366982e-09,0.0,516.1408506968388,-0.000477933605304822,224.35565240299206,0.0,0.0
199,1.620552827036698e-09,1.6205528270366982e-09,0.0,516.1408506968388,-0.0004787837819362617,224.35565240299206,0.0,0.0
200,1.620552827036698e-09,1.6205528270366982e-09,0.0,516.1408506968388,-0.0004763399442820266,224.35565240299206,0.0,0.0
201,1.620552827036698e-09,1.6205528270366982e-09,0.0,516.1408506968388,-0.00047688834656675356,224.35565240299206,0.0,0.0
202,1.620552827036698e-09,1.6205528270366982e-09,0.0,516.1408506968388,-0.0004761261577019728,224.35565240299206,0.0,0.0
203,1.620552827036698e-09,1.6205528270366982e-09,0.0,516.1408506968388,-0.000479742901820604,224.35565240299206,0.0,0.0
204,1.620552827036698e-09,1.6205528270366982e-09,0.0,516.1408506968388,-0.00047290694547141035,224.35565240299206,0.0,0.0
205,1.620552827036698e-09,1.6205528270366982e-09,0.0,516.1408506968388,-0.00047773672293304257,224.35565240299206,0.0,0.0
206,1.620552827036698e-09,1.6205528270366982e-09,0.0,516.1408506968388,-0.00047961072432094794,224.35565240299206,0.0,0.0
207,1.620552827036698e-09,1.6205528270366982e-09,0.0,516.1408506968388,-0.0004752937213268208,224.35565240299206,0.0,0.0
208,1.620552827036698e-09,1.6205528270366982e-09,0.0,516.1408506968388,-0.00047724101396415746,224.35565240299206,0.0,0.0
209,1.620552827036698e-09,1.6205528270366982e-09,0.0,516.1408506968388,-0.0004758816887324093,224.35565240299206,0.0,0.0
210,1.620552827036698e-09,1.6205528270366982e-09,0.0,516.1408506968388,-0.00047721062256520516,224.35565240299206,0.0,0.0
211,1.620552827036698e-09,1.6205528270366982e-09,0.0,516.1408506968388,-0.00047665088642491493,224.35565240299206,0.0,0.0
212,1.620552827036698e-09,1.6205528270366982e-09,0.0,516.1408506968388,-0.00047603986001647783,224.35565240299206,0.0,0.0
213,1.620552827036698e-09,1.6205528270366982e-09,0.0,516.1408506968388,-0.0004780247114719209,224.35565240299206,0.0,0.0
214,1.620552827036698e-09,1.6205528270366982e-09,0.0,516.1408506968388,-0.000475173926512236,224.35565240299206,0.0,0.0
215,1.620552827036698e-09,1.6205528270366982e-09,0.0,516.1408506968388,-0.0004774712059021142,224.35565240299206,0.0,0.0
216,1.620552827036698e-09,1.6205528270366982e-09,0.0,516.1408506968388,-0.00047827077999229605,224.35565240299206,0.0,0.0
217,1.620552827036698e-09,1.6205528270366982e-09,0.0,516.1408506968388,-0.00047637734086031013,224.35565240299206,0.0,0.0
218,1.620552827036698e-09,1.6205528270366982e-09,0.0,516.1408506968388,-0.000475641323146973,224.35565240299206,0.0,0.0
219,1.620552827036698e-09,1.6205528270366982e-09,0.0,516.1408506968388,-0.0004769895643871924,224.35565240299206,0.0,0.0
220,1.620552827036698e-09,1.6205528270366982e-09,0.0,516.1408506968388,-0.0004782564452781142,224.35565240299206,0.0,0.0
221,1.620552827036698e-09,1.6205528270366982e-09,0.0,516.1408506968388,-0.00047529183457133785,224.35565240299206,0.0,0.0
222,1.620552827036698e-09,1.6205528270366982e-09,0.0,516.1408506968388,-0.00048005206328820065,224.35565240299206,0.0,0.0
223,1.620552827036698e-09,1.6205528270366982e-09,0.0,516.1408506968388,-0.00047859313397602616,224.35565240299206,0.0,0.0
224,1.620552827036698e-09,1.6205528270366982e-09,0.0,516.1408506968388,-0.00047645235992288835,224.35565240299206,0.0,0.0
225,1.620552827036698e-09,1.6205528270366982e-09,0.0,516.1408506968388,-0.0004792535245005652,224.35565240299206,0.0,0.0
226,1.620552827036698e-09,1.6205528270366982e-09,0.0,516.1408506968388,-0.0004764754171754568,224.35565240299206,0.0,0.0
227,1.620552827036698e-09,1.6205528270366982e-09,0.0,516.1408506968388,-0.00047664113193999206,224.35565240299206,0.0,0.0
228,1.620552827036698e-09,1.6205528270366982e-09,0.0,516.1408506968388,-0.00047473392612623876,224.35565240299206,0.0,0.0
229,1.620552827036698e-09,1.6205528270366982e-09,0.0,516.1408506968388,-0.0004783609864075817,224.35565240299206,0.0,0.0
230,1.620552827036698e-09,1.6205528270366982e-09,0.0,516.1408506968388,-0.0004777832187512384,224.35565240299206,0.0,0.0
231,1.620552827036698e-09,1.6205528270366982e-09,0.0,516.1408506968388,-0.00047586504233455314,224.35565240299206,0.0,0.0
232,1.620552827036698e-09,1.6205528270366982e-09,0.0,516.1408506968388,-0.00048144653288436674,224.35565240299206,0.0,0.0
233,1.620552827036698e-09,1.6205528270366982e-09,0.0,516.1408506968388,-0.00047033132110612595,224.35565240299206,0.0,0.0
234,1.620552827036698e-09,1.6205528270366982e-09,0.0,516.1408506968388,-0.00047792870716487865,224.35565240299206,0.0,0.0
235,1.620552827036698e-09,1.6205528270366982e-09,0.0,516.1408506968388,-0.0004779910758094062,224.35565240299206,0.0,0.0
236,1.620552827036698e-09,1.6205528270366982e-09,0.0,516.1408506968388,-0.00047480915068214767,224.35565240299206,0.0,0.0
237,1.620552827036698e-09,1.6205528270366982e-09,0.0,516.1408506968388,-0.00047661106938682647,224.35565240299206,0.0,0.0
238,1.620552827036698e-09,1.6205528270366982e-09,0.0,516.1408506968388,-0.0004800902629413623,224.35565240299206,0.0,0.0
239,1.620552827036698e-09,1.6205528270366982e-09,0.0,516.1408506968388,-0.0004752775509437699,224.35565240299206,0.0,0.0
240,1.620552827036698e-09,1.6205528270366982e-09,0.0,516.1408506968388,-0.0004748206500359567,224.35565240299206,0.0,0.0
241,1.620552827036698e-09,1.6205528270366982e-09,0.0,516.1408506968388,-0.000477431298250907,224.35565240299206,0.0,0.0
242,1.620552827036698e-09,1.6205528270366982e-09,0.0,516.1408506968388,-0.0004770946064205392,224.35565240299206,0.0,0.0
243,1.620552827036698e-09,1.6205528270366982e-09,0.0,516.1408506968388,-0.0004755594365094363,224.35565240299206,0.0,0.0
244,1.620552827036698e-09,1.6205528270366982e-09,0.0,516.1408506968388,-0.000478348966203784,224.35565240299206,0.0,0.0
245,1.620552827036698e-09,1.6205528270366982e-09,0.0,516.1408506968388,-0.0004756546285755413,224.35565240299206,0.0,0.0
246,1.620552827036698e-09,1.6205528270366982e-09,0.0,516.1408506968388,-0.00047613280868306614,224.35565240299206,0.0,0.0
247,1.620552827036698e-09,1.6205528270366982e-09,0.0,516.1408506968388,-0.0004778812709355069,224.35565240299206,0.0,0.0
248,1.620552827036698e-09,1.6205528270366982e-09,0.0,516.1408506968388,-0.0004793156094515788,224.35565240299206,0.0,0.0
249,1.620552827036698e-09,1.6205528270366982e-09,0.0,516.1408506968388,-0.0004769826173654773,224.35565240299206,0.0,0.0
250,1.620552827036698e-09,1.6205528270366982e-09,0.0,516.1408506968388,-0.00047828225022047543,224.35565240299206,0.0,0.0
251,1.620552827036698e-09,1.6205528270366982e-09,0.0,516.1408506968388,-0.0004745285852525948,224.35565240299206,0.0,0.0
252,1.620552827036698e-09,1.6205528270366982e-09,0.0,516.1408506968388,-0.0004762432349669553,224.35565240299206,0.0,0.0
253,1.620552827036698e-09,1.6205528270366982e-09,0.0,516.1408506968388,-0.00047496723665883535,224.35565240299206,0.0,0.0
254,1.620552827036698e-09,1.6205528270366982e-09,0.0,516.1408506968388,-0.0004762621618332662,224.35565240299206,0.0,0.0
255,1.620552827036698e-09,1.6205528270366982e-09,0.0,516.1408506968388,-0.00047600560346978504,224.35565240299206,0.0,0.0
256,1.620552827036698e-09,1.6205528270366982e-09,0.0,516.1408506968388,-0.00047809740353841587,224.35565240299206,0.0,0.0
257,1.620552827036698e-09,1.6205528270366982e-09,0.0,516.1408506968388,-0.00047519531085081084,224.35565240299206,0.0,0.0
258,1.620552827036698e-09,1.6205528270366982e-09,0.0,516.1408506968388,-0.00047296200915534104,224.35565240299206,0.0,0.0
259,1.620552827036698e-09,1.6205528270366982e-09,0.0,516.1408506968388,-0.0004771507808149902,224.35565240299206,0.0,0.0
260,1.620552827036698e-09,1.6205528270366982e-09,0.0,516.1408506968388,-0.0004777169547593834,224.35565240299206,0.0,0.0
261,1.620552827036698e-09,1.6205528270366982e-09,0.0,516.1408506968388,-0.0004768470791083358,224.35565240299206,0.0,0.0
262,1.620552827036698e-09,1.6205528270366982e-09,0.0,516.1408506968388,-0.0004774939662711574,224.35565240299206,0.0,0.0
263,1.620552827036698e-09,1.6205528270366982e-09,0.0,516.1408506968388,-0.0004779343643012622,224.35565240299206,0.0,0.0
264,1.620552827036698e-09,1.6205528270366982e-09,0.0,516.1408506968388,-0.0004762550184160188,224.35565240299206,0.0,0.0
265,1.620552827036698e-09,1.6205528270366982e-09,0.0,516.1408506968388,-0.0004771132407700553,224.35565240299206,0.0,0.0
266,1.620552827036698e-09,1.6205528270366982e-09,0.0,516.1408506968388,-0.0004736536585162698,224.35565240299206,0.0,0.0
267,1.620552827036698e-09,1.6205528270366982e-09,0.0,516.1408506968388,-0.00047653100241804486,224.35565240299206,0.0,0.0
268,1.620552827036698e-09,1.6205528270366982e-09,0.0,516.1408506968388,-0.00047588358174869227,224.35565240299206,0.0,0.0
269,1.620552827036698e-09,1.6205528270366982e-09,0.0,516.1408506968388,-0.00047462736196795554,224.35565240299206,0.0,0.0
270,1.620552827036698e-09,1.6205528270366982e-09,0.0,516.1408506968388,-0.0004771329174089642,224.35565240299206,0.0,0.0
271,1.620552827036698e-09,1.6205528270366982e-09,0.0,516.1408506968388,-0.00047365793262377725,224.35565240299206,0.0,0.0
272,1.620552827036698e-09,1.6205528270366982e-09,0.0,516.1408506968388,-0.0004777967941289953,224.35565240299206,0.0,0.0
273,1.620552827036698e-09,1.6205528270366982e-09,0.0,516.1408506968388,-0.00047814806110772735,224.35565240299206,0.0,0.0
274,1.620552827036698e-09,1.6205528270366982e-09,0.0,516.1408506968388,-0.0004772639397416556,224.35565240299206,0.0,0.0
275,1.620552827036698e-09,1.6205528270366982e-09,0.0,516.1408506968388,-0.00047676084048788937,224.35565240299206,0.0,0.0
276,1.620552827036698e-09,1.6205528270366982e-09,0.0,516.1408506968388,-0.0004793340421041532,224.35565240299206,0.0,0.0
277,1.620552827036698e-09,1.6205528270366982e-09,0.0,516.1408506968388,-0.0004766015952722128,224.35565240299206,0.0,0.0
278,1.620552827036698e-09,1.6205528270366982e-09,0.0,516.1408506968388,-0.00047986637888483395,224.35565240299206,0.0,0.0
279,1.620552827036698e-09,1.6205528270366982e-09,0.0,516.1408506968388,-0.00047374712890286413,224.35565240299206,0.0,0.0
280,1.620552827036698e-09,1.6205528270366982e-09,0.0,516.1408506968388,-0.0004766933996067705,224.35565240299206,0.0,0.0
281,1.620552827036698e-09,1.6205528270366982e-09,0.0,516.1408506968388,-0.00047781532115334706,224.35565240299206,0.0,0.0
282,1.620552827036698e-09,1.6205528270366982e-09,0.0,516.1408506968388,-0.00047834808194052226,224.35565240299206,0.0,0.0
283,1.620552827036698e-09,1.6205528270366982e-09,0.0,516.1408506968388,-0.0004773002666523715,224.35565240299206,0.0,0.0
284,1.620552827036698e-09,1.6205528270366982e-09,0.0,516.1408506968388,-0.00047697756464081594,224.35565240299206,0.0,0.0
285,1.620552827036698e-09,1.6205528270366982e-09,0.0,516.1408506968388,-0.00047862042763517783,224.35565240299206,0.0,0.0
286,1.620552827036698e-09,1.6205528270366982e-09,0.0,516.1408506968388,-0.0004783709958916008,224.35565240299206,0.0,0.0
287,1.620552827036698e-09,1.6205528270366982e-09,0.0,516.1408506968388,-0.0004769057557140782,224.35565240299206,0.0,0.0
288,1.620552827036698e-09,1.6205528270366982e-09,0.0,516.1408506968388,-0.0004775729731995464,224.35565240299206,0.0,0.0
289,1.620552827036698e-09,1.6205528270366982e-09,0.0,516.1408506968388,-0.00047465297949659846,224.35565240299206,0.0,0.0
290,1.620552827036698e-09,1.6205528270366982e-09,0.0,516.1408506968388,-0.00047425566495546404,224.35565240299206,0.0,0.0
291,1.620552827036698e-09,1.6205528270366982e-09,0.0,516.1408506968388,-0.00047649936329675533,224.35565240299206,0.0,0.0
292,1.620552827036698e-09,1.6205528270366982e-09,0.0,516.1408506968388,-0.0004755842065598461,224.35565240299206,0.0,0.0
293,1.620552827036698e-09,1.6205528270366982e-09,0.0,516.1408506968388,-0.00047920178245120534,224.35565240299206,0.0,0.0
294,1.620552827036698e-09,1.6205528270366982e-09,0.0,516.1408506968388,-0.0004752565702850899,224.35565240299206,0.0,0.0
295,1.620552827036698e-09,1.6205528270366982e-09,0.0,516.1408506968388,-0.00047659257264298166,224.35565240299206,0.0,0.0
296,1.620552827036698e-09,1.6205528270366982e-09,0.0,516.1408506968388,-0.0004755620690720534,224.35565240299206,0.0,0.0
297,1.620552827036698e-09,1.6205528270366982e-09,0.0,516.1408506968388,-0.0004733306934407678,224.35565240299206,0.0,0.0
298,1.620552827036698e-09,1.6205528270366982e-09,0.0,516.1408506968388,-0.00048109312121664386,224.35565240299206,0.0,0.0
299,1.620552827036698e-09,1.6205528270366982e-09,0.0,516.1408506968388,-0.00047600950934584827,224.35565240299206,0.0,0.0
300,2.2499284147723495e-09,1.0305411353389638e-09,1.219387279433386e-09,152.42340992917326,-5.3832109697109404e-05,24.309732377953708,8e-12,0.0
301,2.2499284147723495e-09,1.0305411353389638e-09,1.219387279433386e-09,152.42340992917326,-5.04494781879647e-05,24.309732377953708,8e-12,0.0
302,2.2499284147723495e-09,1.0305411353389638e-09,1.219387279433386e-09,152.42340992917326,-5.426049844563061e-05,24.309732377953708,8e-12,0.0
303,2.2499284147723495e-09,1.0305411353389638e-09,1.219387279433386e-09,152.42340992917326,-5.262467070478166e-05,24.309732377953708,8e-12,0.0
304,2.2499284147723495e-09,1.0305411353389638e-09,1.219387279433386e-09,152.42340992917326,-5.1228404059252926e-05,24.309732377953708,8e-12,0.0
305,2.2499284147723495e-09,1.0305411353389638e-09,1.219387279433386e-09,152.42340992917326,-5.040685279790293e-05,24.309732377953708,8e-12,0.0
306,2.2479002973249733e-09,1.0324424054698784e-09,1.2154578918550948e-09,153.59546315448202,-5.285348505659987e-05,24.954365929977882,7.913371052064351e-12,0.011049610706077684
307,2.245863679542196e-09,1.0343516442881193e-09,1.211512035254076e-09,154.77242874102282,-5.5963675436223824e-05,25.601701298610266,7.827699320279268e-12,0.021977127515399486
308,2.2438186343750787e-09,1.0362687834053042e-09,1.207549850969774e-09,155.9542645302282,-5.68657077251646e-05,26.251715296484832,7.742974227778925e-12,0.0327838995179941
309,2.2417652364243266e-09,1.0381937528865808e-09,1.2035714835377452e-09,157.14092741019797,-5.537590628357523e-05,26.90438421189924,7.65918531456775e-12,0.04347126089697073
310,2.2397035619366467e-09,1.0401264812540456e-09,1.1995770806826001e-09,158.33237331780455,-5.854776764375427e-05,27.559683809972313,7.57632223622904e-12,0.05404053109323459
311,2.2376336888004826e-09,1.042066895490736e-09,1.1955667933097463e-09,159.52855724115582,-6.330178853909624e-05,28.217589333999115,7.494374762647882e-12,0.06449301496838222
312,2.2355556965411322e-09,1.044014921045214e-09,1.1915407754959182e-09,160.72943322242,-5.9649706960338406e-05,28.87807550700461,7.413332776748143e-12,0.074830002965798
313,2.2334696663152273e-09,1.045970481836739e-09,1.1874991844784883e-09,161.93495436101358,-6.191283455771951e-05,29.54111653349645,7.333186273243444e-12,0.08505277126996902
314,2.2313756809045836e-09,1.047933500261031e-09,1.183442180643552e-09,163.14507281715612,-6.24121701889141e-05,30.2066861014209,7.253925357401923e-12,0.09516258196404048
315,2.22927382470941e-09,1.0499038971966372e-09,1.1793699275127725e-09,164.35973981579295,-6.62512396170486e-05,30.874757384319793,7.175540243824659e-12,0.10516068318563021
316,2.2271641837408838e-09,1.0518815920118953e-09,1.175282591728988e-09,165.5789056508891,-6.534591062794961e-05,31.545303043692485,7.098021255237576e-12,0.11504830928092147
317,2.225046845613073e-09,1.0538665025725037e-09,1.1711803430405693e-09,166.8025196900954,-7.055378891184126e-05,32.21829523156211,7.021358821296709e-12,0.12482668095705252
318,2.222921899534217e-09,1.0558585452496964e-09,1.16706335428452e-09,168.03053037978808,-6.872623105832668e-05,32.89370559324746,6.9455434774066686e-12,0.13449700543282295
319,2.2207894362973524e-09,1.0578576349290277e-09,1.1629318013683244e-09,169.2628852504844,-7.228663781346141e-05,33.571505270341476,6.8705658635521595e-12,0.1440604765877348
320,2.218649548270297e-09,1.0598636850197682e-09,1.1587858632505283e-09,170.4995309226342,-7.14018328460362e-05,34.25166490389665,6.796416723142415e-12,0.15351827510938587
321,2.2165023293849687e-09,1.0618766074649103e-09,1.1546257219200584e-09,171.74041311278913,-7.218885621789364e-05,34.934154637818466,6.723086901868387e-12,0.16287156863923635
322,2.214347875126062e-09,1.0638963127517903e-09,1.1504515623742718e-09,172.98547664014933,-7.712661762013355e-05,35.61894412246539,6.650567346572585e-12,0.17212151191676217
323,2.2121862825190606e-09,1.0659227099233214e-09,1.1462635725957392e-09,174.23466543348894,-7.72164083082036e-05,36.30600251845863,6.578849104131378e-12,0.18126924692201818
324,2.2100176501176005e-09,1.0679557065898419e-09,1.1420619435277587e-09,175.4879225384597,-7.8500104762572e-05,36.99529850069868,6.507923320349672e-12,0.1903159030166236
325,2.207842077990177e-09,1.0699952089415763e-09,1.1378468690486013e-09,176.74519012527313,-7.766743412206177e-05,37.68680026259088,6.4377812388677754e-12,0.19926259708319194
326,2.205659667706201e-09,1.0720411217617108e-09,1.1336185459444892e-09,178.00640949676028,-8.009901382275558e-05,38.380475520477944,6.3684142000803685e-12,0.20811043366321835
327,2.2034705223213884e-09,1.0740933484400794e-09,1.1293771738813094e-09,179.27152109680932,-8.543659827285003e-05,39.076291518281124,6.299813640067396e-12,0.21686050509344446
328,2.2012747463625254e-09,1.076151790987461e-09,1.125122955375064e-09,180.54046451917876,-8.35652162072878e-05,39.774215032346945,6.231971089536786e-12,0.2255138916407161
329,2.1990724458115522e-09,1.0782163500504858e-09,1.1208560957610662e-09,181.8131785166868,-8.447704866893205e-05,40.47421237650204,6.164878172778846e-12,0.2340716616353513
330,2.196863728089028e-09,1.0802869249271478e-09,1.11657680316188e-09,183.08960101077363,-8.32107419492748e-05,41.176249407311815,6.098526606632217e-12,0.24253487160303355
331,2.1946487020369307e-09,1.0823634135829188e-09,1.1122852884540116e-09,184.36966910143624,-9.231203740226188e-05,41.88029152954496,6.032908199461247e-12,0.25090456639524916
332,2.1924274779008323e-09,1.0844457126674673e-09,1.1079817652333655e-09,185.65331907753333,-9.152601366257909e-05,42.58630370184139,5.968014850144669e-12,0.2591817793182821
333,2.1902001673114288e-09,1.0865337175319687e-09,1.1036664497794599e-09,186.94048642745767,-8.929024556386843e-05,43.2942504425815,5.903838547075452e-12,0.26736753226078425
334,2.187966883265437e-09,1.0886273222470128e-09,1.099339561018424e-09,188.23110585017423,-9.617484015278757e-05,44.00409583595771,5.840371367171705e-12,0.2754628358199356
335,2.185727740105873e-09,1.0907264196210959e-09,1.0950013204847768e-09,189.5251112666207,-9.737528788308095e-05,44.715803538244586,5.777605474898509e-12,0.28346868942621073
336,2.1834828535016976e-09,1.0928309012196978e-09,1.0906519522819998e-09,190.82243583146726,-9.545774693902192e-05,45.429336784266724,5.715533121300549e-12,0.2913860814667667
337,2.1812323404268546e-09,1.0949406573849361e-09,1.0862916830419189e-09,192.12301194523252,-9.597443710723131e-05,46.14465839406256,5.654146643045458e-12,0.2992159894074672
338,2.1789763191386936e-09,1.0970555772557926e-09,1.0819207418829014e-09,193.42677126675216,-0.00010087167715092378,46.86173077974232,5.593438461477702e-12,0.3069593799135585
339,2.1767149091557912e-09,1.0991755487889029e-09,1.0775393603668883e-09,194.733644725996,-9.998076153860521e-05,47.580515952537354,5.533401081682944e-12,0.31461720896901235
340,2.174448231235177e-09,1.1013004587799103e-09,1.0731477724552666e-09,196.0435625372295,-0.0001023573614869426,48.30097553003884,5.474027091562731e-12,0.3221904219945497
341,2.17217640734897e-09,1.103430192885364e-09,1.068746214463606e-09,197.35645421251516,-0.0001010875041914196,49.02307074362386,5.415309160919413e-12,0.3296799539643607
342,2.1698995606604353e-09,1.1055646356451663e-09,1.0643349250152694e-09,198.67224857554962,-0.00010566516031486132,49.746762446065844,5.3572400405511695e-12,0.3370867295215345
343,2.1676178154994714e-09,1.107703670505554e-09,1.0599141449939172e-09,199.99087377583058,-0.00010522205699351271,50.4720111193262,5.29981256135704e-12,0.3444116630922144
344,2.165331297337529e-09,1.1098471798426083e-09,1.0554841174949209e-09,201.31225730314952,-0.00011055243781711298,51.198776882525635,5.243019633451837e-12,0.3516556589984903
345,2.163040132761983e-09,1.1119950449862802e-09,1.0510450877757031e-09,202.63632600240288,-0.00011066274711711534,51.92701950009007,5.186854245290845e-12,0.3588196115700454
346,2.1607444494499604e-09,1.1141471462449297e-09,1.04659730320503e-09,203.96300608871863,-0.00011203623628803377,52.65669839007069,5.131309462804187e-12,0.365904405254568
347,2.1584443761416275e-09,1.1163033629303595e-09,1.042141013211268e-09,205.2922231628895,-0.00011111741317673954,53.38777263263182,5.07637842854076e-12,0.37291091472694393
348,2.1561400426129715e-09,1.1184635733833412e-09,1.0376764692296302e-09,206.62390222710818,-0.00011379208079973016,54.12020097870578,5.022054360821628e-12,0.37984000499724146
349,2.1538315796480526e-09,1.1206276549996204e-09,1.0332039246484335e-09,207.9579677009979,-0.00011801327877069825,54.85394185880938,4.968330552902761e-12,0.38669253151750504
350,2.1515191190107725e-09,1.122795484256384e-09,1.0287236347543883e-09,209.29434343793062,-0.00011670700147728919,55.588953392019334,4.915200372147046e-12,0.3934693402873666
351,2.1492027934161445e-09,1.124966936739195e-09,1.024235856676949e-09,210.63295274162763,-0.00011809344821834229,56.32519339510242,4.862657259205426e-12,0.40017126795849156
352,2.1468827365010998e-09,1.1271418871693594e-09,1.01974084933174e-09,211.97371838303326,-0.0001214242950328136,57.062619391796005,4.810694727207096e-12,0.4067991419378705
353,2.144559082794824e-09,1.1293202094317334e-09,1.0152388733630902e-09,213.3165626174555,-0.00012328504926369262,57.801188622235884,4.75930636095865e-12,0.4133537804899682
354,2.142231967688649e-09,1.1315017766029497e-09,1.0107301910857e-09,214.66140720196586,-0.00012472838899440955,58.540858052525635,4.7084858161520705e-12,0.4198359928377462
355,2.1399015274055154e-09,1.1336864609800475e-09,1.006215066425467e-09,216.00817341305,-0.0001293040700445391,59.28158438444507,4.658226818581473e-12,0.42624657926256726
356,2.1375678989689978e-09,1.1358741341095012e-09,1.0016937648594966e-09,217.35678206450154,-0.00012711205429843023,60.02332406529166,4.608523163368511e-12,0.43258633120299617
357,2.1352312201719493e-09,1.1380646668166264e-09,9.971665533553224e-10,218.7071535255497,-0.00012859789886618053,60.76603329785081,4.559368714196319e-12,0.4388560313525104
358,2.1328916295447327e-09,1.1402579292353534e-09,9.926337003093784e-10,220.05920773921423,-0.00013237759198676122,61.50966805049117,4.5107574025519525e-12,0.44505645375612857
359,2.1305492663230843e-09,1.1424537908383538e-09,9.88095475484731e-10,221.41286424087627,-0.00013074299445936218,62.254184067378674,4.462683226977167e-12,0.4511883639059736
360,2.1282042704156268e-09,1.1446521204675044e-09,9.835521499481222e-10,222.76804217705873,-0.0001365569502022307,62.99953687880577,4.4151402523275e-12,0.4572525188357781
361,2.1258567823710136e-09,1.146852786364676e-09,9.79003996006338e-10,224.12466032440543,-0.00013649945381068827,63.74568181163011,4.36812260903952e-12,0.463249667214347
362,2.1235069433447712e-09,1.1490556562028268e-09,9.744512871419442e-10,225.48263710885027,-0.0001379326653135957,64.49257399981761,4.32162449240619e-12,0.46918054943798604
363,2.1211548950658045e-09,1.1512605971173928e-09,9.698942979484113e-10,226.84189062496665,-0.00013459509800718204,65.24016839508468,4.275640161860223e-12,0.4750458977219104
364,2.11880077980263e-09,1.153467475737954e-09,9.65333304064676e-10,228.20233865548914,-0.00014335777173421277,65.98841977763513,4.230163940265369e-12,0.4808464361906417
365,2.1164447403293103e-09,1.1556761582201606e-09,9.607685821091493e-10,229.56389869099442,-0.0001406247280866637,66.73728276698503,4.185190213215522e-12,0.486582880967408
366,2.114086919891136e-09,1.157886510277907e-09,9.56200409613229e-10,230.92648794973547,-0.00014145752937784088,67.48671183287138,4.140713428341577e-12,0.49225594026255404
367,2.1117274621700636e-09,1.1600983972157329e-09,9.516290649543303e-10,232.2900233976156,-0.0001441792174863696,68.23666130623792,4.096728094625946e-12,0.4978663144609763
368,2.1093665112499234e-09,1.162311683961441e-09,9.47054827288482e-10,233.65442176829447,-0.00014416495348027665,68.98708539029352,4.0532287817246514e-12,0.5034146962085905
369,2.1070042115814178e-09,1.1645262350989043e-09,9.424779764825138e-10,235.01959958341462,-0.00015012885605080947,69.73793817163684,4.010210119296896e-12,0.5089017704978449
370,2.1046407079469356e-09,1.166741914901059e-09,9.378987930458765e-10,236.3854731729386,-0.00015427952199780696,70.4891736314419,3.967666796342065e-12,0.5143282147522876
371,2.1022761454251783e-09,1.168958587363056e-09,9.333175580621223e-10,237.75195869558604,-0.00014978170799688706,71.2407456566985,3.925593560544028e-12,0.5196946989102006
372,2.0999106693556506e-09,1.1711761162355587e-09,9.287345531200918e-10,239.1189721593607,-0.00015530395583073273,71.99260805150215,3.883985217622704e-12,0.5250018855073083
373,2.0975444253029995e-09,1.1733943650581697e-09,9.241500602448293e-10,240.4864294421551,-0.00015516257345386496,72.74471454838658,3.8428366306927845e-12,0.5302504297585735
374,2.0951775590212403e-09,1.1756131971929645e-09,9.195643618282764e-10,241.85424631242466,-0.00015846535996788148,73.49701881969489,3.802142719629546e-12,0.5354409796390885
375,2.0928102164178887e-09,1.17783247585812e-09,9.149777405597682e-10,243.22233844991803,-0.0001556012001006967,74.24947448898106,3.761898460441665e-12,0.5405741759640734
376,2.0904425435180023e-09,1.180052064161624e-09,9.103904793563782e-10,244.59062146645493,-0.00015757402217280315,75.00203514243785,3.7220988846509644e-12,0.5456506524679893
377,2.0880746864281694e-09,1.1822718251350303e-09,9.058028612931398e-10,245.9590109267386,-0.00016234301314270463,75.75465434034399,3.6827390786790174e-12,0.5506710358827784
378,2.085706791300454e-09,1.1844916217672657e-09,9.012151695331879e-10,247.32742236919356,-0.00016069449098576663,76.50728562852447,3.643814183240527e-12,0.5556359460152389
379,2.0833390042963054e-09,1.1867113170384523e-09,8.966276872578529e-10,248.69577132681687,-0.0001638574360171772,77.25988254981951,3.605319392743408e-12,0.5605459958235449
380,2.0809714715504837e-09,1.1889307739537387e-09,8.920406975967452e-10,250.06397334803285,-0.00016597711240551652,78.01239865555416,3.5672499546954933e-12,0.5654017914929218
381,2.07860433913498e-09,1.1911498555771124e-09,8.874544835578676e-10,251.43194401753865,-0.0001671815753620313,78.76478751700378,3.5296011691178077e-12,0.5702039325104837
382,2.0762377530229782e-09,1.1933684250651886e-09,8.828693279577901e-10,252.79959897713175,-0.00016929961253276738,79.5170027368491,3.492368387964312e-12,0.574953011739246
383,2.073871859052871e-09,1.1955863457009452e-09,8.782855133519263e-10,254.16685394650688,-0.00016926134114072315,80.26899796061446,3.4555470145480665e-12,0.5796496154913181
384,2.0715068028923406e-09,1.1978034809273929e-09,8.73703321964947e-10,255.53362474401268,-0.00017146732876940522,81.02072688808445,3.419132502973734e-12,0.5842943236002891
385,2.069142730002529e-09,1.2000196943811632e-09,8.691230356213658e-10,256.8998273073563,-0.00017438296662955155,81.77214328469111,3.38312035757635e-12,0.5888877094928125
386,2.0667797856023247e-09,1.2022348499259907e-09,8.645449356763344e-10,258.26537771424535,-0.0001732667674172193,82.52320099286743,3.3475061323662973e-12,0.5934303402594009
387,2.064418114632767e-09,1.2044488116860832e-09,8.59969302946684e-10,259.6301922029569,-0.00017809661700522386,83.2738539433598,3.312285430480415e-12,0.5979227767244369
388,2.062057861721596e-09,1.2066614440793484e-09,8.553964176422482e-10,260.99418719282284,-0.0001778932280115024,84.02405616649591,3.277453903639165e-12,0.6023655735154126
389,2.059699171147976e-09,1.2088726118504725e-09,8.508265592975032e-10,262.35727930462,-0.000179215159327914,84.7737618033986,3.2430072516098106e-12,0.6067592791314018
390,2.057342186807385e-09,1.2110821801038276e-09,8.462600067035574e-10,263.7193853808558,-0.00017869307882913937,85.52292511714333,3.208941221675508e-12,0.6111044360107771
391,2.0549870521767196e-09,1.2132900143361876e-09,8.416970378405325e-10,265.0804225059381,-0.00018425154979687957,86.271500503852,3.1752516081102805e-12,0.6154015805981785
392,2.0526339102796094e-09,1.2154959804692466e-09,8.371379298103628e-10,266.4403080262194,-0.0001813431309852732,87.01944250371659,3.1419342516597873e-12,0.6196512434107415
393,2.0502829036519637e-09,1.2176999448819118e-09,8.325829587700521e-10,267.7989595699048,-0.00018606415324133555,87.76670581194935,3.1089850390278277e-12,0.6238539491035935
394,2.047934174307782e-09,1.2199017744423608e-09,8.280323998654212e-10,269.1562950668144,-0.0001883900868165251,88.51324528965159,3.076399902368523e-12,0.6280102165346272
395,2.0455878637052205e-09,1.2221013365398449e-09,8.234865271653763e-10,270.5122327679886,-0.0001909310954319222,89.25901597459745,3.0441748187841084e-12,0.6321205588285577
396,2.0432441127129617e-09,1.2242984991162263e-09,8.189456135967358e-10,271.86669126512857,-0.00018999585200913993,90.00397309192513,3.0123058098282718e-12,0.6361854834402715
397,2.040903061576872e-09,1.226493130697226e-09,8.144099308796468e-10,273.21958950986067,-0.00019265103457660922,90.74807206473352,2.980788941014986e-12,0.6402054922174762
398,2.0385648498869918e-09,1.2286851004233758e-09,8.098797494636159e-10,274.570846832815,-0.0001965346728780518,91.49126852457451,2.9496203213327605e-12,0.6441810814626581
399,2.036229616544852e-09,1.2308742780806493e-09,8.053553384642032e-10,275.9203829625114,-0.00019815976726810782,92.23351832184113,2.9187961027642706e-12,0.6481127419943533
400,2.033897499731156e-09,1.2330605341307704e-09,8.008369656003867e-10,277.26811804403945,-0.00019858946590215265,92.97477753604124,2.8883124798112815e-12,0.6520009592077447
401,2.031568636873816e-09,1.2352437397411676e-09,7.963248971326482e-10,278.61397265752754,-0.00020040267728791162,93.71500248595541,2.8581656890248332e-12,0.6558462131345877
402,2.029243164616378e-09,1.237423766814578e-09,7.918193978018009e-10,279.9578678363899,-0.0001984400092636117,94.45414973967331,2.8283520085406133e-12,0.6596489785024728
403,2.026921218786851e-09,1.2396004880182689e-09,7.873207307685822e-10,281.29972508534223,-0.00019943710549250217,95.19217612450214,2.798867757619459e-12,0.6634097247934363
404,2.0246029343669386e-09,1.241773776812882e-09,7.828291575540571e-10,282.6394663981817,-0.00020201615902911248,95.92903873674553,2.769709296192944e-12,0.6671289163019205
405,2.0222884454617066e-09,1.243943507480868e-09,7.783449379808384e-10,283.9770142753164,-0.00020460007429659455,96.66469495134496,2.74087302441398e-12,0.6708070121920944
406,2.019977885269684e-09,1.2461095551545144e-09,7.738683301151698e-10,285.3122917410432,-0.0002077321699799464,97.39910243138286,2.7123553822123886e-12,0.6744444665545424
407,2.0176713860534265e-09,1.2482717958435432e-09,7.693995902098835e-10,286.645222360561,-0.00020832386702608125,98.13221913743962,2.6841528488553796e-12,0.6780417284623241
408,2.0153690791105404e-09,1.2504301064622737e-09,7.649389726482668e-10,287.9757302567138,-0.00020821772907531123,98.86400333680243,2.6562619425128908e-12,0.681599242026417
409,2.013071094745191e-09,1.2525843648563313e-09,7.604867298888603e-10,289.3037401264578,-0.00020727659004555102,99.59441361252243,2.628679219827726e-12,0.6851174464505452
410,2.010777562240104e-09,1.2547344498288975e-09,7.560431124112066e-10,290.6291772570415,-0.00021126112203418999,100.32340887231337,2.601401275490446e-12,0.6885967760854024
411,2.008488609829067e-09,1.256880241166484e-09,7.516083686625827e-10,291.9519675418964,-0.00021519303859947873,101.0509483572925,2.5744247418189553e-12,0.6920376604822762
412,2.006204364669952e-09,1.259021619664228e-09,7.471827450057242e-10,293.2720374962273,-0.0002160982801142344,101.77699165055375,2.547746288342734e-12,0.69544052444608
413,2.0039249528182633e-09,1.2611584671506848e-09,7.427664856675797e-10,294.58931427230016,-0.00021867827301047087,102.50149868557779,2.521362621391665e-12,0.6988057880877978
414,2.001650499201226e-09,1.263290666512126e-09,7.383598326891e-10,295.9037256744173,-0.0002208134859503874,103.22442975446731,2.4952704836894043e-12,0.7021338668763515
415,1.9993811275924102e-09,1.2654181017163179e-09,7.339630258760922e-10,297.21520017357716,-0.00022114924748044187,103.94574551601033,2.469466653951242e-12,0.7054251716898927
416,1.9971169605869338e-09,1.2675406578357791e-09,7.295763027511553e-10,298.5236669218116,-0.00022191809509116342,104.66540700356575,2.443947946486413e-12,0.708680108866529
417,1.994858119577212e-09,1.2696582210705029e-09,7.251998985067096e-10,299.8290557661943,-0.00022016248667064447,105.38337563276818,2.418711210804793e-12,0.7118990802544907
418,1.992604724729297e-09,1.2717706787701493e-09,7.208340459591474e-10,301.13129726251873,-0.00022525151351611626,106.0996132090504,2.393753331227947e-12,0.7150824832617415
419,1.9903568949597896e-09,1.2738779194556783e-09,7.164789755041117e-10,302.4303226886364,-0.0002241583938799706,106.81408193497998,2.369071226504474e-12,0.7182307109050416
420,1.988114747913358e-09,1.2759798328404342e-09,7.121349150729237e-10,303.7260640574539,-0.0002248518269803236,107.52674441740729,2.344661849429602e-12,0.7213441518584691
421,1.98587839994084e-09,1.2780763098506686e-09,7.078020900901712e-10,305.0184541295837,-0.00022973896950395677,108.23756367442382,2.3205221864689847e-12,0.724423190501405
422,1.9836479660779617e-09,1.2801672426454897e-09,7.034807234324719e-10,306.3074264256431,-0.000228186774898644,108.9465031421264,2.296649257386659e-12,0.7274682069659875
423,1.9814235600246704e-09,1.2822525246362442e-09,6.991710353884258e-10,307.59291523820156,-0.0002314742198617066,109.65352668118851,2.2730401148771065e-12,0.7304795771840426
424,1.9792052941250746e-09,1.2843320505053115e-09,6.948732436197636e-10,308.8748556433668,-0.0002352367339807046,110.3585985832323,2.249691844201389e-12,0.7334576729334963
425,1.9769932793480265e-09,1.286405716224317e-09,6.9058756312371e-10,310.1531835120131,-0.00023536465586785976,111.06168357700449,2.226601562827298e-12,0.7364028618842733
426,1.974787625268318e-09,1.2884734190717546e-09,6.863142061965632e-10,311.4278355206438,-0.00023733831864007168,111.76274683435102,2.2037664200734847e-12,0.7393155076436881
427,1.9725884400485185e-09,1.2905350576500143e-09,6.820533823985046e-10,312.6987491618883,-0.00023933344350489182,112.46175397598961,2.1811835967575185e-12,0.742195969801337
428,1.970395830421453e-09,1.2925905319018076e-09,6.778052985196453e-10,313.965862754629,-0.00024074657983370908,113.15867107708061,2.158850304847838e-12,0.74504460397349
429,1.968209901673315e-09,1.2946397431259977e-09,6.735701585473166e-10,315.2291154537582,-0.00024153634035764098,113.85346467259274,2.136763787119545e-12,0.7478617618469968
430,1.9660307576274336e-09,1.296682593992822e-09,6.693481636346121e-10,316.4884472595621,-0.0002424275578625095,114.54610176246419,2.1149213168140026e-12,0.7506477912227038
431,1.9638585006286815e-09,1.2987189885585006e-09,6.651395120701814e-10,317.743799026729,-0.00024653219556068645,115.2365498165579,2.093320197302195e-12,0.7534030360583935
432,1.9616932315285373e-09,1.3007488322792482e-09,6.609443992492892e-10,318.9951124729834,-0.000246243001203458,115.92477677940943,2.0719577617518086e-12,0.7561278365112489
433,1.959535049670796e-09,1.3027720320246635e-09,6.567630176461331e-10,320.2423301873421,-0.0002507259453266983,116.6107510747685,2.0508313727979875e-12,0.7588225289798486
434,1.9573840528779398e-09,1.3047884960905094e-09,6.525955567874303e-10,321.4853956379929,-0.00024861180298093536,117.29444160993211,2.029938422217731e-12,0.7614874461456975
435,1.9552403374381536e-09,1.3067981342108833e-09,6.48442203227271e-10,322.72425317979565,-0.0002493334380128812,117.97581777987003,2.0092763306078883e-12,0.7641229170143
436,1.953103998093008e-09,1.3088008575697681e-09,6.443031405232398e-10,323.95884806140424,-0.00025169499059998594,118.654849471142,1.9888425470667078e-12,0.7667292669557771
437,1.950975128025781e-09,1.3107965788119734e-09,6.401785492138075e-10,325.18912643201054,-0.000252888414703512,119.3315070656071,1.968634548878909e-12,0.7693068177450372
438,1.9488538188504493e-09,1.3127852120534599e-09,6.36068606796989e-10,326.41503534770976,-0.00025371235109977606,120.00576144392437,1.948649841204234e-12,0.7718558876015007
439,1.946740160601325e-09,1.3147666728910556e-09,6.319734877102693e-10,327.63652277748906,-0.00025764939008074466,120.67758398884683,1.9288859567694397e-12,0.7743767912283878
440,1.9446342417233444e-09,1.316740878411555e-09,6.278933633117897e-10,328.853537608838,-0.00025821901227221364,121.34694658830719,1.9093404555636898e-12,0.7768698398515702
441,1.942536149063012e-09,1.318707747200214e-09,6.238284018627989e-10,330.0660296529843,-0.0002581355130721122,122.01382163829746,1.8900109245373185e-12,0.7793353412579951
442,1.9404459678599885e-09,1.3206671993486326e-09,6.197787685113562e-10,331.2739496497539,-0.0002585646871952735,122.67818204554226,1.87089497730392e-12,0.7817735998336837
443,1.938363781739325e-09,1.3226191564620355e-09,6.157446252772888e-10,332.4772492720585,-0.0002611843198097582,123.34000122996642,1.8519902538457277e-12,0.7841849166013103
444,1.9362896727043406e-09,1.3245635416659472e-09,6.117261310383935e-10,333.6758811300109,-0.0002582686947969508,123.99925312695913,1.833294420222255e-12,0.7865695892573654
445,1.9342237211301454e-09,1.3265002796122694e-09,6.077234415178762e-10,334.8697987746713,-0.00026495187863472724,124.65591218943385,1.8148051682821472e-12,0.7889279122089098
446,1.9321660057577887e-09,1.3284292964847615e-09,6.037367092730275e-10,336.0589567014262,-0.0002641590201409861,125.30995338968728,1.7965202153782242e-12,0.7912601766099203
447,1.930116603689046e-09,1.3303505200039286e-09,5.997660836851179e-10,337.24331035300116,-0.00026500845676102165,125.96135222105548,1.7784373040856685e-12,0.7935666703972362
448,1.9280755903818334e-09,1.332263879431323e-09,5.958117109505109e-10,338.42281612211247,-0.00026918735959415295,126.61008469937354,1.760554201923328e-12,0.7958476783261061
449,1.9260430396462417e-09,1.3341693055732596e-09,5.918737340729823e-10,339.5974313537577,-0.0002719330402860393,127.25612736423437,1.7428687010780981e-12,0.7981034820053446
450,1.9240190236411886e-09,1.3360667307839538e-09,5.879522928572351e-10,340.76711434715037,-0.00027402365311788706,127.89945728005304,1.7253786181323506e-12,0.8003343599320981
451,1.9220036128716844e-09,1.337956088968085e-09,5.840475239035989e-10,341.93182435730023,-0.00027269451652679467,128.54005203693646,1.7080817937943702e-12,0.8025405875262283
452,1.9199968761867037e-09,1.3398373155827958e-09,5.801595606039077e-10,343.0915215962442,-0.00027215325392280983,129.17788975135946,1.6909760926317761e-12,0.8047224371643142
453,1.9179988807776554e-09,1.3417103476391203e-09,5.762885331385347e-10,344.2461672339295,-0.00027517936701985674,129.8129490666514,1.6740594028078833e-12,0.8068801782132802
454,1.9160096921774466e-09,1.3435751237028647e-09,5.72434568474582e-10,345.3957233987547,-0.00027671991209085557,130.44520915329335,1.6573296358209798e-12,0.8090140770636505
455,1.914029374260137e-09,1.3454315838949338e-09,5.685977903652031e-10,346.5401531777705,-0.0002791609837480012,131.07464970902817,1.6407847262464847e-12,0.8111243971624382
456,1.9120579892411652e-09,1.3472796698911121e-09,5.647783193500529e-10,347.679420616547,-0.0002786113975708795,131.70125095878842,1.6244226314819553e-12,0.813211399045669
457,1.9100955976781575e-09,1.3491193249213136e-09,5.609762727568433e-10,348.8134907187085,-0.0002853299486249172,132.32499365443962,1.60824133149491e-12,0.8152753403705472
458,1.908142258472292e-09,1.3509504937682958e-09,5.571917647039959e-10,349.9423294451434,-0.0002819122581711619,132.9458590743462,1.5922388285734399e-12,0.8173164759472653
459,1.9061980288702272e-09,1.3527731227658545e-09,5.534249061043718e-10,351.06590371288996,-0.0002836333202252331,133.56382902275848,1.5764131470795746e-12,0.8193350577704624
460,1.9042629644665765e-09,1.354587159796508e-09,5.496758046700682e-10,352.1841813937077,-0.0002877366339939765,134.17888582902685,1.5607623332053746e-12,0.8213313350503348
461,1.902337119206924e-09,1.356392554288665e-09,5.459445649182594e-10,353.29713131233336,-0.00028194491437598114,134.7910123466426,1.5452844547317185e-12,0.8233055542434032
462,1.900420545391371e-09,1.3581892572132995e-09,5.42231288178071e-10,354.4047232444313,-0.00029036483416939316,135.4001919521111,1.5299776007897518e-12,0.8252579590829399
463,1.8985132936786065e-09,1.3599772210801375e-09,5.385360725984684e-10,355.50692791424075,-0.0002910326527404224,136.00640854365685,1.514839881624979e-12,0.8271887906090588
464,1.896615413090496e-09,1.3617563999333557e-09,5.34859013157141e-10,356.60371699192564,-0.00029256061546557003,136.60964653976666,1.4998694283639548e-12,0.8290982871984751
465,1.8947269510171732e-09,1.3635267493468075e-09,5.312002016703653e-10,357.69506309063155,-0.00028921307262044267,137.20989087757064,1.4850643927835582e-12,0.8309866845939339
466,1.89284795322262e-09,1.3652882264187883e-09,5.275597268038321e-10,358.7809397632584,-0.00029447850749382527,137.80712701106728,1.4704229470828145e-12,0.8328542159333145
467,1.89097846385075e-09,1.3670407897663379e-09,5.239376740844124e-10,359.8613214989486,-0.0002926271352651946,138.40134090919165,1.4559432836572384e-12,0.8347011117784134
468,1.889118525431953e-09,1.3687843995191027e-09,5.203341259128505e-10,360.93618371930296,-0.0002940450901650899,138.99251905373467,1.4416236148756701e-12,0.8365276001434094
469,1.8872681788901147e-09,1.370519017312755e-09,5.167491615773599e-10,362.0055027743236,-0.00029594995645832763,139.58064843711108,1.427462172859578e-12,0.838333906523013
470,1.8854274635500934e-09,1.372244606281986e-09,5.131828572681073e-10,363.06925593809507,-0.00030032713978672053,140.16571655998433,1.4134572092648002e-12,0.8401202539203061
471,1.8835964171456398e-09,1.3739611310530782e-09,5.096352860925609e-10,364.12742140420545,-0.00030017235183063713,140.74771142874837,1.3996069950656974e-12,0.8418868628742733
472,1.8817750758277565e-09,1.3756685577360692e-09,5.061065180916868e-10,365.1799782809159,-0.000296831514238229,141.32662155287062,1.385909820341691e-12,0.8436339514870292
473,1.8799634741734874e-09,1.3773668539165166e-09,5.025966202569701e-10,366.22690658608275,-0.0003039822827397835,141.902435942099,1.3723639940661576e-12,0.8453617354507452
474,1.8781616451951135e-09,1.379055988646868e-09,4.991056565482455e-10,367.2681872418397,-0.00030428051599665066,142.4751441035376,1.3589678438976612e-12,0.8470704280742779
475,1.8763696203497698e-09,1.3807359324374585e-09,4.956336879123113e-10,368.30380206904556,-0.0003041515123915305,143.04473603859216,1.3457197159734868e-12,0.8487602403095043
476,1.8745874295494403e-09,1.3824066572471284e-09,4.921807723023119e-10,369.3337337815032,-0.000303412213413242,143.61120223979134,1.332617974705459e-12,0.8504313807773649
477,1.8728151011713504e-09,1.3840681364734885e-09,4.887469646978624e-10,370.3579659799557,-0.000305723431171006,144.1745336874839,1.319661002578014e-12,0.8520840557936207
478,1.871052662068729e-09,1.385720344942828e-09,4.853323171259009e-10,371.3764831458674,-0.0003059324608832025,144.73472184641864,1.3068471999485074e-12,0.853718469394323
479,1.8693001375819306e-09,1.3873632588996873e-09,4.819368786822433e-10,372.38927063499494,-0.0003107342838644743,145.29175866220825,1.2941749848497212e-12,0.855334823361005
480,1.8675575515499183e-09,1.3889968559960975e-09,4.785606955538204e-10,373.3963146707531,-0.00030788657886068156,145.8456365576806,1.2816427927945603e-12,0.8569333172455917
481,1.8658249263220795e-09,1.390621115280499e-09,4.752038110415791e-10,374.39760233738525,-0.0003098077864302981,146.3963484291223,1.269249076582903e-12,0.8585141483950379
482,1.8641022827703764e-09,1.3922360171863532e-09,4.718662655840229e-10,375.3931215729412,-0.0003152979464627405,146.9438876424168,1.2569923061105857e-12,0.8600775119756906
483,1.8623896403018205e-09,1.3938415435204477e-09,4.685480967813731e-10,376.3828611620699,-0.00031018520639795156,147.48824802908007,1.2448709681805012e-12,0.861623600997385
484,1.8606870168712498e-09,1.3954376774509192e-09,4.6524933942033026e-10,377.36681072863365,-0.000309829700605439,148.02942388219847,1.2328835663157813e-12,0.8631526063372728
485,1.858994428994406e-09,1.397024403494992e-09,4.6197002549941357e-10,378.34496072815125,-0.0003170943334529203,148.56740995227256,1.2210286205750437e-12,0.8646647167633873
486,1.8573118917613037e-09,1.3986017075064465e-09,4.587101842548572e-10,379.3173024400724,-0.0003165817702316302,149.1022014429678,1.209304667369683e-12,0.8661601189579486
487,1.8556394188498735e-09,1.4001695766628301e-09,4.554698421870428e-10,380.2838279598931,-0.00031502733330418157,149.6337940067781,1.1977102592831775e-12,0.8676389975404111
488,1.8539770225398692e-09,1.4017279994524183e-09,4.522490230874507e-10,381.24453019111826,-0.0003219069587239001,150.16218374060531,1.1862439648923954e-12,0.8691015350902557
489,1.8523247137270361e-09,1.4032769656609336e-09,4.490477480661022e-10,382.1994028370749,-0.00032403968853112787,150.68736718125632,1.174904368590873e-12,0.8705479121695315
490,1.850682501937518e-09,1.4048164663580384e-09,4.458660355794788e-10,383.1484403925846,-0.00032376252916743254,151.20934130086286,1.1636900704140464e-12,0.8719783073451471
491,1.8490503953425028e-09,1.4063464938836067e-09,4.4270390145889553e-10,384.0916381355013,-0.00032340462541144313,151.72810350222738,1.152599685866415e-12,0.8733928972109164
492,1.8474284007730907e-09,1.4078670418337838e-09,4.39561358939306e-10,385.02899211811746,-0.0003245224004523104,152.24365161409636,1.1416318457506164e-12,0.8747918564093602
493,1.8458165237353764e-09,1.4093781050468526e-09,4.3643841868852286e-10,385.96049915845094,-0.0003232390154269604,152.75598388636797,1.1307851959983835e-12,0.8761753576532674
494,1.84421476842573e-09,1.4108796795888997e-09,4.3333508883682935e-10,386.88615683140966,-0.0003249979975007081,153.2650989852327,1.1200583975033781e-12,0.8775435717470181
495,1.8426231377462785e-09,1.4123717627393123e-09,4.3025137500696555e-10,387.8059634598494,-0.0003291017500083921,153.77099598825515,1.1094501259558651e-12,0.8788966676076703
496,1.841041633320561e-09,1.4138543529760935e-09,4.2718728034446704e-10,388.7199181055234,-0.0003265425244416597,154.27367437939614,1.0989590716792165e-12,0.8802348122858142
497,1.8394702555093613e-09,1.4153274499610234e-09,4.241428055483374e-10,389.6280205599335,-0.00032498997402605304,154.77313404398092,1.088583939468221e-12,0.8815581709861963
498,1.8379090034267028e-09,1.4167910545246671e-09,4.211179489020356e-10,390.53027133508766,-0.0003273980445017793,155.26937526361576,1.0783234484291814e-12,0.8828669070881147
499,1.8363578749559938e-09,1.4182451686512356e-09,4.181127063047572e-10,391.4266716541692,-0.00032885711996691585,155.76239871105602,1.068176331821776e-12,0.8841611821655898
500,1.8348168667663121e-09,1.4196897954633195e-09,4.151270713029929e-10,392.3172234421236,-0.0003318393285081979,156.25220544502858,1.058141336902672e-12,0.8854411560073123
501,1.8332859743288339e-09,1.4211249392064913e-09,4.121610351223425e-10,393.2019293161685,-0.0003309459418369581,156.7387969050128,1.0482172247708612e-12,0.8867069866363697
502,1.8317651919333693e-09,1.4225506052337998e-09,4.092145866995698e-10,394.0807925762338,-0.00033587216514024525,157.22217490598217,1.0384027702147102e-12,0.8879588303297563
503,1.8302545127050266e-09,1.4239667999901514e-09,4.0628771271487536e-10,394.9538171953335,-0.0003334577443547172,157.7023416331089,1.0286967615606976e-12,0.8891968416376661
504,1.8287539286209723e-09,1.4253735309965978e-09,4.033803976243731e-10,395.8210078098805,-0.00033614732926675456,158.17929963643704,1.0190980005238214e-12,0.8904211734025738
505,1.8272634305272833e-09,1.426770806834533e-09,4.004926236927506e-10,396.6823697099435,-0.0003347172706816528,158.65305182552342,1.0096053020596635e-12,0.8916319767781041
506,1.8257830081559028e-09,1.4281586371298068e-09,3.976243710260957e-10,397.5379088294558,-0.00033704650840713364,159.12360146405337,1.0002174942180848e-12,0.8928294012476933
507,1.8243126501416473e-09,1.4295370325367741e-09,3.947756176048731e-10,398.3876317363788,-0.00034115094196867285,159.59095216442947,9.90933417998539e-13,0.8940135946430435
508,1.8228523440393037e-09,1.4309060047222698e-09,3.919463393170339e-10,399.23154562282724,-0.0003397010632351454,160.05510788234108,9.817519272069848e-13,0.8951847031623744
509,1.8214020763407756e-09,1.432265566349536e-09,3.891365099912393e-10,400.0696582951578,-0.00033849969592400486,160.51607291131285,9.726718883143785e-13,0.8963428713884721
510,1.8199618324922812e-09,1.433615731062096e-09,3.863461014301852e-10,400.9019781640304,-0.0003441669291573881,160.97385187723847,9.636921803167316e-13,0.8974882423065393
511,1.8185315969115998e-09,1.434956513467591e-09,3.8357508344400793e-10,401.7285142344426,-0.00034399230698904784,161.4284497328995,9.54811694596713e-13,0.8986209573218479
512,1.8171113530053452e-09,1.4362879291215854e-09,3.8082342388375904e-10,402.5492760957461,-0.00034537019361903086,161.8798717524743,9.460293347867813e-13,0.8997411562771962
513,1.8157010831862713e-09,1.43760999451134e-09,3.780910886749309e-10,403.3642739116461,-0.00034777622625019593,162.32812352603787,9.373440166338303e-13,0.9008489774701747
514,1.814300768890596e-09,1.4389227270395779e-09,3.7537804185101737e-10,404.1735184101906,-0.00034380776351587494,162.77321095405574,9.287546678653274e-13,0.9019445576702388
515,1.8129103905953334e-09,1.440226145008234e-09,3.726842455870988e-10,404.97702087375353,-0.0003440469632677701,163.21514024187485,9.202602280569357e-13,0.9030280321355949
516,1.8115299278356298e-09,1.4415202676021986e-09,3.700096602334303e-10,405.7747931290152,-0.00034600083519319315,163.65391789421244,9.118596485015927e-13,0.9040995346298989
517,1.8101593592220986e-09,1.4428051148730732e-09,3.673542443490252e-10,406.5668475369458,-0.00034804106507641615,164.08955070964723,9.035518920800418e-13,0.9051591974387702
518,1.8087986624581434e-09,1.4440807077229282e-09,3.6471795473521535e-10,407.3531969827944,-0.0003495488879949694,164.52204577511324,8.953359331327899e-13,0.9062071513861237
519,1.8074478143572599e-09,1.445347067888083e-09,3.6210074646917687e-10,408.13385486608956,-0.00034987803521684065,164.95141046040018,8.872107573334822e-13,0.9072435258503212
520,1.8061067908603144e-09,1.4466042179229068e-09,3.5950257293740663e-10,408.9088350906535,-0.00035272524555867417,165.37765241266104,8.791753615636754e-13,0.9082684487801435
521,1.804775567052791e-09,1.4478521811836532e-09,3.5692338586913803e-10,409.67815205463535,-0.0003503731645652724,165.8007795509302,8.712287537889942e-13,0.9092820467105875
522,1.8034541171820043e-09,1.4490909818123232e-09,3.543631353696812e-10,410.4418206405659,-0.0003509619946807524,166.22080006065406,8.63369952936657e-13,0.9102844447784877
523,1.8021424146742567e-09,1.450320644720579e-09,3.5182176995367743e-10,411.1998562054389,-0.0003520734352846039,166.63772238823526,8.555979887743548e-13,0.911275766737965
524,1.8008404321519555e-09,1.4515411955737e-09,3.492992365782544e-10,411.95227457082177,-0.00035587939975583843,167.0515552355936,8.479119017904676e-13,0.9122561349757057
525,1.7995481414506645e-09,1.4527526607745939e-09,3.467954806760703e-10,412.69909201299845,-0.0003555331325623837,167.4623075547445,8.403107430756052e-13,0.9132256705260707
526,1.7982655136361035e-09,1.4539550674478657e-09,3.443104461882376e-10,413.44032525315,-0.00035688741730201376,167.8699885423988,8.327935742054573e-13,0.9141844930860386
527,1.7969925190210657e-09,1.455148443423954e-09,3.4184407559711143e-10,414.1759914475734,-0.0003538381170399183,168.2746076345824,8.253594671249366e-13,0.9151327210299826
528,1.7957291271822717e-09,1.456332817223335e-09,3.393963099589364e-10,414.90610817794453,-0.00035790880223687615,168.6761745012812,8.180075040336028e-13,0.9160704714242853
529,1.7944753069771365e-09,1.4575082180407991e-09,3.369670889363378e-10,415.6306934416265,-0.0003628788025511796,169.07469904111056,8.107367772723536e-13,0.9169978600417916
530,1.79323102656046e-09,1.45867467572981e-09,3.345563508306492e-10,416.34976564202657,-0.0003591576751809867,169.4701913760117,8.035463892113667e-13,0.9179150013761012
531,1.7919962534010146e-09,1.4598322207869487e-09,3.3216403261406556e-10,417.0633435790065,-0.0003570237612627134,169.8626618459771,7.964354521392791e-13,0.9188220086557042
532,1.7907709542980554e-09,1.460980884336442e-09,3.297900699616131e-10,417.7714464393457,-0.0003602451535796378,170.25212100380554,7.894030881535936e-13,0.91971899385796
533,1.7895550953977142e-09,1.4621206981147879e-09,3.274343972829263e-10,418.47409378726337,-0.00036067738367131233,170.63857960988923,7.824484290522934e-13,0.9206060677229218
534,1.7883486422093025e-09,1.4632516944554789e-09,3.2509694775382295e-10,419.17130555499966,-0.0003631787087501194,171.02204862703258,7.755706162266559e-13,0.9214833397670081
535,1.7871515596214949e-09,1.4643739062738235e-09,3.227776533476708e-10,419.86310203346096,-0.0003680017722656854,171.4025392153084,7.687688005552511e-13,0.9223509182965242
536,1.7859638119184092e-09,1.465487367051876e-09,3.204764448665333e-10,420.5495038629281,-0.0003684813687401402,171.78006272694648,7.620421422991094e-13,0.9232089104210319
537,1.7847853627955688e-09,1.466592110823475e-09,3.1819325197209274e-10,421.23053202383426,-0.0003681483311589514,172.1546307012616,7.553898109980513e-13,0.9240574220665752
538,1.7836161753757318e-09,1.4676881721593951e-09,3.15928003216336e-10,421.9062078276108,-0.00036669942939590984,172.52625485961883,7.488109853681577e-13,0.9248965579887554
539,1.7824562122246189e-09,1.4687755861526163e-09,3.13680626072002e-10,422.5765529076059,-0.00036660887064834903,172.89494710043863,7.423048532003777e-13,0.9257264217856661
540,1.781305435366489e-09,1.4698543884037083e-09,3.1145104696278094e-10,423.24158921007745,-0.00036662693990149306,173.26071949424298,7.358706112602538e-13,0.926547115910682
541,1.7801638062996026e-09,1.4709246150063454e-09,3.09239191293257e-10,423.9013389852599,-0.0003694574090935772,173.6235842787419,7.295074651887571e-13,0.9273587416851076
542,1.7790312860115363e-09,1.4719863025329427e-09,3.070449834785932e-10,424.5558247785124,-0.00036762720986900047,173.98355385396547,7.232146294042163e-13,0.9281613993106868
543,1.77790783499437e-09,1.4730394880204233e-09,3.0486834697394625e-10,425.2050694215428,-0.0003708590185280337,174.34064077743616,7.169913270053319e-13,0.928955187881973
544,1.7767934132597268e-09,1.4740842089561166e-09,3.0270920430361045e-10,425.84909602371613,-0.00037246085691163623,174.69485775938898,7.108367896752613e-13,0.9297402053985636
545,1.7756879803536735e-09,1.4751205032637901e-09,3.005674770898823e-10,426.4879279634437,-0.0003700948828747783,175.04621765803583,7.047502575867642e-13,0.9305165487771985
546,1.774591495371467e-09,1.476148409289825e-09,2.984430860816419e-10,427.12158887965916,-0.0003743673038668453,175.39473347487615,6.987309793083949e-13,0.9312843138637251
547,1.773503916972166e-09,1.47716796578952e-09,2.9633595118264523e-10,427.750102663378,-0.00037873081843716084,175.74041835005588,6.92778211711733e-13,0.932043595444932
548,1.7724252033930754e-09,1.4781792119135504e-09,2.942459914795242e-10,428.3734934493471,-0.00037612081204260733,176.0832855577738,6.868912198796381e-13,0.9327944872602503
549,1.7713553124640457e-09,1.4791821871945575e-09,2.921731252694877e-10,428.99178560778137,-0.00037453487312668384,176.42334850173714,6.810692770155178e-13,0.9335370820133269
550,1.7702942016216198e-09,1.4801769315338976e-09,2.9011727008772143e-10,429.6050037361913,-0.0003815999139075546,176.76062071066636,6.75311664353599e-13,0.9342714713834696
551,1.7692418279230097e-09,1.4811634851885273e-09,2.8807834273448204e-10,430.2131726513009,-0.0003768643021234553,177.09511583385034,6.696176710701908e-13,0.9349977460369655
552,1.7681981480599273e-09,1.4821418887580453e-09,2.8605625930188105e-10,430.81631738105904,-0.00037751880509798765,177.4268476367522,6.639865941959272e-13,0.9357159956382746
553,1.7671631183722431e-09,1.4831121831718857e-09,2.84050935200357e-10,431.41446315674324,-0.00038040629485085886,177.75582999666682,6.584177385289803e-13,0.9364263088610995
554,1.7661366948614912e-09,1.4840744096766603e-09,2.8206228518483025e-10,432.007635405158,-0.0003812113382614594,178.08207689842928,6.529104165492316e-13,0.9371287733993328
555,1.7651188332041976e-09,1.4850286098236577e-09,2.8009022338054e-10,432.59585974092874,-0.0003798584234578949,178.4056024301772,6.47463948333392e-13,0.9378234759778836
556,1.7641094887650562e-09,1.4859748254564977e-09,2.7813466330855854e-10,433.17916195889103,-0.0003807091180742147,178.72642077916436,6.420776614710605e-13,0.9385105023633852
557,1.7631086166099266e-09,1.486913098698944e-09,2.7619551791098197e-10,433.75756802657673,-0.0003777707791686986,179.04454622762802,6.367508909817089e-13,0.9391899373747821
558,1.7621161715186678e-09,1.4878434719428726e-09,2.742726995757942e-10,434.33110407679743,-0.00038021089935759417,179.35999314870986,6.314829792325854e-13,0.9398618648938029
559,1.7611321079978025e-09,1.4887659878363992e-09,2.723661201614026e-10,434.89979640032664,-0.0003847866871201752,179.67277600243128,6.262732758575235e-13,0.9405263678753158
560,1.760156380293012e-09,1.489680689272168e-09,2.704756910208433e-10,435.4636714386789,-0.00038399300236025073,179.98290933172188,6.211211376766504e-13,0.9411835283575701
561,1.7591889424014561e-09,1.4905876193758009e-09,2.6860132302565475e-10,436.02275577698987,-0.00038152654302481693,180.2904077585033,6.160259286169797e-13,0.941833427472324
562,1.7582297480839244e-09,1.491486821494507e-09,2.6674292658941747e-10,436.5770761369941,-0.00037979243388323674,180.595285979827,6.109870196338845e-13,0.9424761454548617
563,1.7572787508768143e-09,1.492378339185853e-09,2.6490041169096e-10,437.1266593701032,-0.0003834534158273907,180.8975587640674,6.06003788633436e-13,0.9431117616538984
564,1.756335904103929e-09,1.4932622162066997e-09,2.630736878972288e-10,437.67153245058523,-0.000384241514682471,181.19724094717043,6.010756203956007e-13,0.9437403545413775
565,1.7554011608881202e-09,1.4941384965022973e-09,2.61262664385822e-10,438.21172246884174,-0.00038177248901075805,181.4943474289558,5.962019064982877e-13,0.9443620017221572
566,1.7544744741627311e-09,1.4950072241955447e-09,2.594672499671862e-10,438.7472566247885,-0.00038616495198000615,181.78889316947652,5.913820452422327e-13,0.9449767799435927
567,1.7535557966828914e-09,1.4958684435764155e-09,2.576873531064757e-10,439.2781622213344,-0.00038735801904252735,182.08089318543216,5.866154415767145e-13,0.9455847651050109
568,1.7526450810366154e-09,1.496722199091541e-09,2.559228819450742e-10,439.8044666579623,-0.00039018114761364263,182.3703625466381,5.819015070260904e-13,0.9461860322670803
569,1.7517422796557425e-09,1.4975685353339632e-09,2.541737443217781e-10,440.32619742441005,-0.000388990172139753,182.65731637255067,5.772396596171447e-13,0.9467806556610785
570,1.7508473448266896e-09,1.4984074970330463e-09,2.524398477936432e-10,440.8433820944538,-0.0003842108936312754,182.94176982884733,5.726293238072387e-13,0.9473687086980563
571,1.749960228701048e-09,1.4992391290445546e-09,2.507210996564924e-10,441.3560483197889,-0.000392010702560484,183.22373812406147,5.680699304132566e-13,0.9479502639779009
572,1.7490808833059792e-09,1.500063476340892e-09,2.490174069650868e-10,441.86422382401463,-0.00038973849092569933,183.50323650627394,5.63560916541334e-13,0.9485253932982992
573,1.7482092605544667e-09,1.5008805840015056e-09,2.4732867655296067e-10,442.36793639671794,-0.00039316597012784525,183.78028025985907,5.591017255173643e-13,0.9490941676636014
574,1.747345312255371e-09,1.5016904972034506e-09,2.4565481505191925e-10,442.8672138876569,-0.0003906756236115503,184.05488470228522,5.546918068182737e-13,0.9496566572935875
575,1.7464889901233215e-09,1.502493261212119e-09,2.4399572891120216e-10,443.3620842010451,-0.0003897353920374799,184.32706518097183,5.503306160040534e-13,0.950212931632136
576,1.7456402457884398e-09,1.5032889213721268e-09,2.4235132441631195e-10,443.8525752899353,-0.0003925709805767312,184.59683707020002,5.460176146505451e-13,0.9507630593557979
577,1.7447990308058785e-09,1.5040775230983677e-09,2.4072150770751037e-10,444.3387151507031,-0.0003911908997507995,184.8642157680784,5.417522702829679e-13,0.9513071083822745
578,1.743965296665204e-09,1.5048591118672226e-09,2.39106184797981e-10,444.8205318176281,-0.0003917727686061105,185.1292166935632,5.375340563101798e-13,0.9518451458788036
579,1.7431389947995954e-09,1.505633733207931e-09,2.375052615916627e-10,445.2980533575757,-0.0003928782509900101,185.39185528353295,5.333624519596659e-13,0.9523772382704507
580,1.7423200765948777e-09,1.5064014326941244e-09,2.359186439007531e-10,445.77130786477596,-0.0003908926642077505,185.6521469899164,5.29236942213245e-13,0.9529034512483106
581,1.7415084933983944e-09,1.5071622559355105e-09,2.343462374628839e-10,446.2403234556998,-0.0003933153927480875,185.91010727687552,5.25157017743486e-13,0.9534238497776166
582,1.7407041965276973e-09,1.5079162485697255e-09,2.3278794795797132e-10,446.7051282640336,-0.0003960259755689862,186.1657516180403,5.211221748508281e-13,0.9539384981057617
583,1.7399071372790774e-09,1.508663456254335e-09,2.3124368102474159e-10,447.16575043575045,-0.00039731580592581277,186.41909549379875,5.171319154013945e-13,0.9544474597702303
584,1.7391172669359283e-09,1.5094039246589954e-09,2.2971334227693312e-10,447.6222181242761,-0.0003981780206164754,186.6701543886378,5.131857467654932e-13,0.9549507976064422
585,1.7383345367769481e-09,1.5101376994577676e-09,2.2819683731918e-10,448.07455948575205,-0.0003960641017315848,186.91894378853806,5.092831817567992e-13,0.9554485737555103
586,1.7375588980841645e-09,1.5108648263215885e-09,2.2669407176257594e-10,448.5228026743934,-0.00039818692140346554,187.16547917842053,5.054237385722064e-13,0.9559408496719124
587,1.7367903021508117e-09,1.5115853509108898e-09,2.2520495123992198e-10,448.9669758379399,-0.00039260003023019715,187.4097760396449,5.016069407323456e-13,0.9564276861310783
588,1.7360287002890356e-09,1.5122993188683748e-09,2.2372938142066077e-10,449.4071071132023,-0.00039488763386498043,187.65184984755967,4.978323170227591e-13,0.956909143236893
589,1.7352740438374422e-09,1.5130067758119424e-09,2.222672680254986e-10,449.84322462170013,-0.0003995110529297882,187.89171606910338,4.940994014357254e-13,0.9573852804291166
590,1.7345262841684811e-09,1.5137077673277624e-09,2.2081851684071852e-10,450.2753564653931,-0.000400245087209135,188.12939016045624,4.904077331127271e-13,0.9578561564907236
591,1.7337853726956823e-09,1.5144023389634957e-09,2.1938303373218645e-10,450.7035307225029,-0.00039670666808088107,188.3648875647429,4.867568562875539e-13,0.958321829555159
592,1.7330512608807221e-09,1.5150905362216682e-09,2.1796072465905274e-10,451.12777544342634,-0.0004043493467221909,188.5982237097839,4.831463202300344e-13,0.958782357113516
593,1.7323239002403388e-09,1.5157724045531848e-09,2.1655149568715288e-10,451.5481186467384,-0.00040197677746713696,188.82941400589772,4.795756791903912e-13,0.9592377960216338
594,1.7316032423530998e-09,1.5164479893509916e-09,2.1515525300210818e-10,451.96458831528463,-0.0003996586845421375,189.05847384375153,4.76044492344207e-13,0.9596882025071165
595,1.7308892388660083e-09,1.5171173359438783e-09,2.1377190292213066e-10,452.3772123923613,-0.000403866424231799,189.28541859226038,4.725523237380035e-13,0.960133632176275
596,1.7301818415009606e-09,1.5177804895904257e-09,2.1240135191053482e-10,452.78601877798377,-0.0004034734598252262,189.51026359653446,4.690987422354186e-13,0.9605741400209925
597,1.729481002061051e-09,1.5184374954730928e-09,2.1104350658795783e-10,453.1910353252414,-0.0004036952256817469,189.73302417587456,4.65683321463979e-13,0.9610097804255129
598,1.7287866724367366e-09,1.5190883986924432e-09,2.0969827374429294e-10,453.5922898367381,-0.00040214007498772067,189.9537156218144,4.623056397624612e-13,0.9614406071731555
599,1.7280988046118447e-09,1.5197332442615076e-09,2.0836556035033733e-10,453.989810061118,-0.0004036510244191028,190.17235319620954,4.589652801288343e-13,0.9618666734529548
600,1.7274173506694433e-09,1.5203720771002848e-09,2.0704527356915827e-10,454.383623689675,-0.00040358195950221116,190.38895212937263,4.556618301687772e-13,0.9622880318662274
601,1.726742262797559e-09,1.5210049420303782e-09,2.0573732076718087e-10,454.77375835304554,-0.000403651325210806,190.6035276182546,4.523948820447658e-13,0.9627047344330656
602,1.7260734932947626e-09,1.5216318837697627e-09,2.0444160952499955e-10,455.1602416179841,-0.0004052335089512469,190.81609482467098,4.491640324257217e-13,0.96311683259876
603,1.7254109945756035e-09,1.5222529469276857e-09,2.0315804764791704e-10,455.5431009842195,-0.000403519512290972,191.02666887357316,4.4596888243721787e-13,0.9635243772401508
604,1.7247547191759135e-09,1.5228681759996996e-09,2.0188654317621389e-10,455.92236388139145,-0.00040764162028650584,191.23526485136279,4.428090376122344e-13,0.9639274186719089
605,1.7241046197579704e-09,1.5234776153628188e-09,2.0062700439515158e-10,456.29805766606717,-0.00040949483392748484,191.44189780425216,4.3968410784245884e-13,0.9643260066527476
606,1.723460649115522e-09,1.52408130927081e-09,1.993793398447119e-10,456.6702096188358,-0.0004106110853423003,191.64658273666453,4.3659370733012297e-13,0.964720190391566
607,1.7228227601786825e-09,1.5246793018496047e-09,1.9814345832907762e-10,457.0388469414815,-0.00041073000626888596,191.84933460968034,4.335374545403743e-13,0.9651100185535237
608,1.7221909060186889e-09,1.5252716370928331e-09,1.9691926892585496e-10,457.4039967542317,-0.0004090155890122446,192.05016833952425,4.3051497215417183e-13,0.9654955392660495
609,1.7215650398525353e-09,1.5258583588574914e-09,1.9570668099504318e-10,457.7656860930819,-0.00040627699205638654,192.2490987960919,4.2752588702170275e-13,0.9658768001247828
610,1.7209451150474682e-09,1.5264395108597143e-09,1.945056041877543e-10,458.1239419071951,-0.00040840726954768756,192.44614080152144,4.245698301163148e-13,0.9662538481994496
611,1.7203310851253656e-09,1.5270151366706806e-09,1.9331594845468492e-10,458.47879105637395,-0.0004103672338086474,192.64130912880256,4.2164643648895647e-13,0.9666267300396739
612,1.719722903766978e-09,1.5275852797126314e-09,1.9213762405434537e-10,458.8302603086073,-0.00041172044088093774,192.83461850042676,4.187553452231211e-13,0.9669954916807244
613,1.7191205248160536e-09,1.5281499832550056e-09,1.9097054156104795e-10,459.1783763376875,-0.0004110451728416127,193.02608358707698,4.1589619939028883e-13,0.9673601786491979
614,1.7185239022833423e-09,1.5287092904106841e-09,1.8981461187265773e-10,459.5231657208964,-0.000411197519940292,193.21571900635553,4.130686460058614e-13,0.9677208359686401
615,1.7179329903504718e-09,1.5292632441323595e-09,1.8866974621811057e-10,459.8646549367656,-0.00041191931630077334,193.4035393215513,4.102723359855823e-13,0.9680775081651043
616,1.7173477433737073e-09,1.5298118872090062e-09,1.875358561647004e-10,460.20287036290154,-0.00041404931204338884,193.58955904044416,4.0750692410244097e-13,0.9684302392726478
617,1.7167681158876033e-09,1.530355262262464e-09,1.864128536251387e-10,460.53783827387963,-0.00041252715115469156,193.77379261414643,4.0477206894405027e-13,0.9687790728387691
618,1.7161940626085233e-09,1.5308934117441318e-09,1.8530065086439115e-10,460.86958483920523,-0.0004099288121552668,193.95625443598163,4.0206743287049736e-13,0.9691240519297835
619,1.7156255384380609e-09,1.5314263779317664e-09,1.841991605062936e-10,461.1981361213406,-0.00041669611846019866,194.13695884039913,3.993926819726588e-13,0.9694652191361405
620,1.7150624984663369e-09,1.5319542029263859e-09,1.8310829553995078e-10,461.523518073796,-0.0004132082316413759,194.3159201019243,3.967474860309771e-13,0.9698026165776815
621,1.7145048979751977e-09,1.5324769286492763e-09,1.820279693259213e-10,461.8457565392848,-0.0004173461524797866,194.49315243414384,3.9413151847469216e-13,0.9701362859088403
622,1.713952692441294e-09,1.5329945968391013e-09,1.8095809560219227e-10,462.1648772479411,-0.00041311015983489674,194.6686699887253,3.9154445634152403e-13,0.9704662683237852
623,1.7134058375390604e-09,1.5335072490491132e-09,1.7989858848994686e-10,462.48090581560024,-0.0004153404208607146,194.84248685447176,3.8898598023779987e-13,0.9707926045615052
624,1.7128642891435855e-09,1.5340149266444575e-09,1.788493624991276e-10,462.7938677421385,-0.0004183824219639966,195.01461705640833,3.864557742990226e-13,0.971115334910839
625,1.7123280033333817e-09,1.5345176707995815e-09,1.7781033253379972e-10,463.10378840987374,-0.00041437169397474553,195.18507455490226,3.8395352615087497e-13,0.9714344992154497
626,1.711796936393049e-09,1.5350155224957326e-09,1.76781413897317e-10,463.41069308202486,-0.00041129681606488484,195.3538732448162,3.814789268706543e-13,0.9717501368787431
627,1.7112710448158452e-09,1.5355085225185518e-09,1.7576252229729315e-10,463.71460690122797,-0.00041506887818506134,195.52102695469193,3.790316709491338e-13,0.972062286868733
628,1.7107502853061479e-09,1.5359967114557644e-09,1.7475357385038316e-10,464.01555488811135,-0.0004133146480556675,195.6865494459662,3.7661145625284417e-13,0.9723709877228515
629,1.7102346147818296e-09,1.5364801296949534e-09,1.737544850868765e-10,464.3135619399245,-0.0004161293739758871,195.85045441221718,3.7421798398677365e-13,0.9726762775527075
630,1.7097239903765338e-09,1.5369588174214267e-09,1.7276517295510654e-10,464.6086528292233,-0.00042064627429253264,196.0127554784409,3.7185095865747905e-13,0.9729781940487909
631,1.7092183694418533e-09,1.5374328146161733e-09,1.7178555482567857e-10,464.9008522026091,-0.00041569147522831307,196.17346620035835,3.6951008803660455e-13,0.973276774485127
632,1.7087177095494233e-09,1.5379021610539031e-09,1.7081554849551996e-10,465.1901845795205,-0.00041784700114902933,196.33260006374996,3.6719508312480403e-13,0.9735720557238771
633,1.708221968492924e-09,1.5383668963011684e-09,1.698550721917552e-10,465.4766743510764,-0.0004202692919629799,196.49017048382024,3.6490565811606153e-13,0.9738640742198901
634,1.7077311042899882e-09,1.5388270597145767e-09,1.6890404457541053e-10,465.76034577897343,-0.0004161068359211051,196.64619080459101,3.6264153036240646e-13,0.9741528660252032
635,1.7072450751840255e-09,1.5392826904390777e-09,1.679623847449483e-10,466.0412229944292,-0.00041743091707872356,196.8006742983198,3.6040242033901804e-13,0.9744384667934926
636,1.706763839645969e-09,1.5397338274063304e-09,1.6703001223963758e-10,466.31932999717833,-0.00041938033824778705,196.95363416494854,3.581880516097162e-13,0.974720911784475
637,1.7062873563759194e-09,1.5401805093331571e-09,1.6610684704276142e-10,466.5946906545157,-0.00041691505857026405,197.10508353157638,3.559981507928327e-13,0.9750002358682611
638,1.7058155843047285e-09,1.540622774720063e-09,1.6519280958466538e-10,466.8673287003867,-0.00042071383923554886,197.25503545195988,3.5383244752746084e-13,0.9752764735296606
639,1.7053484825954882e-09,1.5410606618498375e-09,1.642878207456493e-10,467.13726773452436,-0.0004179981754949456,197.4035029060385,3.5169067444007615e-13,0.9755496588724393
640,1.704886010644941e-09,1.5414942087862336e-09,1.6339180185870678e-10,467.4045312216338,-0.00042147818038859374,197.55049879948547,3.4957256711152783e-13,0.9758198256235296
641,1.7044281280848217e-09,1.541923453372708e-09,1.6250467471211325e-10,467.66914249061836,-0.00041883847086260085,197.69603596328295,3.474778640443937e-13,0.9760870071371947
642,1.7039747947831139e-09,1.5423484332312464e-09,1.6162636155186763e-10,467.9311247338526,-0.00042241392596275364,197.8401271533216,3.4540630663069617e-13,0.9763512363991459
643,1.7035259708452372e-09,1.5427691857612483e-09,1.6075678508398907e-10,468.19050100649645,-0.0004175370590402075,197.98278505002344,3.433576391199754e-13,0.9766125460306154
644,1.7030816166151578e-09,1.543185748138485e-09,1.5989586847667245e-10,468.4472942258525,-0.00042030680827593616,198.1240222579887,3.4133160858771413e-13,0.9768709682923834
645,1.7026416926764315e-09,1.543598157314126e-09,1.590435353623055e-10,468.7015271707649,-0.0004182466699412455,198.26385130566467,3.3932796490411307e-13,0.9771265350887611
646,1.7022061598531733e-09,1.5440064500138237e-09,1.581997098393495e-10,468.9532224810575,-0.0004230513445410983,198.402284645037,3.3734646070320947e-13,0.9773792779715295
647,1.7017749792109608e-09,1.5444106627368725e-09,1.5736431647408766e-10,469.2024026570132,-0.0004226497515453891,198.53933465134372,3.353868513523383e-13,0.9776292281438344
648,1.7013481120576678e-09,1.5448108317554244e-09,1.5653728030224276e-10,469.44909005889053,-0.0004203063993378155,198.67501362280842,3.3344889492193027e-13,0.9778764164640396
649,1.700925519944235e-09,1.5452069931137666e-09,1.5571852683046782e-10,469.6933069064798,-0.0004277584592461819,198.80933378039703,3.3153235215564353e-13,0.9781208734495352
650,1.7005071646653736e-09,1.5455991826276614e-09,1.5490798203771173e-10,469.9350752786952,-0.0004246870423456616,198.9423072675928,3.2963698644082585e-13,0.9783626292805069
651,1.7000930082602097e-09,1.5459874358837455e-09,1.5410557237646298e-10,470.1744171132042,-0.00042076670771844634,199.0739461501929,3.2776256377930254e-13,0.9786017138036603
652,1.69968301301286e-09,1.5463717882389858e-09,1.5331122477387414e-10,470.41135420609226,-0.0004221796347240585,199.20426241612392,3.259088527584877e-13,0.9788381565359072
653,1.6992771414529577e-09,1.5467522748201885e-09,1.525248666327691e-10,470.64590821156173,-0.00042142632249465113,199.33326797527627,3.240756245228145e-13,0.9790719866680083
654,1.6988753563561083e-09,1.547128930523572e-09,1.517464258325367e-10,470.8781006416658,-0.00042427463195064517,199.4609746593577,3.222626527454808e-13,0.9793032330681785
655,1.6984776207442978e-09,1.5475017900143847e-09,1.509758307299127e-10,471.1079528660753,-0.00042279562656382286,199.58739422176512,3.204697136005078e-13,0.9795319242856495
656,1.6980838978862342e-09,1.5478708877265818e-09,1.5021301015965228e-10,471.3354861118782,-0.00042565111996922946,199.71253833747448,3.1869658573510646e-13,0.9797580885541957
657,1.6976941512976464e-09,1.54823625786255e-09,1.494578934350962e-10,471.5607214634098,-0.00042719647384790435,199.83641860294705,3.1694305024234984e-13,0.9799817537956187
658,1.6973083447415182e-09,1.5485979343928842e-09,1.487104103486334e-10,471.7836798621161,-0.0004281026047900133,199.95904653605464,3.1520889063414745e-13,0.9802029476231955
659,1.6969264422282746e-09,1.548955951056214e-09,1.4797049117206087e-10,472.0043821064457,-0.0004260742600575268,200.08043357601974,3.13493892814518e-13,0.980421697345087
660,1.6965484080159203e-09,1.5493103413590749e-09,1.472380666568451e-10,472.22284885177163,-0.00042632393830593365,200.20059108337318,3.117978450531571e-13,0.9806380299677095
661,1.6961742066101192e-09,1.5496611385758319e-09,1.465130680342866e-10,472.439100610343,-0.00042673743723719773,200.3195303399267,3.101205379592982e-13,0.980851972199069
662,1.6958038027642338e-09,1.550008375748644e-09,1.4579542701558923e-10,472.65315775126373,-0.0004328263555955658,200.43726254876174,3.08461764455861e-13,0.9810635504520585
663,1.6954371614793133e-09,1.550352085687475e-09,1.4508507579183807e-10,472.8650405004991,-0.00042997347592398425,200.55379883423313,3.0682131975388637e-13,0.9812727908477186
664,1.6950742480040346e-09,1.5506923009701475e-09,1.443819470338868e-10,473.07476894090973,-0.0004272865400923683,200.6691502419875,3.051990013272534e-13,0.9814797192184626
665,1.6947150278346003e-09,1.5510290539424423e-09,1.436859738921577e-10,473.28236301231124,-0.00042588975486243275,200.78332773899615,3.0359460888767597e-13,0.9816843611112658
666,1.6943594667145902e-09,1.5513623767182339e-09,1.4299708999635587e-10,473.48784251155905,-0.00042786141611178487,200.89634221360205,3.020079443599757e-13,0.9818867417908195
667,1.6940075306347701e-09,1.5516923011796695e-09,1.423152294551001e-10,473.6912270926589,-0.0004286952207068327,201.0082044755797,3.004388118576276e-13,0.9820868862426495
668,1.6936591858328608e-09,1.5520188589773873e-09,1.4164032685547286e-10,473.89253626690066,-0.0004317935439104934,201.11892525621005,2.9888701765857673e-13,0.9822848191762019
669,1.6933143987932659e-09,1.5523420815307734e-09,1.4097231726249103e-10,474.09178940301723,-0.0004233663682246194,201.2285152083669,2.9735237018132134e-13,0.9824805650278927
670,1.6929731362467552e-09,1.552662000028255e-09,1.4031113621849923e-10,474.2890057273638,-0.00042984197850058544,201.3369849066156,2.958346799612607e-13,0.9826741479641249
671,1.6926353651701171e-09,1.5529786454276274e-09,1.3965671974248886e-10,474.48420432412223,-0.000424500995180322,201.4443448473259,2.9433375962730414e-13,0.9828655918842725
672,1.6923010527857664e-09,1.5532920484564222e-09,1.3900900432934402e-10,474.6774041355262,-0.0004249721141392547,201.55060544879558,2.928494238787386e-13,0.9830549204236303
673,1.6919701665613221e-09,1.553602239612305e-09,1.3836792694901596e-10,474.86862396210614,-0.0004277690123253397,201.65577705138492,2.913814894623519e-13,0.9832421569563327
674,1.6916426742091392e-09,1.5539092491635089e-09,1.3773342504562912e-10,475.05788246295685,-0.0004296831825152439,201.7598699176641,2.8992977514980827e-13,0.9834273245982388
675,1.69131854368582e-09,1.5542131071492992e-09,1.3710543653651995e-10,475.24519815602434,-0.00042849235628761626,201.86289423257102,2.884941017152747e-13,0.9836104462097864
676,1.6909977431916784e-09,1.5545138433804682e-09,1.364838998112103e-10,475.4305894184113,-0.0004312794468080812,201.96486010357933,2.8707429191329373e-13,0.9837915443988146
677,1.6906802411701843e-09,1.5548114874398654e-09,1.3586875373031765e-10,475.6140744867026,-0.00042866625128590763,202.0657775608774,2.8567017045690126e-13,0.9839706415233545
678,1.6903660063073603e-09,1.5551060686829555e-09,1.352599376244042e-10,475.79567145730914,-0.00042939395023255174,202.16565655755693,2.842815639959861e-13,0.9841477596943895
679,1.6900550075311628e-09,1.5553976162383978e-09,1.3465739129276502e-10,475.97539828682756,-0.00042854587626798397,202.26450696981192,2.8290830109588797e-13,0.9843229207785857
680,1.6897472140108293e-09,1.555686159008669e-09,1.3406105500215992e-10,476.15327279242064,-0.00042791673348305205,202.36233859714673,2.81550212216233e-13,0.9844961464009907
681,1.689442595156185e-09,1.555971725670697e-09,1.3347086948548798e-10,476.32931265221146,-0.00042655758133452337,202.45916116259372,2.8020712969000253e-13,0.9846674579477037
682,1.689141120616941e-09,1.5562543446765326e-09,1.3288677594040768e-10,476.50353540569483,-0.00043100341834971577,202.55498431293904,2.78878887702833e-13,0.9848368765685162
683,1.6888427602819485e-09,1.5565340442540427e-09,1.3230871602790475e-10,476.67595845416525,-0.00042834143578714817,202.64981761895797,2.7756532227254523e-13,0.9850044231795223
684,1.688547484278434e-09,1.5568108524076254e-09,1.3173663187080816e-10,476.8465990611588,-0.00043221089546395693,202.7436705756587,2.76266271228899e-13,0.9851701184657017
685,1.6882552629712118e-09,1.5570847969189537e-09,1.3117046605225723e-10,477.01547435291127,-0.0004326139676228232,202.8365526025333,2.7498157419357247e-13,0.9853339828834728
686,1.6879660669618624e-09,1.5573559053477415e-09,1.3061016161412002e-10,477.1826013188288,-0.00043225618961570617,202.92847304381706,2.737110725603615e-13,0.9854960366632192
687,1.687679867087895e-09,1.5576242050325291e-09,1.300556620553658e-10,477.3479968119739,-0.00043317722435401695,203.01944116875598,2.7245460947559893e-13,0.9856562998117858
688,1.6873966344218882e-09,1.557889723091494e-09,1.295069113303928e-10,477.51167754956475,-0.00042944397751240593,203.10946617188102,2.712120298187896e-13,0.9858147921149503
689,1.687116340270593e-09,1.5581524864232805e-09,1.289638538473119e-10,477.6736601134864,-0.0004297472531591433,203.19855717328943,2.699831801834593e-13,0.9859715331398649
690,1.686838956174039e-09,1.55841252170785e-09,1.2842643446618885e-10,477.833960950815,-0.00042923637662293547,203.28672321893328,2.6876790885821566e-13,0.9861265422374725
691,1.6865644539045975e-09,1.5586698554073515e-09,1.2789459849724612e-10,477.99259637435483,-0.0004320169199071902,203.3739732809143,2.6756606580801824e-13,0.9862798385448956
692,1.686292805466037e-09,1.5589245137670108e-09,1.2736829169902557e-10,478.149582563186,-0.0004316009485393626,203.46031625778585,2.663775026556553e-13,0.9864314409877991
693,1.686023983092551e-09,1.5591765228160384e-09,1.2684746027651313e-10,478.30493556322364,-0.0004334880503078018,203.54576097485955,2.652020726634256e-13,0.9865813682827264
694,1.68575795924778e-09,1.5594259083685513e-09,1.2633205087922772e-10,478.45867128778787,-0.00043481271407161957,203.6303161845198,2.6403963071502224e-13,0.9867296389394105
695,1.6854947066237947e-09,1.5596726960245198e-09,1.2582201059927506e-10,478.61080551818515,-0.00043179447966227295,203.7139905665424,2.6289003329761717e-13,0.986876271263059
696,1.6852341981400874e-09,1.55991691117072e-09,1.253172869693675e-10,478.76135390429766,-0.0004323276415325313,203.79679272842014,2.6175313848414315e-13,0.9870212833566144
697,1.6849764069425234e-09,1.5601585789817113e-09,1.2481782796081193e-10,478.91033196518464,-0.00043525245161100506,203.8787312056919,2.6062880591577177e-13,0.9871646931229883
698,1.6847213064022906e-09,1.5603977244208243e-09,1.2432358198146638e-10,479.05775508969106,-0.00043203998098458675,203.9598144622787,2.5951689678458504e-13,0.9873065182672723
699,1.6844688701148286e-09,1.560634372241162e-09,1.2383449787366657e-10,479.20363853706607,-0.000436864522777308,204.04005089082324,2.584172738164384e-13,0.9874467762989236
700,1.6842190718987433e-09,1.5608685469866197e-09,1.2335052491212455e-10,479.34799743759095,-0.00043390770624713627,204.11944881303543,2.573298012540133e-13,0.9875854845339269
701,1.6839718857947112e-09,1.5611002729929122e-09,1.228716128017986e-10,479.49084679321254,-0.0004349772146778379,204.1980164800409,2.5625434484005656e-13,0.9877226600969315
702,1.6837272860643607e-09,1.5613295743886214e-09,1.2239771167573818e-10,479.63220147818805,-0.0004349402710749354,204.27576207273535,2.5519077180080536e-13,0.9878583199233667
703,1.6834852471891498e-09,1.5615564750962473e-09,1.2192877209290283e-10,479.77207623973464,-0.0004362120369337999,204.35269370214195,2.5413895082959543e-13,0.9879924807615312
704,1.6832457438692316e-09,1.5617809988332744e-09,1.2146474503595698e-10,479.9104856986865,-0.00043230182424343404,204.42881940977298,2.530987520706498e-13,0.988125159174662
705,1.6830087510222978e-09,1.5620031691132548e-09,1.2100558190904263e-10,480.04744435016096,-0.000433234912160725,204.50414716799588,2.520700471030475e-13,0.9882563715429786
706,1.68277424378242e-09,1.5622230092468915e-09,1.20551234535529e-10,480.18296656422785,-0.0004321582861523503,204.57868488040145,2.5105270892486857e-13,0.9883861340657055
707,1.6825421974988818e-09,1.5624405423431388e-09,1.2010165515574214e-10,480.31706658658817,-0.0004344207886744544,204.65244038217736,2.5004661193751496e-13,0.9885144627630721
708,1.682312587734989e-09,1.5626557913103136e-09,1.1965679642467444e-10,480.44975853925666,-0.00043743290244797775,204.72542144048305,2.490516319302042e-13,0.9886413734782903
709,1.6820853902668825e-09,1.5628687788572073e-09,1.1921661140967497e-10,480.5810564212506,-0.0004357481813791471,204.79763575482934,2.4806764606463455e-13,0.9887668818795109
710,1.6818605810823393e-09,1.5630795274942163e-09,1.1878105358812243e-10,480.71097410928405,-0.00043752498480439093,204.86909095745943,2.470945328598197e-13,0.9888910034617577
711,1.681638136379555e-09,1.5632880595344738e-09,1.18350076845081e-10,480.8395253584674,-0.000434398533429612,204.93979461373442,2.46132172177091e-13,0.9890137535488405
712,1.6814180325659336e-09,1.5634943970949927e-09,1.1792363547094006e-10,480.9667238030109,-0.0004330433061105354,205.00975422251975,2.451804452052653e-13,0.9891351472952468
713,1.681200246256857e-09,1.5636985620978168e-09,1.175016841590389e-10,481.0925829569332,-0.0004349555668248454,205.07897721657469,2.442392344459767e-13,0.9892551996880131
714,1.6809847542744496e-09,1.5639005762711724e-09,1.1708417800327752e-10,481.2171162147749,-0.00043695827015301605,205.14747096294576,2.433084236991707e-13,0.9893739255485752
715,1.6807715336463478e-09,1.564100461150635e-09,1.166710724957133e-10,481.34033685231344,-0.00043664382987434086,205.2152427633588,2.4238789804875787e-13,0.9894913395345972
716,1.6805605616044432e-09,1.5642982380802957e-09,1.1626232352414661e-10,481.4622580272857,-0.0004356387048858739,205.28229985461735,2.414775438484271e-13,0.9896074561417822
717,1.6803518155836307e-09,1.5644939282139367e-09,1.1585788736969304e-10,481.58289278011006,-0.0004390812461318147,205.34864940899894,2.405772487076146e-13,0.9897222897056615
718,1.680145273220558e-09,1.564687552516211e-09,1.1545772070434638e-10,481.70225403461484,-0.00043603076580109074,205.41429853465627,2.3968690147762865e-13,0.9898358544033636
719,1.679940912352356e-09,1.5648791317638247e-09,1.1506178058853053e-10,481.8203545987676,-0.00043607094032721447,205.47925427601848,2.3880639223792733e-13,0.9899481642553665
720,1.6797387110153709e-09,1.5650686865467282e-09,1.1467002446864249e-10,481.9372071654083,-0.00043769492990785165,205.54352361419365,2.3793561228254776e-13,0.9900592331272261
721,1.6795386474438946e-09,1.5652562372693075e-09,1.1428241017458692e-10,482.05282431298457,-0.0004375775795387933,205.60711346737406,2.370744541066858e-13,0.9901690747312901
722,1.6793407000688855e-09,1.565441804151583e-09,1.1389889591730284e-10,482.16721850628966,-0.00043653545590202674,205.67003069124138,2.362228113934234e-13,0.9902777026283899
723,1.6791448475166898e-09,1.5656254072304063e-09,1.1351944028628323e-10,482.2804020972022,-0.000438651944831103,205.7322820793741,2.353805790006033e-13,0.9903851302295149
724,1.6789510686077557e-09,1.565807066360667e-09,1.1314400224708825e-10,482.39238732542776,-0.0004387871147363957,205.79387436365465,2.345476529478479e-13,0.9904913707974684
725,1.6787593423553501e-09,1.5659868012164972e-09,1.1277254113885305e-10,482.5031863192429,-0.0004357156836631638,205.85481421467978,2.3372393040372243e-13,0.9905964374485048
726,1.6785696479642686e-09,1.566164631292478e-09,1.1240501667178996e-10,482.61281109623894,-0.00043695694846728925,205.9151082421684,2.3290930967303934e-13,0.9907003431539491
727,1.6783819648295424e-09,1.566340575904854e-09,1.120413889246871e-10,482.7212735640693,-0.0004341730694005425,205.97476299537328,2.3210369018430337e-13,0.990803100741798
728,1.6781962725351456e-09,1.566514654192743e-09,1.1168161834240277e-10,482.8285855211965,-0.0004396317152603139,206.03378496349194,2.313069724772952e-13,0.9909047228983042
729,1.6780125508527046e-09,1.5666868851193487e-09,1.1132566573335667e-10,482.93475865764015,-0.00044134172324090026,206.0921805760778,2.3051905819079207e-13,0.9910052221695418
730,1.677830779740197e-09,1.5668572874731781e-09,1.109734922670189e-10,483.039804555726,-0.00043602494920779713,206.1499562034524,2.297398500504246e-13,0.991104610962956
731,1.677650939340654e-09,1.5670258798692568e-09,1.1062505947139687e-10,483.14373469083614,-0.0004361156301281354,206.2071181571177,2.289692518566672e-13,0.9912029015488945
732,1.677473009980867e-09,1.5671926807503457e-09,1.1028032923052077e-10,483.2465604321583,-0.0004396284074460546,206.26367269016862,2.282071684729616e-13,0.9913001060621223
733,1.6772969721700876e-09,1.5673577083881587e-09,1.0993926378192854e-10,483.3482930434367,-0.00044120859964491896,206.31962599770526,2.274535058139715e-13,0.99139623650332
734,1.6771228065987264e-09,1.5675209808845762e-09,1.0960182571414998e-10,483.44894368372127,-0.00043848484765982634,206.37498421724615,2.26708170833967e-13,0.9914913047405655
735,1.6769504941370603e-09,1.5676825161728677e-09,1.0926797796419189e-10,483.5485234081197,-0.00044201260706191407,206.4297534291406,2.2597107151533714e-13,0.9915853225107988
736,1.6767800158339282e-09,1.5678423320189041e-09,1.0893768381502323e-10,483.64704316854557,-0.00043930981712474567,206.48393965698125,2.2524211685722986e-13,0.9916783014212717
737,1.6766113529154387e-09,1.5680004460223764e-09,1.0861090689306208e-10,483.74451381446937,-0.00044310757819569004,206.53754886801624,2.2452121686431702e-13,0.99177025295098
738,1.6764444867836726e-09,1.5681568756180083e-09,1.0828761116566406e-10,483.840946093667,-0.0004393342982589823,206.59058697356193,2.2380828253568394e-13,0.9918611884520812
739,1.676279399015387e-09,1.5683116380767736e-09,1.079677609386129e-10,483.9363506529684,-0.00044321255961806577,206.6430598294133,2.231032258538412e-13,0.9919511191512957
740,1.6761160713607213e-09,1.5684647505071066e-09,1.0765132085361405e-10,484.0307380390051,-0.0004395578023566828,206.69497323625626,2.2240595977385857e-13,0.9920400561512935
741,1.6759544857419053e-09,1.5686162298561147e-09,1.0733825588579087e-10,484.12411869895715,-0.0004361601886437044,206.74633294007805,2.2171639821261828e-13,0.992128010432064
742,1.6757946242519714e-09,1.5687660929107856e-09,1.0702853134118482e-10,484.2165029812988,-0.00043983852565112556,206.79714463257721,2.210344560381876e-13,0.992214992852272
743,1.6756364691534607e-09,1.5689143562992002e-09,1.0672211285425929e-10,484.30790113654297,-0.000437873430069412,206.8474139515734,2.203600490593084e-13,0.9923010141505985
744,1.6754800028771415e-09,1.569061036491733e-09,1.064189663854079e-10,484.3983233179845,-0.0004408036926160438,206.8971464814157,2.1969309401500326e-13,0.9923860849470659
745,1.675325208020726e-09,1.5692061498022575e-09,1.0611905821846759e-10,484.4877795824417,-0.0004414110087064153,206.94634775339102,2.190335085642962e-13,0.99247021574435
746,1.6751720673475854e-09,1.569349712389349e-09,1.058223549582367e-10,484.5762798909974,-0.00044272758612284613,206.99502324613093,2.183812112760468e-13,0.9925534169290756
747,1.6750205637854764e-09,1.5694917402574772e-09,1.0552882352799857e-10,484.6638341097363,-0.0004377550939661961,207.0431783860185,2.1773612161889723e-13,0.9926356987730999
748,1.6748706804252607e-09,1.5696322492582096e-09,1.0523843116705129e-10,484.75045201048346,-0.0004400548580562495,207.09081854759296,2.1709815995132966e-13,0.9927170714347794
749,1.6747224005196395e-09,1.569771255091396e-09,1.0495114542824305e-10,484.8361432715379,-0.0004367963672550406,207.13794905395406,2.1646724751183412e-13,0.9927975449602252
750,1.6745757074818785e-09,1.5699087733063639e-09,1.0466693417551463e-10,484.9209174784066,-0.0004424996746967033,207.18457517716558,2.1584330640918462e-13,0.9928771292845427
751,1.6744305848845477e-09,1.5700448193030996e-09,1.0438576558144839e-10,485.0047841245354,-0.0004406881961443137,207.2307021386576,2.1522625961282293e-13,0.9929558342330583
752,1.6742870164582583e-09,1.5701794083334338e-09,1.0410760812482435e-10,485.0877526120373,-0.0004401825621967372,207.27633510962642,2.1461603094334844e-13,0.9930336695225321
753,1.6741449860904047e-09,1.5703125555022199e-09,1.0383243058818423e-10,485.16983225242024,-0.00043761447844788603,207.32147921143542,2.1401254506311337e-13,0.993110644762358
754,1.6740044778239102e-09,1.5704442757685074e-09,1.0356020205540271e-10,485.2510322673107,-0.0004368918110294906,207.36613951601294,2.134157274669215e-13,0.9931867694557498
755,1.6738654758559824e-09,1.5705745839467155e-09,1.0329089190926694e-10,485.3313617891758,-0.0004419287086173326,207.41032104624895,2.1282550447283006e-13,0.9932620530009145
756,1.6737279645368631e-09,1.5707034947077982e-09,1.0302446982906453e-10,485.41082986204293,-0.0004429929249447553,207.4540287763918,2.1224180321305313e-13,0.9933365046922126
757,1.6735919283685878e-09,1.5708310225804071e-09,1.0276090578817982e-10,485.4894454422164,-0.00044429188740769646,207.49726763244144,2.116645516249654e-13,0.9934101337213055
758,1.6734573520037531e-09,1.5709571819520536e-09,1.0250017005169942e-10,485.5672173989926,-0.0004382376039167131,207.54004249254336,2.1109367844220545e-13,0.9934829491782902
759,1.6733242202442852e-09,1.5710819870702585e-09,1.0224223317402613e-10,485.6441545153699,-0.00044117691725176575,207.5823581873786,2.1052911318587758e-13,0.9935549600528217
760,1.673192518040209e-09,1.571205452043705e-09,1.0198706599650316e-10,485.72026548875954,-0.00044238879604718633,207.62421950055506,2.099707861558503e-13,0.9936261752352232
761,1.6730622304884295e-09,1.5713275908433824e-09,1.0173463964504695e-10,485.7955589316898,-0.00044128468061621634,207.66563116899482,2.094186284221515e-13,0.9936966035175827
762,1.6729333428315177e-09,1.5714484173037268e-09,1.0148492552779041e-10,485.8700433725103,-0.00044638663084939297,207.70659788332136,2.088725718164584e-13,0.9937662535948395
763,1.6728058404564943e-09,1.5715679451237582e-09,1.0123789533273584e-10,485.943727256091,-0.0004448081580395982,207.7471242882438,2.0833254892368176e-13,0.9938351340658569
764,1.6726797088936271e-09,1.5716861878682085e-09,1.0099352102541805e-10,486.0166189445201,-0.00043957244005002187,207.7872149829413,2.077984930736426e-13,0.9939032534344844
765,1.6725549338152281e-09,1.5718031589686488e-09,1.0075177484657818e-10,486.0887267177978,-0.0004407362163758437,207.82687452144427,2.072703383328417e-13,0.9939706201106069
766,1.6724315010344595e-09,1.5719188717246114e-09,1.005126293098475e-10,486.1600587745264,-0.0004413114531590563,207.86610741301365,2.0674801949631923e-13,0.9940372424111837
767,1.672309396504144e-09,1.572033339304701e-09,1.002760571994425e-10,486.23062323259876,-0.0004436974199130818,207.90491812252031,2.0623147207960473e-13,0.9941031285612749
768,1.6721886063155794e-09,1.5721465747477078e-09,1.0004203156787077e-10,486.300428129882,-0.0004406009026166788,207.94331107082064,2.057206323107562e-13,0.9941682866950566
769,1.6720691166973619e-09,1.572258590963714e-09,9.981052573364772e-11,486.36948142489865,-0.0004383004506579497,207.98129063513073,2.0521543712248664e-13,0.9942327248568257
770,1.6719509140142127e-09,1.572369400735188e-09,9.958151327902492e-11,486.43779099750486,-0.0004443865975532649,208.0188611494005,2.0471582414437803e-13,0.9942964510019926
771,1.6718339847658108e-09,1.572479016718081e-09,9.93549680477294e-11,486.5053646495632,-0.0004419873274027816,208.05602690468277,2.0422173169518122e-13,0.9943594729980636
772,1.6717183155856322e-09,1.5725874514429172e-09,9.913086414271512e-11,486.57221010561534,-0.00044296545798227295,208.09279214950362,2.0373309877520085e-13,0.9944217986256121
773,1.6716038932397969e-09,1.572694717315871e-09,9.890917592392539e-11,486.63833501354776,-0.0004414511144860665,208.1291610902286,2.0324986505876444e-13,0.9944834355792392
774,1.6714907046259176e-09,1.5728008266198496e-09,9.868987800606772e-11,486.7037469452565,-0.000442221603308383,208.16513789142812,2.0277197088677471e-13,0.9945443914685236
775,1.6713787367719598e-09,1.5729057915155592e-09,9.847294525640025e-11,486.76845339730716,-0.0004426195833706377,208.2007266762406,2.0229935725934416e-13,0.9946046738189612
776,1.6712679768351047e-09,1.5730096240425744e-09,9.825835279253032e-11,486.83246179159096,-0.0004441647492562962,208.23593152673334,2.018319658285111e-13,0.994664290072894
777,1.6711584121006196e-09,1.573112336120393e-09,9.804607598022539e-11,486.89577947597894,-0.00044250625728094704,208.27075648426217,2.0136973889103613e-13,0.9947232475904291
778,1.6710500299807292e-09,1.5732139395494932e-09,9.783609043123589e-11,486.9584137249702,-0.0004437768389067444,208.30520554982837,2.009126193812781e-13,0.9947815536503472
779,1.6709428180135096e-09,1.5733144460123782e-09,9.762837200113075e-11,487.0203717403377,-0.00044291342957993864,208.33928268443304,2.0046055086414906e-13,0.9948392154510014
780,1.6708367638617661e-09,1.57341386707462e-09,9.742289678714537e-11,487.08166065177085,-0.0004428192621579172,208.3729918094316,2.0001347752814674e-13,0.9948962401112058
781,1.6707318553119352e-09,1.5735122141858929e-09,9.721964112604207e-11,487.1422875175132,-0.00044145446833851763,208.40633680688347,1.9957134417846436e-13,0.9949526346711143
782,1.670628080272985e-09,1.5736094986810015e-09,9.701858159198307e-11,487.20225932499653,-0.00044399775357139074,208.4393215199022,1.991340962301761e-13,0.9950084060930898
783,1.670525426775325e-09,1.5737057317809082e-09,9.681969499441665e-11,487.2615829914724,-0.0004435492616822485,208.47194975300084,1.9870167970149847e-13,0.995063561262564
784,1.67042388296972e-09,1.5738009245937439e-09,9.662295837597553e-11,487.3202653646375,-0.00044082704067511565,208.5042252724378,1.982740412071256e-13,0.995118106988887
785,1.6703234371262123e-09,1.5738950881158231e-09,9.642834901038865e-11,487.37831322325843,-0.00044347544082837156,208.53615180655942,1.978511279516385e-13,0.9951720500061686
786,1.6702240776330525e-09,1.5739882332326467e-09,9.623584440040556e-11,487.4357332777891,-0.0004436297934310053,208.56773304613984,1.9743288772298697e-13,0.9952253969741088
787,1.670125792995633e-09,1.574080370719899e-09,9.604542227573391e-11,487.4925321709867,-0.00044144367760256967,208.59897264471988,1.9701926888604365e-13,0.995278154478821
788,1.6700285718354303e-09,1.5741715112444401e-09,9.585706059099015e-11,487.5487164785232,-0.0004426928004712182,208.62987421894292,1.9661022037622924e-13,0.9953303290336443
789,1.6699324028889554e-09,1.574261665365293e-09,9.567073752366305e-11,487.604292709592,-0.0004431202921772788,208.6604413488892,1.9620569169320818e-13,0.995381927079948
790,1.669837275006709e-09,1.5743508435346179e-09,9.548643147209066e-11,487.6592673075122,-0.0004429266082062032,208.69067757840781,1.9580563289465397e-13,0.9954329549879268
791,1.669743177152141e-09,1.57443905609869e-09,9.530412105345036e-11,487.7136466503278,-0.0004459085661581531,208.72058641544612,1.9540999459008332e-13,0.9954834190573874
792,1.6696500984006251e-09,1.5745263132988627e-09,9.512378510176198e-11,487.7674370514027,-0.0004425689566119883,208.75017133237736,1.9501872793475857e-13,0.9955333255185257
793,1.6695580279384321e-09,1.574612625272527e-09,9.494540266590469e-11,487.8206447600137,-0.0004408999256332704,208.77943576632657,1.9463178462365743e-13,0.9955826805326967
794,1.6694669550617137e-09,1.574698002054067e-09,9.476895300764653e-11,487.8732759619365,-0.0004424491728569862,208.80838311949282,1.942491168855093e-13,0.9956314901931749
795,1.6693768691754918e-09,1.5747824535758037e-09,9.459441559968792e-11,487.9253367800307,-0.0004467821777187681,208.8370167594715,1.9387067747689748e-13,0.9956797605259059
796,1.6692877597926553e-09,1.5748659896689376e-09,9.442177012371799e-11,487.97683327481866,-0.00044315946160625023,208.865340019572,1.9349641967642665e-13,0.9957274974902517
797,1.6691996165329663e-09,1.5749486200644823e-09,9.425099646848478e-11,488.0277714450618,-0.0004455949384038134,208.89335619913476,1.9312629727895473e-13,0.9957747069797251
798,1.6691124291220697e-09,1.5750303543941904e-09,9.408207472787835e-11,488.0781572283314,-0.00044429502888033333,208.92106856384595,1.9276026458988848e-13,0.9958213948227183
799,1.6690261873905053e-09,1.575111202191478e-09,9.391498519902785e-11,488.12799650157774,-0.0004436387528148269,208.94848034604945,1.9239827641954213e-13,0.9958675667832216
800,1.6689408812727448e-09,1.5751911728923328e-09,9.374970838041128e-11,488.1772950816918,-0.0004463382242839394,208.97559474505664,1.9204028807755829e-13,0.995913228561536
801,1.6688565008062098e-09,1.5752702758362295e-09,9.35862249699796e-11,488.2260587260672,-0.0004413369184255784,209.002414927455,1.9168625536739069e-13,0.9959583857949756
802,1.6687730361303191e-09,1.5753485202670254e-09,9.342451586329342e-11,488.27429313315406,-0.0004442008004314988,209.02894402741282,1.9133613458084765e-13,0.9960030440585653
803,1.6686904774855314e-09,1.5754259153338572e-09,9.326456215167361e-11,488.3220039430115,-0.00044253240047231187,209.05518514698355,1.9098988249269603e-13,0.9960472088657275
804,1.6686088152123973e-09,1.5755024700920315e-09,9.310634512036521e-11,488.3691967378552,-0.00044290138452372373,209.08114135640557,1.9064745635532467e-13,0.9960908856689636
805,1.668528039750618e-09,1.5755781935039032e-09,9.294984624671474e-11,488.41587704260104,-0.0004415361631922942,209.10681569440328,1.9030881389346682e-13,0.9961340798605272
806,1.668448141638114e-09,1.5756530944397523e-09,9.279504719836098e-11,488.46205032540485,-0.000441893279773296,209.13221116848223,1.8997391329898105e-13,0.9961767967730891
807,1.668369111510094e-09,1.575727181678655e-09,9.264192983143909e-11,488.5077219981976,-0.0004472764909046657,209.1573307552241,1.896427132256896e-13,0.9962190416803968
808,1.668290940098141e-09,1.575800463909342e-09,9.249047618879818e-11,488.55289741721776,-0.00044429332299290224,209.1821774005797,1.8931517278427383e-13,0.9962608197979242
809,1.6682136182292902e-09,1.5758729497310583e-09,9.234066849823232e-11,488.5975818835387,-0.00044869995657210207,209.20675402015877,1.8899125153722619e-13,0.996302136283517
810,1.668137136825135e-09,1.57594464765441e-09,9.219248917072467e-11,488.6417806435918,-0.00044537433283627184,209.23106349951763,1.8867090949385787e-13,0.9963429962380284
811,1.668061486900916e-09,1.5760155661022104e-09,9.204592079870527e-11,488.68549888968766,-0.0004431010054948156,209.255108694446,1.8835410710536155e-13,0.9963834047059488
812,1.6679866595646345e-09,1.576085713410312e-09,9.190094615432188e-11,488.72874176053,-0.00044275177421837346,209.27889243124986,1.8804080525992886e-13,0.9964233666760295
813,1.6679126460161668e-09,1.5761550978284424e-09,9.175754818772428e-11,488.77151434172873,-0.0004420506828685092,209.302417507033,1.877309652779217e-13,0.9964628870818978
814,1.6678394375463837e-09,1.576223727521022e-09,9.161571002536174e-11,488.81382166630715,-0.0004454313138288102,209.32568668997686,1.8742454890709693e-13,0.9965019708026662
815,1.66776702553628e-09,1.5762916105679861e-09,9.147541496829369e-11,488.85566871520587,-0.0004440847164142304,209.34870271961682,1.8712151831788371e-13,0.9965406226635353
816,1.6676954014561087e-09,1.5763587549655943e-09,9.133664649051392e-11,488.8970604177836,-0.0004445776514226553,209.37146830711828,1.8682183609871334e-13,0.9965788474363886
817,1.6676245568645236e-09,1.5764251686272353e-09,9.119938823728738e-11,488.93800165231164,-0.00044228545292835205,209.393986135548,1.8652546525140034e-13,0.9966166498403826
818,1.6675544834077256e-09,1.5764908593842243e-09,9.106362402350062e-11,488.9784972464672,-0.00044168953383757624,209.41625886014623,1.8623236918657477e-13,0.9966540345425288
819,1.6674851728186202e-09,1.576555834986595e-09,9.09293378320251e-11,489.018551977821,-0.0004456299926640134,209.4382891085943,1.8594251171916503e-13,0.9966910061582698
820,1.6674166169159798e-09,1.5766201031038856e-09,9.079651381209355e-11,489.05817057432165,-0.0004373899388837089,209.46007948128135,1.856558570639304e-13,0.9967275692520497
821,1.6673488076036105e-09,1.5766836713259196e-09,9.066513627768953e-11,489.0973577147763,-0.0004450110690078895,209.48163255156817,1.8537236983104317e-13,0.9967637283378772
822,1.667281736869527e-09,1.576746547163577e-09,9.053518970594976e-11,489.1361180293269,-0.0004457820445060781,209.50295086604967,1.8509201502171954e-13,0.9967994878798827
823,1.6672153967851393e-09,1.5768087380495594e-09,9.040665873557934e-11,489.17445609992257,-0.00044389337439729247,209.52403694481495,1.8481475802389848e-13,0.99683485229287
824,1.6671497795044357e-09,1.5768702513391552e-09,9.027952816528032e-11,489.2123764607895,-0.0004436189685602249,209.54489328170462,1.8454056460796888e-13,0.9968698259428611
825,1.6670848772631814e-09,1.5769310943109882e-09,9.01537829521924e-11,489.24988359889437,-0.00044408594095033586,209.56552234456694,1.8426940092254348e-13,0.9969044131476348
826,1.66702068237812e-09,1.5769912741677727e-09,9.002940821034711e-11,489.2869819544071,-0.0004465198613134078,209.58592657551134,1.8400123349027965e-13,0.9969386181772603
827,1.666957187246182e-09,1.5770507980370476e-09,8.990638920913426e-11,489.3236759211571,-0.0004423157722797895,209.60610839116026,1.837360292037464e-13,0.9969724452546241
828,1.6668943843437006e-09,1.5771096729719184e-09,8.978471137178134e-11,489.3599698470875,-0.0004451941253406862,209.62607018289822,1.834737553213369e-13,0.9970058985559519
829,1.6668322662256294e-09,1.5771679059517829e-09,8.966436027384538e-11,489.3958680347043,-0.00044226676927619724,209.6458143171193,1.832143794632264e-13,0.9970389822113231
830,1.6667708255247765e-09,1.5772255038830585e-09,8.954532164171779e-11,489.43137474152365,-0.0004425960650967158,209.6653431354727,1.8295786960737461e-13,0.9970717003051818
831,1.6667100549510374e-09,1.5772824735998954e-09,8.942758135114095e-11,489.4664941805125,-0.0004479679260793126,209.68465895510587,1.827041940855722e-13,0.9971040568768402
832,1.6666499472906311e-09,1.5773388218648931e-09,8.931112542573835e-11,489.5012305205286,-0.000447419421136217,209.7037640689055,1.8245332157953142e-13,0.9971360559209781
833,1.666590495405355e-09,1.5773945553697985e-09,8.919594003555613e-11,489.5355878867547,-0.00044749939769956736,209.72266074573753,1.8220522111701923e-13,0.9971677013881353
834,1.6665316922318314e-09,1.5774496807362147e-09,8.908201149561774e-11,489.5695703611299,-0.00044503647489278807,209.74135123068305,1.8195986206803376e-13,0.9971989971851998
835,1.6664735307807776e-09,1.5775042045162865e-09,8.896932626449049e-11,489.6031819827772,-0.0004454656671259617,209.75983774527464,1.8171721414102283e-13,0.99722994717589
836,1.6664160041362586e-09,1.5775581331933936e-09,8.885787094286452e-11,489.6364267484276,-0.00044507358168486834,209.77812248772898,1.8147724737914402e-13,0.9972605551812316
837,1.666359105454973e-09,1.5776114731828291e-09,8.874763227214381e-11,489.66930861283976,-0.00044727256663163465,209.79620763317752,1.8123993215656633e-13,0.9972908249800299
838,1.6663028279655252e-09,1.5776642308324751e-09,8.863859713304956e-11,489.7018314892169,-0.0004448308437573654,209.81409533389655,1.8100523917481277e-13,0.9973207603093351
839,1.6662471649677114e-09,1.5777164124234758e-09,8.853075254423552e-11,489.73399924962064,-0.00044291250789675347,209.8317877195339,1.8077313945914304e-13,0.9973503648649052
840,1.6661921098318136e-09,1.577768024170898e-09,8.842408566091511e-11,489.76581572537884,-0.0004484270747992289,209.84928689733403,1.8054360435497647e-13,0.9973796423016612
841,1.6661376559978927e-09,1.5778190722243919e-09,8.831858377350082e-11,489.79728470749274,-0.00044618423816611077,209.86659495236142,1.8031660552435429e-13,0.9974085962341385
842,1.6660837969750994e-09,1.5778695626688434e-09,8.821423430625538e-11,489.82840994703906,-0.000445330996915955,209.88371394772201,1.8009211494244122e-13,0.9974372302369335
843,1.6660305263409756e-09,1.57791950152502e-09,8.811102481595455e-11,489.85919515556816,-0.00044612307310139753,209.90064592478194,1.798701048940655e-13,0.9974655478451447
844,1.6659778377407766e-09,1.5779688947502146e-09,8.800894299056193e-11,489.8896440055003,-0.0004462927974163088,209.91739290338563,1.7965054797029715e-13,0.9974935525548091
845,1.6659257248867916e-09,1.5780177482388758e-09,8.790797664791528e-11,489.9197601305169,-0.00044239519644842924,209.93395688207147,1.7943341706506425e-13,0.9975212478233336
846,1.665874181557669e-09,1.5780660678232446e-09,8.780811373442454e-11,489.9495471259492,-0.00044340038680694687,209.9503398382846,1.7921868537180645e-13,0.9975486370699227
847,1.6658232015977553e-09,1.5781138592739731e-09,8.77093423237812e-11,489.97900854916224,-0.00044430214899287033,209.96654372858882,1.790063263801654e-13,0.9975757236759993
848,1.66577277891643e-09,1.5781611283007493e-09,8.761165061567952e-11,490.0081479199382,-0.0004475573788451578,209.98257048887706,1.787963138727119e-13,0.9976025109856235
849,1.6657229074874534e-09,1.5782078805529042e-09,8.751502693454886e-11,490.036968720853,-0.0004415854349615016,209.99842203457877,1.785886219217092e-13,0.9976290023059045
850,1.6656735813483204e-09,1.5782541216200224e-09,8.741945972829726e-11,490.065474397651,-0.00044537814362863466,210.01410026086603,1.7838322488591187e-13,0.9976552009074092
851,1.665624794599613e-09,1.5782998570325454e-09,8.732493756706672e-11,490.0936683596173,-0.000447288837244712,210.02960704285812,1.7818009740740024e-13,0.9976811100245663
852,1.6655765414043683e-09,1.5783450922623684e-09,8.723144914199934e-11,490.1215539799453,-0.0004468402161198271,210.04494423582366,1.779792144084499e-13,0.997706732856065
853,1.6655288159874443e-09,1.57838983272343e-09,8.713898326401452e-11,490.1491345961008,-0.00044717633868482463,210.060113675381,1.7778055108843543e-13,0.9977320725652505
854,1.6654816126348973e-09,1.5784340837722987e-09,8.704752886259756e-11,490.17641351018426,-0.0004419864755975072,210.07511717769768,1.775840829207687e-13,0.9977571322805142
855,1.665434925693358e-09,1.5784778507087592e-09,8.695707498459913e-11,490.2033939892889,-0.0004458486937389404,210.0899565396864,1.773897856498708e-13,0.9977819150956797
856,1.6653887495694233e-09,1.5785211387763771e-09,8.686761079304528e-11,490.2300792658545,-0.0004461636022713778,210.1046335392012,1.771976352881776e-13,0.9978064240703856
857,1.66534307872904e-09,1.5785639531630812e-09,8.677912556595898e-11,490.2564725380203,-0.00045062629878106557,210.11914993523027,1.7700760811317814e-13,0.997830662230462
858,1.6652979076969129e-09,1.57860629900172e-09,8.669160869519182e-11,490.2825769699725,-0.0004448759493576635,210.1335074680876,1.76819680664486e-13,0.9978546325683053
859,1.6652532310558943e-09,1.5786481813706274e-09,8.660504968526683e-11,490.30839569229016,-0.0004484967234079673,210.1477078596031,1.7663382974094288e-13,0.9978783380432471
860,1.6652090434464045e-09,1.5786896052941715e-09,8.651943815223168e-11,490.33393180228643,-0.0004486694762429638,210.16175281331027,1.7645003239775429e-13,0.9979017815819191
861,1.665165339565836e-09,1.5787305757433125e-09,8.643476382252264e-11,490.3591883643484,-0.000445213952491153,210.17564401463324,1.7626826594365674e-13,0.9979249660786152
862,1.665122114167979e-09,1.5787710976361396e-09,8.635101653183874e-11,490.3841684102718,-0.0004481950668047667,210.18938313107054,1.7608850793811637e-13,0.9979478943956485
863,1.665079362062441e-09,1.578811175838414e-09,8.626818622402688e-11,490.40887493959485,-0.00044482544222848206,210.20297181237942,1.7591073618855856e-13,0.9979705693637043
864,1.6650370781140808e-09,1.5788508151641041e-09,8.618626294997651e-11,490.43331091992644,-0.00044428187225526735,210.21641169075536,1.7573492874762789e-13,0.9979929937821903
865,1.66499525724244e-09,1.5788900203759139e-09,8.610523686652541e-11,490.45747928727405,-0.0004501326819462542,210.2297043810134,1.7556106391047872e-13,0.9980151704195818
866,1.6649538944211843e-09,1.5789287961858086e-09,8.602509823537504e-11,490.48138294636595,-0.0004468540366148804,210.2428514807645,1.7538912021209555e-13,0.9980371020137633
867,1.66491298467755e-09,1.5789671472555337e-09,8.594583742201643e-11,490.5050247709728,-0.0004497570710457623,210.25585457059321,1.7521907642464287e-13,0.998058791272367
868,1.6648725230917949e-09,1.5790050781971292e-09,8.586744489466566e-11,490.52840760422356,-0.0004467606190806553,210.2687152142306,1.750509115548445e-13,0.9980802408731065
869,1.6648325047966528e-09,1.5790425935734419e-09,8.578991122321009e-11,490.551534258922,-0.0004448393718953285,210.28143495872928,1.7488460484139188e-13,0.9981014534641082
870,1.6647929249767936e-09,1.5790796978986287e-09,8.571322707816361e-11,490.57440751785646,-0.0004494181433025705,210.29401533463277,1.747201357523807e-13,0.9981224316642372
871,1.6647537788682926e-09,1.5791163956386593e-09,8.563738322963233e-11,490.59703013410893,-0.00044311259686497694,210.30645785614632,1.7455748398277626e-13,0.9981431780634213
872,1.6647150617580985e-09,1.5791526912118087e-09,8.556237054628984e-11,490.619404831361,-0.0004473663370590098,210.31876402130467,1.7439662945190662e-13,0.9981636952229711
873,1.6646767689835122e-09,1.5791885889891505e-09,8.548817999436221e-11,490.6415343041967,-0.00044913804220306236,210.33093531213893,1.7423755230098341e-13,0.998183985675895
874,1.6646388959316683e-09,1.579224093295044e-09,8.541480263662246e-11,490.6634212184013,-0.0004470471097698035,210.3429731948408,1.7408023289065012e-13,0.998204051927213
875,1.6646014380390112e-09,1.5792592084076165e-09,8.534222963139494e-11,490.6850682112605,-0.00044524021379527495,210.35487911992692,1.7392465179855754e-13,0.9982238964542656
876,1.6645643907908043e-09,1.5792939385592358e-09,8.527045223156854e-11,490.70647789185176,-0.0004496046407976321,210.36665452239936,1.737707898169658e-13,0.9982435217070197
877,1.6645277497206096e-09,1.5793282879369882e-09,8.519946178362016e-11,490.72765284133834,-0.0004468720428680283,210.3783008219076,1.736186279503731e-13,0.9982629301083707
878,1.6644915104097934e-09,1.579362260683147e-09,8.512924972664687e-11,490.7485956132569,-0.00044964760144679765,210.38981942290587,1.7346814741317056e-13,0.9982821240544425
879,1.6644556684870366e-09,1.579395860895629e-09,8.505980759140732e-11,490.7693087338024,-0.00044451708133920914,210.4012117148108,1.7331932962732294e-13,0.9983011059148823
880,1.6644202196278385e-09,1.579429092628464e-09,8.499112699937295e-11,490.7897947021133,-0.0004466403597635971,210.41247907215745,1.731721562200751e-13,0.9983198780331537
881,1.664385159554031e-09,1.5794619598922427e-09,8.492319966178756e-11,490.81005599055004,-0.0004478251446521227,210.42362285475326,1.7302660902168365e-13,0.998338442726826
882,1.6643504840333058e-09,1.5794944666545683e-09,8.485601737873643e-11,490.83009504497386,-0.00044492821177347054,210.43464440783083,1.7288267006317375e-13,0.9983568022878605
883,1.6643161888787286e-09,1.5795266168405043e-09,8.478957203822428e-11,490.8499142850216,-0.0004495995602313066,210.44554506219913,1.7274032157412084e-13,0.9983749589828927
884,1.664282269948276e-09,1.5795584143330136e-09,8.472385561526194e-11,490.86951610437734,-0.0004478326102966629,210.4563261343933,1.7259954598045658e-13,0.9983929150535132
885,1.6642487231443637e-09,1.5795898629734011e-09,8.465886017096227e-11,490.88890287104357,-0.00044337684734655625,210.4669889268232,1.724603259022992e-13,0.9984106727165435
886,1.664215544413387e-09,1.579620966561741e-09,8.459457785164442e-11,490.9080769276072,-0.00044734041652303087,210.47753472792033,1.7232264415180793e-13,0.9984282341643103
887,1.6641827297452585e-09,1.5796517288573117e-09,8.453100088794702e-11,490.92704059150475,-0.0004444013153995745,210.4879648122831,1.7218648373106093e-13,0.9984456015649157
888,1.6641502751729634e-09,1.579682153579014e-09,8.44681215939498e-11,490.945796155283,-0.0004467468757556603,210.49828044082074,1.7205182782995676e-13,0.9984627770625055
889,1.6641181767721022e-09,1.5797122444057982e-09,8.440593236630414e-11,490.96434588686054,-0.000448559267519914,210.50848286089666,1.7191865982413908e-13,0.9984797627775333
890,1.6640864306604504e-09,1.5797420049770783e-09,8.434442568337158e-11,490.982692029783,-0.0004476738924451686,210.51857330646914,1.7178696327294417e-13,0.9984965608070224
891,1.664055032997516e-09,1.5797714388931443e-09,8.428359410437123e-11,491.000836803478,-0.00044704877848511087,210.52855299823148,1.716567219173713e-13,0.9985131732248251
892,1.6640239799841055e-09,1.579800549715571e-09,8.422343026853511e-11,491.01878240350703,-0.00044804363818861206,210.5384231437506,1.7152791967807535e-13,0.9985296020818781
893,1.663993267861895e-09,1.5798293409676217e-09,8.4163926894272e-11,491.0365310018144,-0.00044889374826699097,210.54818493760382,1.714005406533817e-13,0.9985458494064564
894,1.6639628929129932e-09,1.5798578161346542e-09,8.410507677833966e-11,491.05408474697566,-0.0004488296345848525,210.55783956151515,1.71274569117323e-13,0.9985619172044231
895,1.6639328514595312e-09,1.5798859786645067e-09,8.404687279502457e-11,491.0714457644398,-0.0004502540683773838,210.56738818448986,1.711499895176978e-13,0.9985778074594773
896,1.6639031398632329e-09,1.5799138319679023e-09,8.398930789533052e-11,491.0886161567736,-0.00044708698454942183,210.57683196294704,1.710267864741504e-13,0.9985935221333991
897,1.6638737545250058e-09,1.5799413794188305e-09,8.39323751061746e-11,491.1055980039002,-0.0004465408677249599,210.58617204085198,1.70904944776272e-13,0.9986090631662918
898,1.6638446918845277e-09,1.5799686243549359e-09,8.387606752959145e-11,491.12239336333704,-0.00044585005007977715,210.5954095498468,1.7078444938172293e-13,0.9986244324768211
899,1.6638159484198413e-09,1.579995570077895e-09,8.382037834194512e-11,491.13900427043,-0.00045097922736578365,210.6045456093794,1.7066528541437548e-13,0.9986396319624521
900,1.663787520646951e-09,1.5800222198538025e-09,8.376530079314912e-11,491.15543273858765,-0.0004457755112951311,210.61358132683142,1.7054743816247744e-13,0.998654663499684
