seed,optimized_design_envelope,hydrogel_tau_s,final_leak_conductance_ratio,initial_leak_conductance,mean_channel_radius_um,source_pressure_Pa,zeta_potential_mV,conductivity_S_m,baseline_out_uL_s,peak_leak_uL_s,post_leak_uL_s,leak_reduction_pct,flow_retention_pct,isolation_time_s,expected_sensor_effect_sigma,pass_isolation,pass_retention,pass_sensor,pass_all
0,True,90.0870895595757,0.009979293945049717,5.098703398337508e-12,95.42807200195644,989.9711392413005,-27.208033076635893,0.008728734909681167,1.961081647289643,0.9629698754024048,0.02392495579276556,97.51550319445165,99.29794085657008,220.00839233398438,160.68921259435817,True,True,True,True
1,True,66.35783608589583,0.019591398499295247,6.515691703281463e-12,86.26960440238044,1142.0517800779444,-29.02687875376013,0.009635671161813218,1.377250483976828,1.2478568464290594,0.07886127116248033,93.68026297342084,97.49464443528078,202.77875900268555,295.3794741337199,True,True,True,True
2,True,71.57204602008804,0.02287747302735969,7.898602255120924e-12,92.85523320795896,1075.103493021295,-27.29100225448962,0.009659142759196129,1.9774235588224685,1.020146017640286,0.07913296520162676,92.24297660989058,97.70658231704796,228.80138397216797,205.92224075873156,True,True,True,True
3,True,95.10267530889435,0.009415522753316183,9.398157435415948e-12,88.96756885916645,951.8612946565388,-29.7424298494789,0.009605414442234556,1.5919923935091853,1.2713614361386305,0.055088735784942,95.6669492860931,98.4858294841315,288.99728775024414,329.1816460372491,True,True,True,True
4,True,92.42973727731692,0.02105910620590275,5.613420556079454e-12,99.88155970850973,865.9296260379908,-24.844215232292992,0.009952330977139863,1.910378457606278,1.2275849633526794,0.05730800531527873,95.33164652336863,98.60273875165596,231.2822151184082,146.1311159843845,True,True,True,True
5,True,89.39969012101633,0.009785858081858802,7.45556467767094e-12,88.86798520734916,1048.099753513938,-29.165359129710556,0.008689378552000873,1.5658253497435124,0.8803222812429492,0.034976937205779074,96.02680314345852,98.69723521521362,265.87085723876953,255.81990540161232,True,True,True,True
6,True,91.55123709839354,0.0333035662421701,7.189355436444512e-12,93.08794186826995,1035.2662635282961,-32.59811134082359,0.009857439659039657,1.831727857640743,1.3109065275774943,0.12134786871079391,90.74320966766103,96.68063396337257,280.30189514160156,287.7103764786439,True,True,True,True
7,True,62.03489902307808,0.02256292940754115,9.321385142616797e-12,96.57045559858166,1002.5055799690386,-31.655262189436893,0.008947830098009098,2.125884681711252,1.4546499014715142,0.10208019620813917,92.98249041883717,97.63466187268722,191.09638214111328,259.8220135483583,True,True,True,True
8,True,63.093699482680016,0.02001550501668182,1.1471273485602505e-11,83.79107744505838,977.0040517125756,-26.814968635143252,0.010732083822195208,1.1686894239406491,0.9434065717496176,0.09337835786374434,90.10200260842286,95.61300603149067,237.5625991821289,193.56308793563022,True,True,True,True
9,True,65.81067569436108,0.015633778027750928,9.55008548329421e-12,89.04999085943727,906.0438521954082,-30.969442137737133,0.011248137582054585,1.5217339915211825,1.0926732036517772,0.06275403931020967,94.256833690029,97.85899914835305,206.63278579711914,181.7910040331021,True,True,True,True
10,True,99.83868052593714,0.03159218934147625,6.435697642968878e-12,88.96606343631417,1026.5043712876868,-26.304214953326934,0.007817852335393193,1.6662512839921553,0.935375940885502,0.09429399896953733,89.91913359667227,96.88606892665335,319.7999954223633,196.76769617315458,True,True,True,True
11,True,77.0300830512312,0.022694992416802263,5.0845797423451115e-12,89.61914565988785,1092.2487168198052,-31.75248207446623,0.011175932255618694,1.8411720878031124,1.1013123296143161,0.06681010545640195,93.93359143815277,98.33429178428348,218.3537483215332,272.1335321040974,True,True,True,True
12,True,90.59003519079197,0.01970587354317105,8.155592434640322e-12,77.83873919056465,964.5932857836319,-29.88944931149384,0.009330528749862673,0.8303170343626709,0.6281268017461619,0.07528003387379414,88.01515336321913,95.5105451706066,365.48315048217773,278.21073988123,True,True,True,True
13,True,72.02597099978222,0.018923583176824195,5.791737964989729e-12,91.56603022915385,989.6346994911869,-36.961068343523074,0.008634672737623587,1.6421367885670244,1.0124631582899808,0.051297566844037586,94.93338928690723,98.38239059093223,200.52263259887695,309.1564007045815,True,True,True,True
14,True,58.18075446634712,0.01353987381828878,8.0263166521303e-12,90.93279472888707,1123.7354662242374,-28.03554988214197,0.010746775830772968,1.686977153324483,1.1242822232987155,0.05979817936565761,94.68121276611437,98.25885588843006,185.7125473022461,278.9787897478759,True,True,True,True
15,True,63.93278459357256,0.010251920207637889,6.277642618057284e-12,86.97698980965883,908.421490268438,-30.89956867884744,0.00970599155444611,1.2102824322100914,0.7848220879285787,0.0256161320673099,96.73605872447858,98.82395394164185,182.5167465209961,178.93338294798778,True,True,True,True
16,True,75.5715959888633,0.0304033220497377,7.102488206832924e-12,76.47970183376742,1018.6382756238049,-32.49402478280469,0.010886390771512138,0.7964023474637385,0.8610894618891439,0.11052871874454713,87.16408414730124,93.7829737430546,295.55912017822266,246.89542220520343,True,True,True,True
17,True,62.626853753257826,0.0058480094991875675,7.606515254055768e-12,96.10156688615805,916.6895912912676,-28.677493087600606,0.009796352974966723,1.9897473343447658,1.198834743414975,0.018506155385814564,98.45632139980374,99.49075520923088,162.1072006225586,151.89442924544548,True,True,True,True
18,True,76.05460876328742,0.016009524882031348,1.0146576829111605e-11,85.16460704916837,962.8058916845482,-31.069062187804203,0.012491284141813587,1.3464158399291493,1.084578712490021,0.08289561642702833,92.35688332507347,97.23510961622891,265.66431045532227,247.92549027878593,True,True,True,True
19,True,108.88701162430151,0.011735695721772917,1.0648132662519989e-11,93.20717231794605,944.5372839922007,-25.22283539998003,0.008848678884324434,1.755538388246035,1.323824241328761,0.07336684789997647,94.45796159267064,97.81572485267314,324.0716552734375,206.38936423431292,True,True,True,True
20,True,103.76028234742806,0.024314815317470127,8.668117189614173e-12,89.68220739683595,865.127923719506,-30.588692274128356,0.009429264579961783,1.4103413307583745,0.9628182879827663,0.09940810782572099,89.67529916429045,96.64041298587183,354.9265670776367,279.5804148414429,True,True,True,True
21,True,90.6862366779803,0.030337325037378904,9.017506359767416e-12,100.45235484346121,988.4869113542038,-25.816787901590402,0.008633635104170456,2.4733615070653667,1.3176660510805258,0.1262959606697771,90.41517685257121,97.33729116226442,291.0968017578125,236.54728059842128,True,True,True,True
22,True,131.93120572541804,0.019737795439845118,7.421159561310476e-12,97.90222476767336,986.6727234907188,-29.011157565881287,0.009029079924987549,1.966810221696702,1.2749387977929139,0.10382998416710457,91.85608090781707,97.30961497582462,369.66175079345703,219.55135344112477,True,True,True,True
23,True,119.42516684232375,0.03557580250025962,1.051817017167285e-11,96.86836351534006,1006.266579236442,-32.33852465402057,0.011793981753036338,2.508018035915135,1.5493616209143906,0.21007713158065988,86.44105231826525,95.99009746800374,419.3487358093262,241.009550234903,True,True,True,True
24,True,60.445909896141465,0.018591106757570114,5.770799829224403e-12,86.29845753436487,938.7643213102933,-33.45603954642669,0.008893146379158145,1.208254154567106,0.7256127612472704,0.04075467417076659,94.38341270339394,98.04216761474076,178.83522033691406,164.4642600695117,True,True,True,True
25,True,97.14828089848204,0.008301710552692102,5.861932830911644e-12,79.2144491841382,878.7147624149867,-36.84050796896429,0.00986635994810902,0.7356414170868666,0.5895131383255263,0.024939520590873936,95.76947162505776,98.22940383141263,298.77307891845703,238.26878808093014,True,True,True,True
26,True,95.69596242251154,0.02198586487896097,1.0495653276240136e-11,85.41001997179696,1151.7733460138038,-28.325073707885885,0.01077645322263082,1.496154169364005,1.2725435005172818,0.1498578661639977,88.22375297166019,95.72293500836466,368.4360885620117,325.72385980346996,True,True,True,True
27,True,149.39691680261228,0.019339371230844633,9.306747768105877e-12,92.27422658036309,920.4935958043001,-27.757490767092474,0.009405693080016406,1.6853571614723544,1.33821297887451,0.16465765534185978,87.69570629330292,95.70867409145332,462.84839630126953,258.7140741676767,True,True,True,True
28,True,102.68750611327498,0.01585708591245455,9.62379020741934e-12,85.49725823767393,1094.0059664855949,-28.642597020361706,0.01042354478588784,1.434028059275495,0.8968129653992352,0.08995720307497544,89.96923477406138,96.82716483193107,380.3227424621582,327.6386034482919,True,True,True,True
29,True,106.76860233762154,0.02779342672538172,1.0354586502407375e-11,86.77502624274989,1019.3443170227165,-24.702823033991006,0.008715249183990907,1.3661673316053953,0.9766219033527922,0.15753690943648252,83.8692016945708,94.78073321475694,467.7192687988281,353.5163329456384,True,True,True,True
30,True,104.47992591141697,0.03272751665380153,1.5904638923902224e-11,92.84472578617837,1045.8759531091366,-32.22491419409331,0.008940445655211576,1.9721672917523507,1.570336260596033,0.28543650410478294,81.82322402741669,93.65903293134467,511.5866279602051,429.6995166493347,True,True,True,True
31,True,99.81552444732282,0.023643639319541332,9.035080570769037e-12,98.3030827941763,982.3153090230942,-30.96736817931942,0.009454947928164863,2.2726750847414205,1.3551326989779107,0.10151575357979921,92.50879610119614,97.58915493017406,295.93589782714844,159.69097335356463,True,True,True,True
32,True,75.25624690359281,0.020959635761239454,1.037969013014974e-11,90.53885501538389,858.6850211758688,-30.665437805453816,0.009877655743791368,1.422031785386176,1.115815786936381,0.09662536448731114,91.34038381437416,96.90713865531086,259.29540634155273,282.98691180053964,True,True,True,True
33,True,96.51172752323528,0.01870978446519484,8.168832334416955e-12,86.98338911867961,973.3256427694953,-27.89455446600715,0.01020177635405173,1.4073221638937228,0.8645137986917905,0.07647042973555927,91.15451600063797,97.26896672306651,332.086124420166,274.60951740353835,True,True,True,True
34,True,109.72616746465988,0.02600066042953407,1.1422311853322868e-11,91.97164279230891,984.1469948700374,-27.96298811420753,0.009648077160183626,1.717461157063883,1.3362331435878758,0.15609016433952733,88.31864296372602,95.48424366493441,387.7175712585449,225.86563291276235,True,True,True,True
35,True,96.44898978931853,0.038579849747890915,6.180730493821577e-12,93.42464658028803,1072.148939140399,-30.815353020126327,0.009180523681167632,1.993104384414644,1.2865477398805536,0.13206920982055811,89.73460480892689,96.85208026945499,298.0649185180664,277.2464778601962,True,True,True,True
36,True,64.16176349367589,0.01691734897775749,4.890813152627986e-12,80.7110837116677,912.4353676310621,-28.631433787424278,0.009361829746530614,0.6922252949287283,0.5171424647914372,0.03426829060639756,93.37352993817325,97.40234349231017,209.57891464233398,196.89566652483228,True,True,True,True
37,True,99.86781694510412,0.02051285330504182,6.992123775267576e-12,100.7599706579687,1020.9163533724875,-30.438990380511637,0.00954140181281092,2.760232426941979,1.5899783811208785,0.0835481496089995,94.74532794904412,98.55827689506096,260.8229446411133,216.6124180402674,True,True,True,True
38,True,82.81505052128969,0.024690276173139916,6.8791502700387415e-12,77.42208988882946,1161.0382648223163,-30.097107339705392,0.009321592573064974,1.1245968793548842,1.0385793582139684,0.11442845124523546,88.98221398873008,96.1034831070182,307.25284576416016,452.2754777377953,True,True,True,True
39,True,93.40279481266433,0.0128987986540074,1.0475754681546477e-11,86.4451596270615,912.5837168481477,-28.268619484150715,0.009956496965581967,1.1771975994332415,0.9503384742198787,0.06313196300032421,93.35689707268261,97.19953726731634,312.8863525390625,212.02320938126059,True,True,True,True
40,True,80.02335137070126,0.03373654848662291,8.233269517349414e-12,83.79469957845335,936.9233431455381,-28.02649666232041,0.010832032550258696,1.0127077037803143,1.0142461185295204,0.13908263784274055,86.28709192948295,94.34419026807176,318.61291885375977,211.16972129835403,True,True,True,True
41,True,119.06552733555404,0.03267157431422207,8.438593805718377e-12,103.24617819190269,905.0973897411079,-24.420613419444308,0.011355234967311174,2.6421459410573642,1.7410574891152437,0.1649608134563624,90.52525178015858,97.40688757669952,343.93646240234375,149.88005974698856,True,True,True,True
42,True,85.23902691941508,0.03032476483449259,8.917554876453469e-12,87.36154999836872,1104.8852628596699,-29.283495896484112,0.010554625873952778,1.471749140177552,0.9628755213364438,0.12604270633675785,86.90976107048456,95.34668483995624,333.8973808288574,236.61877621220177,True,True,True,True
43,True,120.1610288416962,0.029514962038807796,4.8875175172113065e-12,87.45711968584112,955.5424172293413,-30.928350161065158,0.011264640500011655,1.4731571241190533,0.7498292169811615,0.0762511212805004,89.83086820923168,97.31598267215543,367.6893424987793,229.0622320976954,True,True,True,True
44,True,74.30987283153581,0.025128677776970632,1.0941002426077496e-11,83.03505758298513,997.0753324686904,-29.072610938292566,0.010537191869724459,1.1852444684427799,0.8987134047783514,0.12189717759146222,86.436479422322,94.80585946958638,316.0866928100586,259.7377932397217,True,True,True,True
45,True,89.45075435743892,0.031959494330503685,1.084807800616904e-11,98.75791842772436,823.9911543437054,-30.331437318291872,0.008235136043221923,1.7748942320793106,1.2470023251442246,0.1333851352204344,89.30353756918556,96.14051876338316,302.1209526062012,205.50803401175068,True,True,True,True
46,True,116.11890989384496,0.02938719669086613,9.22284998376523e-12,105.0,918.2343706452282,-33.9289875737411,0.011979312499573591,2.8600538007255483,1.7220885904202374,0.1454925167170207,91.55139186645928,97.53219662598647,327.31285095214844,149.05235602579006,True,True,True,True
47,True,117.18186432368212,0.0180927103431713,7.179814501446952e-12,93.0158915711502,1032.9731901297287,-22.785364873981933,0.011111057632326119,1.998549452208493,1.3729684776441131,0.0945502105054174,93.1134463722243,97.87921733615134,333.91780853271484,191.33372986727463,True,True,True,True
48,True,86.6953625418086,0.014486632146096023,8.54765916842937e-12,80.97905665812269,962.5830817023648,-32.851522748132545,0.010948502137097686,0.9945496259607212,0.6826060549370166,0.056647668848141,91.70126481615112,97.01733626805314,316.10939025878906,261.8196047712856,True,True,True,True
49,True,98.3221571003239,0.013493638268236312,9.985803532876261e-12,101.54742828851525,1188.6048695387315,-26.34943391863974,0.00882778706721157,3.519331362389083,2.1337655730210945,0.09572567565334902,95.51376791979,98.70918292954917,271.9605827331543,276.1138291791314,True,True,True,True
50,True,92.45952056899277,0.03832250298222435,1.0331577913566046e-11,92.72394419401397,1065.3705578518789,-33.32615680255356,0.012199370778385527,1.7948565441771396,1.6915045985462211,0.2351407547707411,86.09872210972202,94.72811325703768,353.9278793334961,283.20761244153044,True,True,True,True
51,True,69.52276089829957,0.01724218856839207,1.1351866113757286e-11,87.81466036226094,974.2994000325614,-31.355904277395577,0.009546350313484074,1.4472443311874044,0.8696101696416925,0.07569436994912902,91.2955974307065,96.97990600559237,254.37232971191406,270.57446616018456,True,True,True,True
52,True,95.74044630794793,0.02437924943595566,1.2231418678905818e-11,98.03383075826575,800.0,-25.94385932744246,0.00909602004635958,1.799077590722941,1.1741606583454178,0.11034488466108017,90.60223284805215,96.68954790861164,318.77180099487305,173.99806346400476,True,True,True,True
53,True,101.50921140552957,0.017658044693260436,7.442672122933357e-12,85.19187989701862,1028.2670153697352,-34.00527664620741,0.010432239887866155,1.179154533110045,1.1431151993191042,0.08406534304357172,92.64594302537091,96.91865694656936,320.14726638793945,271.0067834185183,True,True,True,True
54,True,66.26574658038366,0.015168064623374049,4.987775345196557e-12,90.13624274156298,1063.1313011342406,-29.723657893369303,0.010242432876199362,1.6806952544733766,0.8130732956465843,0.031075728326134994,96.1779917637779,98.87649384867133,176.6721534729004,154.71227322490353,True,True,True,True
55,True,76.26145348353758,0.014332946024253963,7.665695943986881e-12,88.70607110340073,1062.0248792838408,-32.94322171727694,0.010247019142072503,1.4727582771025263,1.1029314157163954,0.05920657378919568,94.63188980334387,98.0455451868248,236.26203536987305,301.6927628908678,True,True,True,True
56,True,113.49630187481331,0.012329490704355493,7.323771685866855e-12,99.42350958752337,1009.695085535099,-28.37433414878654,0.009495758378222703,2.060105611288776,1.4515213480544296,0.06970866149429182,95.19754486644464,98.49180537381721,307.0372200012207,277.18733103525784,True,True,True,True
57,True,79.27071620632518,0.012629112100485198,7.770250141718764e-12,89.19064269463851,1068.1309335878216,-28.991376557852295,0.01046758313408983,1.8723019716287457,1.0940320581879834,0.04904088122741567,95.5174182638998,98.59463373928969,235.72637557983398,236.695618010804,True,True,True,True
58,True,100.87034125688858,0.02142363520483126,1.1808123654204797e-11,82.159114870542,968.7373275962884,-28.695802853740076,0.011103238732749357,1.1349482390351733,1.0122728260349227,0.13340601227899418,86.82114062060265,94.63713696922078,409.9065971374512,274.9796864333787,True,True,True,True
59,True,82.85106084069874,0.012389266565895982,6.440382004948205e-12,90.8506305699373,1144.3561623406845,-31.801582422384524,0.010792853610753531,2.0544845237881493,1.5037793117616831,0.05597399745523133,96.2777784600815,98.88958304103265,228.05917739868164,317.6482117276974,True,True,True,True
60,True,78.91343207063834,0.007836108363336803,1.0512155792864171e-11,89.41768181041407,958.1547056879683,-25.938560872167606,0.009232627252484518,1.55613181458099,1.0789687282874751,0.03854409297624347,96.42769137179535,98.6885776144034,247.34066009521484,183.91524037895184,True,True,True,True
61,True,79.43484131251044,0.025023965348291703,5.618296829576099e-12,101.58701614294912,873.631689772308,-27.76522954168934,0.010447709674586645,2.2010683784314478,1.0880439316568231,0.058098995963231426,94.66023436436423,98.61833211028588,204.46744918823242,135.59174648622823,True,True,True,True
62,True,86.51241292137195,0.022332473556683,7.623912805593594e-12,88.54505726009094,958.7329032193019,-25.646952684801967,0.009859281758720586,1.2934556959163321,0.9028327421743207,0.07807761931731323,91.35192869398196,96.91723012849252,288.1915283203125,190.99564568973238,True,True,True,True
63,True,81.92943313694704,0.025821212675074378,7.388289148007523e-12,82.43487796637629,911.8045638030311,-31.07446817033503,0.009471654796154133,0.8217395178911024,0.7146893441636778,0.09054272270251844,87.33117774290162,95.2099039998201,327.5874900817871,327.9758618949355,True,True,True,True
64,True,84.42836375198334,0.017299447622598208,7.307721140638569e-12,86.60488185140841,1026.7335334043569,-31.662715625821438,0.009674683574130085,1.2210534028386664,1.043245285768775,0.06786089992073979,93.49521144773422,97.35009714023948,265.3465461730957,258.8364060321506,True,True,True,True
65,True,111.42544510195545,0.02840101168813112,5.123254650710675e-12,91.7481743652668,970.5453452995412,-30.559208228085446,0.009320732506989622,1.8306374294326082,0.9444732688309988,0.07310008884807725,92.26022680995987,97.86781439731655,307.9632759094238,221.34968768262274,True,True,True,True
66,True,79.73506370257824,0.01683234809348764,6.3102035200589876e-12,97.24982299447421,972.7178797582333,-32.1841928205598,0.011147625519646528,2.058283414917215,1.1388829106959069,0.05207977762164579,95.42711747340007,98.74041795798246,218.31743240356445,214.82622732427214,True,True,True,True
67,True,82.93473667317816,0.010436319103245266,5.142215538978512e-12,86.7623860400087,994.8100638673366,-33.655325354910254,0.009779018397805268,1.3473136553951435,0.8652848682915866,0.027932222750681482,96.77190440116783,98.96009440527075,227.3555564880371,234.07902528110537,True,True,True,True
68,True,69.83307879037703,0.020755315337644624,4.997028778898665e-12,82.18051220561495,898.5296034350312,-30.74253617071861,0.01055063078987407,1.0389083731700433,0.5549749506837148,0.040281281343912345,92.74178387794136,97.87547517999035,222.90231704711914,246.3868651280994,True,True,True,True
69,True,75.33236739395107,0.029769582386765372,7.0529279083892556e-12,75.0,872.6662264445671,-32.81378873590106,0.012076727573401353,0.6129852129340058,0.5946450831433318,0.09350940888705364,84.27475286724697,93.59765306361753,348.23081970214844,256.203961138448,True,True,True,True
70,True,89.6483606263809,0.02363661581784371,7.428279943261959e-12,89.23576400427959,941.0356304480619,-31.40082002038943,0.009530492437051188,1.4407295981103503,0.8222153425097324,0.06929546830175967,91.57210225605351,97.227875086897,288.6227798461914,242.95589139933193,True,True,True,True
71,True,77.6085760496428,0.01777105938220723,1.014806947046603e-11,96.09512641810637,1090.3711433748028,-32.79293902067053,0.010583680391142622,2.333380990790303,1.4694803231758946,0.09429141544365299,93.58334957218979,97.94056396112886,243.18248748779297,223.9694580660643,True,True,True,True
72,True,99.87485841453027,0.02757343687170058,7.300240293719545e-12,84.32792517173462,1016.5015824581935,-30.085295551297808,0.009999484790923236,1.0813800290789561,0.8146071099416815,0.10855671898859783,86.67373293656011,95.42303652409512,390.7181739807129,283.8493868691722,True,True,True,True
73,True,110.72871486935857,0.01212101901477701,9.683315980537114e-12,98.89981887945733,986.7280719803607,-32.9303119684667,0.008890541165638349,2.4098313012037487,1.7209903768622339,0.07908298064111843,95.40479820780259,98.39436373450378,299.8557472229004,232.00996934545796,True,True,True,True
74,True,83.48804996688924,0.012050594493829659,6.583759722347855e-12,84.23863860418774,1146.7368583116968,-28.144233968692173,0.009835981059892666,1.2630872526862558,0.873748296523617,0.04635384768592959,94.69482826228587,98.15885529638628,267.02842712402344,277.03751180563836,True,True,True,True
75,True,112.48672138137496,0.020221935213709526,7.952828049895111e-12,85.87726242188077,952.3787786047227,-30.290759819195053,0.00942669508737886,1.2544413019348988,0.7034199664650183,0.07642020103263554,89.13590675899076,96.57938210480785,396.9054985046387,280.1807119567495,True,True,True,True
76,True,79.68385951640725,0.024556392449528598,7.18416749592908e-12,94.03885646613165,1001.1351103456279,-32.03595042625651,0.010298034670173805,1.9052220078902273,1.343192973429791,0.08538590060193389,93.64306527126148,97.72388885628884,224.47071075439453,133.4592861364431,True,True,True,True
77,True,78.60331432866815,0.030059677504478816,8.414903110692403e-12,83.56910178448783,1041.6032908619486,-28.777584923388506,0.00859765233907454,1.248489742403973,1.026190812793567,0.11487916281094586,88.80528247001024,95.10653558611527,281.4957809448242,220.8625415569552,True,True,True,True
78,True,105.99443531360744,0.01351201661019824,1.395583756327033e-11,83.0431264790514,887.7964802944266,-31.654873842968154,0.00996678943604715,0.9768978393055104,0.8221354097334419,0.10312589020460808,87.45633760768871,95.21458566352963,442.27088928222656,356.6672723569277,True,True,True,True
79,True,92.90795352960666,0.013514565706880734,6.298832291286319e-12,85.94201968215968,960.2319363506283,-29.449012986556095,0.009205615826939142,1.408968733404262,0.801252832342174,0.04270288517335649,94.67048558835917,98.43885468299202,281.28923416137695,271.5331558796957,True,True,True,True
80,True,84.95707390457264,0.016252468682018486,7.95401725514833e-12,94.94579616680997,1038.6822195540103,-35.59126873557922,0.010827101781348339,2.1862392243414885,1.4856599477868837,0.07030710629082548,95.26761784245724,98.43076405998157,236.53667449951172,194.33860880513197,True,True,True,True
81,True,97.30553938439951,0.018446630377922043,9.033803932800479e-12,97.24957564100404,939.3864619311755,-32.15859341244408,0.01012121200045466,2.0965191478627894,1.4811852743697358,0.08379024476140506,94.34302742463741,97.9904408302354,273.3905220031738,167.31063552066152,True,True,True,True
82,True,62.348297800439774,0.018645047823054678,9.296052186428034e-12,87.03266691973813,1144.0619661539563,-31.302205831852266,0.008909088528730931,1.5947902844760287,1.7842467888493416,0.11393479181822543,93.6144039865863,97.14242593016635,194.87777709960938,279.59199637930817,True,True,True,True
83,True,75.78288491288306,0.014804564963631448,6.027346776111093e-12,82.9027040093509,904.420357686961,-27.307851939314773,0.010586623317955957,1.1163365842147726,0.6840379993834116,0.03785719795786637,94.46562939602907,98.22533030685183,235.6787109375,194.56695583061213,True,True,True,True
84,True,96.86660051283295,0.010433505815288232,5.799807203194478e-12,83.066166077298,960.4190544891151,-28.027792631104663,0.010874615646399789,1.0726134623443373,0.7541523574044401,0.031012600834572822,95.88775390939458,98.42844089961443,278.7970542907715,142.84255707964982,True,True,True,True
85,True,92.36423061804234,0.015596263290432507,7.576622696684295e-12,81.61480130730679,1119.7568891950784,-27.67856118388226,0.009154673665732676,1.1821739232254929,1.0718831833300009,0.07546426570259114,92.9596557837443,97.11391466176059,303.40789794921875,334.2070834510019,True,True,True,True
86,True,115.34099541822665,0.028869564682371805,6.5707975201048425e-12,85.34008701396937,1042.5031232116878,-29.340540684002484,0.009737787748460793,1.298244614027623,0.669227123229417,0.08373811998437379,87.48733918908012,96.07566022468436,406.68582916259766,220.92796429889708,True,True,True,True
87,True,112.88058361397214,0.023958516060485782,8.127141278441107e-12,85.6169816088257,879.3055405393925,-28.88869263255408,0.009973260037957546,1.031411055667745,0.8114018699786727,0.10120806482239687,87.52676465669754,95.50860640582225,415.18829345703125,273.86434804481576,True,True,True,True
88,True,103.41790099087693,0.01831675052497195,6.1147294162456295e-12,86.3652669958788,1096.2726730070399,-23.72445703099778,0.009881140926108357,1.4226513749578058,0.9359088602178419,0.06545696310469701,93.00605369955989,97.60471475547187,313.83737564086914,206.3774722042914,True,True,True,True
89,True,97.43861212939241,0.020128357187049827,6.761307308353127e-12,86.6941431118687,945.880092928791,-29.8007956049679,0.010940696699120058,1.219946880779749,0.8839540505562797,0.06906131714605593,92.18722770684799,97.24469980603978,309.7382164001465,180.33038118677757,True,True,True,True
90,True,108.83163130845739,0.016795156645342625,9.896223000705141e-12,102.22890882194142,865.4279046747478,-30.31870013093327,0.010044912230014668,2.076935577956469,1.3085154640118628,0.08218319353646503,93.7193563395503,97.93665641804705,314.6976089477539,210.06595187429895,True,True,True,True
91,True,78.67386056242513,0.022099963390916858,5.409227182382193e-12,102.8360377788879,955.3967386348772,-33.418169585480065,0.008263964030261431,2.558382574220217,1.1729294243692323,0.058358645025933666,95.02453908875913,98.89084804381858,204.59455490112305,276.95132815009254,True,True,True,True
92,True,85.05901064604765,0.023418283068834464,9.288133978500181e-12,99.81291497001462,1116.7719480140477,-30.312600181961535,0.011562371510445786,3.1067590264274187,1.8445844929035629,0.12914086167010866,92.99891860920788,98.07638060208677,252.82663345336914,242.69904660223187,True,True,True,True
93,True,96.62739758526459,0.032815634046533426,4.33630726224446e-12,85.93571656983909,880.2116566318573,-31.686121081792148,0.011433645452790906,1.1356952009930592,0.5543239616325901,0.0507576268614145,90.84332802213284,97.34187556320076,292.39282608032227,115.85178472675224,True,True,True,True
94,True,115.31947232262024,0.02902046433950673,9.10704790851713e-12,96.92932407551204,1029.9364553060695,-30.176876528178834,0.009611525684368821,2.1898502893884357,1.500794366197181,0.15596076018353125,89.60811929360345,96.56558143719934,365.2834129333496,262.7630476421264,True,True,True,True
95,True,66.13427984343791,0.016122932978061007,8.474846202409094e-12,89.2584318984643,894.9196134164404,-27.221629180137487,0.01082825449858307,1.5142454438348483,0.9859811217188713,0.052000674239358016,94.72599696952567,98.07116020113695,198.30963134765625,150.06837084567036,True,True,True,True
96,True,79.54506663832362,0.016588860406277522,1.152927961651433e-11,89.9083591167051,996.6946371660023,-27.468409716280643,0.00965656572627791,1.8221090406886142,1.0319731336181444,0.07846588868682726,92.39651826867602,97.5182119992312,273.26568603515625,233.24060688827643,True,True,True,True
97,True,71.67463807110474,0.014655641149684389,1.0708602533765067e-11,94.51347933575018,1059.1929065835213,-32.870618569818134,0.009787858737541018,1.8983103396290324,1.6693545566929098,0.09190875254194972,94.49435399008188,97.90326141151782,224.18699264526367,275.1945879234451,True,True,True,True
98,True,88.75016353316657,0.01240105671417753,1.068265649427962e-11,99.00079765644803,950.2772882782226,-29.32405256014289,0.009113257577858594,2.2203182550271254,1.433699553738383,0.06418931438535472,95.52281967180777,98.49579961228014,259.4588279724121,236.25195052479063,True,True,True,True
99,True,88.08822928881578,0.01860990214071133,4.502797350603194e-12,81.22448067125849,978.3846728875302,-27.862436301690387,0.009584066463048492,0.9505336483804732,0.5800615848101225,0.03609028098694291,93.77819839616569,97.84906265998829,263.8394355773926,196.04589593785684,True,True,True,True
100,True,120.38024272501545,0.010788749788861147,6.076103205470796e-12,91.63818284789996,914.4470358981748,-30.431271405786582,0.00811824981000018,1.48774808416603,0.9230464798165732,0.04405156129988768,95.22759013081968,98.39565050032517,319.883975982666,234.32273187465674,True,True,True,True
101,True,139.063959573711,0.03038259840311134,7.446362405613777e-12,91.75170414650283,947.0788605378199,-32.152858242924246,0.010178960409572148,1.7786824239443717,1.1021287024857835,0.14505289410854338,86.83884252525267,96.05938625107538,448.67156982421875,199.53093935546966,True,True,True,True
102,True,94.5295480794937,0.013993214828277152,1.325690521524658e-11,85.14483801036143,969.6425605786286,-28.90432838705437,0.00827191984190067,1.3067932900164503,0.7547801431698836,0.08065674216177926,89.3138759820785,96.52645852669919,380.8901786804199,298.02576212115673,True,True,True,True
103,True,66.83420879163585,0.02209015332921198,6.071866528963568e-12,87.81044187642942,995.0919471492169,-33.74176371101105,0.010324113228967128,1.3482706282739851,1.0692136511796606,0.06908752280530073,93.53847355679787,97.63184660805983,198.68867874145508,257.93006253471816,True,True,True,True
104,True,77.24596353426543,0.01137708202447979,1.1829535185404446e-11,96.30440784446115,905.7669531537992,-29.565479703976337,0.009571050116375662,1.885387302953786,1.1884717819245467,0.05880785073816669,95.0518092534821,98.38612113603183,247.24533081054688,314.3378152349884,True,True,True,True
105,True,114.90155731720964,0.0227393208163917,1.078955766613332e-11,95.58746336096591,1137.2934527869984,-31.48890501444785,0.011085043649643056,2.6270864251426227,1.8020393758998725,0.17119315794829,90.50003233903796,96.93921967028545,366.5794372558594,268.8287421064097,True,True,True,True
106,True,84.21591334670107,0.04148023834525276,5.693029559144551e-12,94.09989477338466,899.4976118948517,-32.09388351225413,0.010767329495596124,1.7623175542290754,0.8866032367763199,0.0921260520348093,89.60910041680215,97.14865132307602,261.73084259033203,164.88856551080082,True,True,True,True
107,True,100.34584674111485,0.027738131807263526,6.078850109229626e-12,86.89590888310882,948.0178158185679,-33.50374890588685,0.008085985978715458,1.2291309875262801,0.6927450464320498,0.07100855866996289,89.74968366274302,96.7591017419473,334.8347854614258,240.2385820760033,True,True,True,True
108,True,70.35003104903396,0.021949597487102818,1.403288049857024e-11,88.64603989636109,912.7347158405651,-32.3083131183484,0.01241812781108772,1.328026239418324,1.1439838754398206,0.12718414286451862,88.88234829222388,95.14485924845879,273.96703720092773,215.8125196255566,True,True,True,True
109,True,88.45949201453979,0.016794956909156274,9.69233437574676e-12,80.15326673557557,1125.4822627925623,-27.077780712931318,0.009839507308782181,1.221892367480925,1.0469493084454085,0.09930410963489852,90.51490756679013,96.33869441552208,329.66657638549805,299.37867909871073,True,True,True,True
110,True,96.64935240162106,0.011062089253203922,4.760492152784068e-12,96.29587358525914,1009.6373604325473,-30.380274020666818,0.009272579121893576,1.9962577813780924,1.118817038880533,0.03151935786688276,97.18279604514957,99.22010828663166,234.45077896118164,189.31762563619816,True,True,True,True
111,True,87.36398791103582,0.013039618637704637,1.2972944544144834e-11,98.81012964546152,1170.926221771382,-27.29794526988219,0.01020747519546132,2.94459361319342,2.6140744227996047,0.11988874890153278,95.41372090037379,98.27876475616208,255.1735496520996,274.3935928943976,True,True,True,True
112,True,79.26625810524722,0.02139416866784155,9.217692253172867e-12,82.58132985624202,1004.4346489533057,-34.66248548539471,0.007893006098370401,1.0464744886268529,0.7905638194289029,0.08510808988012668,89.23450734924752,95.60333559559358,302.2662162780762,394.71247039129275,True,True,True,True
113,True,95.58580125728074,0.0037616176777168844,8.592090304813039e-12,79.18430750847779,920.5290285066134,-28.75054578905432,0.011119434080834125,0.8653522839359292,0.6621105588282237,0.02062541435167191,96.88489874135614,98.72895112831934,314.36168670654297,222.00802650766727,True,True,True,True
114,True,78.70459689168534,0.027269493712538045,7.50679395771512e-12,85.89623608727739,930.8615116930973,-29.2636169798749,0.008835675095852832,1.280162605405153,0.8193509334036381,0.08053432446063595,90.1709607962377,96.52344273922196,268.4356689453125,236.00712751617584,True,True,True,True
115,True,76.8735410027095,0.021295557755524754,1.0587589460792041e-11,93.24140771001815,1020.8344339594462,-26.431684276594172,0.010390080625280832,1.8343009853636976,1.2886045260962777,0.10918563587982658,91.52683126058888,97.00649317554713,260.4597854614258,217.57840292687823,True,True,True,True
116,True,106.97463422638705,0.035037477218173775,8.10215522168878e-12,93.4742036803269,1100.4553087301863,-27.248163783180033,0.011385017663055242,1.9307396948784354,1.439746444004393,0.1850088543817765,87.14990023748848,96.07827790818688,380.1865577697754,281.6162463529728,True,True,True,True
117,True,81.57878666174999,0.02144989875184324,6.908726875261266e-12,91.99358516038956,962.7375021998761,-29.25917796200645,0.011137758726407591,1.6531552991490668,0.9957431049892937,0.06515881124776826,93.45626287329713,97.88541864232995,242.46070861816406,156.51801653513897,True,True,True,True
118,True,56.67881047947372,0.013327302265960683,4.571127668185586e-12,92.7121741409691,888.8051266748117,-34.638825661981436,0.009345583268488392,1.3569686604052063,0.7074738601693614,0.024651618662498688,96.51554353448518,99.02710612000696,153.07815551757812,227.37361305124085,True,True,True,True
119,True,74.68695189403807,0.023634954260457183,9.334005691301767e-12,97.2206765171633,973.1028699607122,-30.096897305631153,0.009473806179506016,2.260707073942249,1.3739704907288306,0.09428774983417662,93.13757096892516,97.72180941096136,222.18961715698242,200.5502879854516,True,True,True,True
120,True,70.92400628109353,0.023685630087562977,9.310635219474334e-12,89.09275413477808,1148.7478978469053,-29.149365864523286,0.010017814356384293,1.8354470540479664,1.140260817623703,0.11967385733424128,89.50469440985958,96.80769591570738,262.30735778808594,316.9021338638598,True,True,True,True
121,True,96.19541610792307,0.019481657445952868,6.334521844059066e-12,88.57450552502304,1043.1648943052148,-26.011308636544147,0.010503274222816217,1.5203468304496581,0.9532249795885465,0.06549803893148957,93.12879537003307,97.77862809945609,291.6438102722168,161.01990419720087,True,True,True,True
122,True,81.14996342056443,0.014696124466516122,6.817774978093718e-12,83.64739783543396,1007.9171792940199,-30.21929111218167,0.012819620747809516,1.3017772844571647,0.9671572856501648,0.04922046479137789,94.91081073144274,98.05050176676994,242.1384048461914,128.99158385283343,True,True,True,True
123,True,103.1195191465071,0.02215475245140995,1.1124624103326722e-11,89.05179861735259,854.2458938813004,-32.117016505532675,0.009682806957423327,1.2821537422890972,1.0002466349262582,0.11334292782611873,88.66850196057148,95.7586147373001,379.0721130371094,255.70098697157636,True,True,True,True
124,True,91.62281974196465,0.031082898729316,8.167784815974199e-12,87.21067766802875,931.0473251576625,-31.47137236429119,0.009867526101739526,1.2853394981557904,0.950255338787612,0.1090281261360329,88.52643898058632,95.6008544465239,323.8242530822754,250.75465057386177,True,True,True,True
125,True,76.25823928190583,0.014743482723909917,8.639431997404119e-12,79.54664392294843,987.2087536211054,-26.633109267336923,0.010237671087424398,0.9112519339817244,0.7879406373372349,0.0663205675296397,91.58305024681005,96.74010307904453,283.93348693847656,281.7769784103189,True,True,True,True
126,True,68.19977161500589,0.02896704161144974,6.305161055725295e-12,89.4617792424941,989.0374227542989,-31.705132269330804,0.011773242792815133,1.602389351785616,0.8209428332067935,0.07139993530664061,91.30269095258,97.40681950308449,215.99775314331055,163.234097393911,True,True,True,True
127,True,93.62809961860782,0.02468495788917801,9.444407249659691e-12,98.80875270489986,949.0105570189364,-34.000070087934986,0.010414064088403804,2.2101116223478097,1.353454919143154,0.11341022732819946,91.62068675327603,97.48411914109825,294.5354652404785,253.6131827828276,True,True,True,True
128,True,95.01734371649447,0.014799069961672575,8.317158817223718e-12,90.69741241978055,1149.6931966884952,-30.08016266052527,0.00929344933255542,1.8816861661202222,1.4412390532154904,0.08293660461997036,94.24546507847302,97.98394759470612,287.97136306762695,313.38205990228545,True,True,True,True
129,True,108.64746844025318,0.014889545383075149,1.066059145883588e-11,87.46009812181775,999.6117327430691,-28.943114303806738,0.011328305208971642,1.5313090538252676,0.9728984049972561,0.08793823147647427,90.9612112606226,96.94557727538205,378.70214462280273,241.04701982317053,True,True,True,True
130,True,77.89956695399648,0.01701364740463398,4.483949992808748e-12,83.33314066311824,1094.8670704145663,-35.41533648694155,0.010995060591895953,1.1039398239626008,0.73789926937598,0.03789689691740117,94.86421812702844,98.13659896289938,224.22330856323242,222.9728428827838,True,True,True,True
131,True,107.37544461835864,0.024724366225149664,7.320507857159661e-12,92.3529759623128,1041.8791091774447,-34.9642319773128,0.01074338746873002,1.8616106693067356,1.025831408326154,0.10271853193282363,89.98680181761746,97.29226258082929,355.69828033447266,327.45128805887435,True,True,True,True
132,True,91.05752723994716,0.004116306049778088,1.5681163898021055e-11,87.62763926275262,963.5408967875259,-38.76682966096138,0.011470932950538307,1.5921990889367823,1.2908285621271427,0.044433440970801194,96.55775815050298,98.72863673810221,313.5150718688965,358.4853246376668,True,True,True,True
133,True,97.7016052037951,0.015433890193755052,6.7714936594538754e-12,90.64202564071782,844.3551957442668,-31.40746091175854,0.010395486654871207,1.4189756027319396,0.9618537154752995,0.047072224796600434,95.10609315748812,98.27963437848594,270.6690979003906,172.52790021115365,True,True,True,True
134,True,87.12497432577962,0.024514277030892283,6.162224052991787e-12,92.49072372415547,927.1176628828649,-33.49239409397278,0.010260962588521057,1.7052900860283389,1.1127125403363158,0.07296033474540925,93.44302035785836,97.94989473951553,246.5439796447754,201.75962486321941,True,True,True,True
135,True,131.29188712712684,0.01608322182221379,1.2980682405277473e-11,95.6848242879628,1059.8351016067518,-35.666746365193156,0.008442414495237475,2.1987975923905734,1.789775701163331,0.18889333633552155,89.44597715720784,96.22184551943074,429.5240020751953,480.0500676169477,True,True,True,True
136,True,106.26238633875232,0.007873641892616069,1.0131238241755625e-11,87.35322227823232,896.1124158846127,-26.65928354271379,0.00926326506040795,1.1923243476536538,0.827098989891991,0.04754892086215972,94.25112091258036,97.90942753287693,352.1892547607422,223.3879332548729,True,True,True,True
137,True,84.00713913659665,0.010711851861033298,1.0960528980663274e-11,85.33879765628143,938.4808521342094,-28.882586359409405,0.009138030220234418,1.170402503819902,0.8612708440729643,0.056932845416287514,93.38966995015747,97.60449329218503,301.8168067932129,267.9290488110874,True,True,True,True
138,True,66.74896668851454,0.02278457270635112,1.0237268149973276e-11,105.0,934.2778901087323,-28.486198422355766,0.010092932221125646,2.620846538016419,1.558217161013629,0.09667257027333206,93.79595009655483,98.00618071600597,192.7828025817871,145.85545433006612,True,True,True,True
139,True,85.15060925610186,0.019443253127178258,8.901003412560627e-12,90.41594299203469,960.9417165653623,-26.619258340348903,0.008998381823526375,1.709999975699647,1.0958999642088887,0.06999875902376305,93.61266891962224,97.62937391893391,256.26529693603516,198.38084497086058,True,True,True,True
140,True,78.70801444151783,0.021099112014739817,7.546073742838622e-12,78.01913909272444,1016.0312709430123,-24.36555164202663,0.010301181780948594,0.8463677072647792,0.6651410330087735,0.07071639585815408,89.36821029695497,95.54902211533503,299.3609428405762,183.71736964805243,True,True,True,True
141,True,88.16113472524094,0.023368597223789346,1.0080798463542478e-11,87.41754753452709,1091.741031438607,-26.984281959816197,0.009805811470011144,1.5196417453743287,1.307709434907609,0.1379771836102558,89.4489417964623,95.98453381010248,320.70335388183594,284.7973206594487,True,True,True,True
142,True,77.08341583147634,0.03204338147224038,1.0014313914401397e-11,85.56310205097039,1045.2852634306937,-23.90674870618966,0.009465681525619303,1.3517324179142969,0.9566894238155137,0.14203195796533807,85.15380703187043,94.48092907425479,332.231388092041,242.64614711886063,True,True,True,True
143,True,119.64490951774769,0.003,1.0807665385952723e-11,97.3367756056043,941.5833518704953,-34.50230216538129,0.010857320354125108,1.9693476988355647,1.6725387219600847,0.058748003497935464,96.48749516369418,98.80168544458672,338.7591743469238,285.3265246993289,True,True,True,True
144,True,99.23300645811635,0.013305499460806506,1.2402969765243892e-11,92.6251466284607,998.3539803367687,-30.3603095513907,0.008711961128097027,1.8556986611703794,1.4569359058099298,0.09750101436612936,93.30780345399428,97.51469143888185,324.18514251708984,292.4985014030033,True,True,True,True
145,True,69.11816133676902,0.030136164318594796,6.284192091847102e-12,82.18687848306207,916.2430582014898,-27.824473618772366,0.01029550625922428,0.9473324330245995,0.6410305070774327,0.06949347665850567,89.15909993498776,95.84087480381373,244.66463088989258,155.91440997089308,True,True,True,True
146,True,112.7338049509087,0.022492119946467746,7.73148880391005e-12,96.24269191395656,1023.872309376167,-29.02365003646821,0.008068730238765537,2.0792366091393113,1.2850123574259638,0.09617139036115563,92.51591708006617,97.52418156575897,323.77431869506836,243.4264321784502,True,True,True,True
147,True,68.44466537234779,0.024024613737375324,6.056658456504911e-12,93.6689838199237,978.5097529771011,-29.824637235734237,0.010353648288542556,1.6945519958895428,1.0854191402357471,0.07687049903243078,92.91789722671236,98.01829414120564,206.8007469177246,279.50919759331464,True,True,True,True
148,True,77.24270786890848,0.026362317590724688,3.890042642242056e-12,89.91931793401511,903.265079330949,-26.969686081656288,0.008583042747366501,1.3193850599426946,0.6352926912153541,0.03628324297235514,94.28873596783507,98.34355956970337,202.2975730895996,134.67753301545355,True,True,True,True
149,True,77.51159002920859,0.018472212131469386,9.220795333828748e-12,99.29207090790281,834.2100868633172,-33.616072766134444,0.010540694678878179,1.7964643594641967,1.1451870903242047,0.06673383452217509,94.17266968113634,98.0591155818777,230.02931594848633,219.87393457640732,True,True,True,True
150,True,68.64904300690044,0.024924334856421156,7.87987563799288e-12,85.78166897945478,1040.910439739826,-28.75801175347964,0.00882517801619815,1.3405212816431293,0.8669321319783764,0.08272070266885836,90.45822624199127,96.50221533774157,238.35020065307617,183.4031596860998,True,True,True,True
151,True,110.98638199681182,0.027205075209794587,7.823949976371816e-12,83.36249206083622,911.7483435662601,-21.185991377273577,0.012017150629838918,1.1339270376102475,0.9384672672827229,0.11119353155392138,88.15158126123292,95.47785461277883,389.93738174438477,158.2623601357726,True,True,True,True
152,True,94.44386877507844,0.027311453343882658,8.103868723831988e-12,87.92019157055014,1107.8747270124186,-32.38820201587271,0.009722854473792248,1.4345417261712654,1.384135287399504,0.14321561148565798,89.65306261682487,95.94368159173729,322.71434783935547,433.5788489447726,True,True,True,True
153,True,78.68234777318811,0.02169166839924478,6.475386079274623e-12,85.5824899587445,1008.8319289551412,-24.720178771461576,0.010540505231548066,1.0477199233152164,0.8565999132340311,0.07464103572232698,91.28635964478153,96.80332902462138,268.33126068115234,241.17325644524556,True,True,True,True
154,True,82.19112185827143,0.029540713599106528,7.864511683729405e-12,89.44002629628362,1018.5683107062755,-27.489473222105406,0.01037630161592512,1.4988500070179245,1.2361558549517349,0.11422576501362726,90.7595984312118,96.2191559955866,263.92114639282227,193.22682662384562,True,True,True,True
155,True,82.59901554971422,0.009918165980219953,6.666476698178344e-12,93.23268582604764,1000.9590329003497,-30.339935961656558,0.01036783728728196,1.6246228064330317,0.9885709877280723,0.03252348204498536,96.71005092717412,98.93491969473999,231.98129653930664,166.06698653507735,True,True,True,True
156,True,73.52987907283837,0.03589608593304447,7.63078875987034e-12,91.77551745549468,990.3501431390348,-31.032413202177416,0.009487190994152505,1.6443045656743518,1.2363118343891908,0.13384168117088027,89.1741163153222,96.16548022666277,246.98884963989258,274.80764941953316,True,True,True,True
157,True,110.08678252845259,0.0354442461890466,6.104932927445686e-12,85.26683222066038,1067.0812461035232,-25.2442748050595,0.009135734027092635,1.1260182006155242,0.9414683572196847,0.11981335375049987,87.27377794147762,94.7722243673471,383.9021301269531,242.36734921031967,True,True,True,True
158,True,139.63387137186493,0.020520435384998807,7.348106108924647e-12,87.46868941774697,825.0747230288983,-29.158827959649326,0.009793254701182969,1.146813494388806,0.9074780821799339,0.10063933429718208,88.90999834889374,95.8321456053556,432.03433990478516,192.65561126025386,True,True,True,True
159,True,61.613925102866276,0.01880689354641975,5.682871077561179e-12,100.02734984967996,844.5075929444099,-28.790131216569588,0.009330260884273281,1.9377137005746998,0.8314683179375377,0.035924005728967534,95.67944984144708,98.90020266595874,161.46713256835938,128.69475027764628,True,True,True,True
160,True,76.69700493400809,0.023076513293133587,1.0147577945190266e-11,83.22654227861585,867.5527847609546,-30.23139218277036,0.009120661174378855,0.9666598928332106,0.5542181588480286,0.07559456580686268,86.36014273440806,95.41168017067794,332.7783966064453,237.79840473297264,True,True,True,True
161,True,80.56422091337323,0.019579902185078817,1.115982090955143e-11,84.92810820992453,985.8376451439873,-25.33939080583759,0.009539895841039247,1.2472751478246147,0.9807529627396326,0.10342480193442195,89.45455115980324,95.9372711538623,309.860782623291,261.2182140691267,True,True,True,True
162,True,83.29843534073581,0.02011726368386211,9.4093019642457e-12,86.66365105265498,1008.4501194874885,-27.883481674755675,0.01054238468971078,1.4376253881068206,1.0707419992413547,0.09315482620139337,91.29997457208219,96.78564491713675,287.72396087646484,242.72294322917062,True,True,True,True
163,True,82.99531681498145,0.011744688678822853,6.971299828885984e-12,89.28319326819631,1028.653587208023,-34.49589890684039,0.009379492659021835,1.5995977311520841,1.0078058980101592,0.038253667525992845,96.20426238807275,98.65563830730945,234.080810546875,209.58179275475092,True,True,True,True
164,True,100.93523241121746,0.016205221102881744,1.424943302024781e-11,90.82302836114593,974.5004456845536,-28.468438280610265,0.010697437252703779,1.744876985115431,1.2872143906889904,0.12069519187935211,90.62353616053429,96.52412285213629,363.1612014770508,221.9441466796623,True,True,True,True
165,True,55.69639213876464,0.01667924600553805,6.732294241949082e-12,93.51147895331948,928.3408518153293,-29.24941182696352,0.008909483198973393,1.5945365326592609,0.8049080745044863,0.04509702416435075,94.39724540071074,98.44455893514727,170.8184814453125,238.9229143637977,True,True,True,True
166,True,78.76724546768628,0.011469272223273107,4.307320304293678e-12,82.0993694967425,928.2447923358964,-34.25617679729963,0.011120974528466582,0.981467559048178,0.45030697462961133,0.019791276485914843,95.60493672073508,98.84402367270718,239.3874740600586,235.69058907420052,True,True,True,True
167,True,86.22005456303323,0.021204002151714498,8.856740338112356e-12,88.04529489510458,1072.1399465952923,-28.99054321038668,0.010094970245634593,1.639207989019685,1.2166678418574344,0.1114643506897186,90.83855536778627,97.07223809803354,299.7831153869629,358.98855481382265,True,True,True,True
168,True,91.60231380599758,0.021316568582238533,6.302647470316495e-12,91.77375639061523,927.4573447129276,-26.53498910225197,0.010160290764612999,1.530649229589243,1.006409322945085,0.06570989499553168,93.47085788084286,97.92038513595237,267.4959945678711,212.89518451537836,True,True,True,True
169,True,109.52670605668335,0.022783067173070146,1.0477582784908542e-11,84.05431848263324,1082.8650997125915,-29.35905179086894,0.009277902137661827,1.3199644996200524,1.1075711657094318,0.14934604603305707,86.51589616479438,94.87604954393102,431.4010810852051,325.3935770982664,True,True,True,True
170,True,112.57340474980079,0.02409970247112287,9.906187982360614e-12,95.28964368777837,924.2606849878216,-29.015281766077685,0.010665504718271431,1.9706848646814197,1.5384625843793789,0.1324317958093916,91.39193912455043,96.83561319617104,340.7338523864746,189.86595379384912,True,True,True,True
171,True,66.89308744375126,0.017243574455547486,3.312954925658906e-12,93.27831863148796,1060.9217004807879,-27.41483234796182,0.009420672150540082,1.700357426772927,0.8976629909498114,0.030622037634841327,96.58869331323994,99.11758739464598,161.9914436340332,183.86368432201365,True,True,True,True
172,True,94.94559263374776,0.021826726238105817,1.0073295429490153e-11,82.08436502534859,928.1675576119467,-30.826273481170865,0.010925307623360591,0.8892628687853559,0.8223688808537477,0.11128611058176699,86.46761651945845,94.5869389172189,398.6690902709961,313.99188363596954,True,True,True,True
173,True,110.95430758705332,0.02142308129931473,9.91242596908604e-12,98.58135340154153,1005.2662585609005,-30.860647393638448,0.010283249994297321,2.29771849052021,1.8101451847132148,0.13956853997143995,92.28964940767709,97.37763528895103,329.4078254699707,291.7375206741465,True,True,True,True
174,True,61.80190867136115,0.021987255217665584,1.2345072042260026e-11,80.81589074409507,1027.0169051982843,-30.97384635043307,0.009328773524839894,1.072609824347934,1.0691691638960406,0.12301086276974635,88.49472404147009,94.10772889145362,246.73917770385742,294.6934095113253,True,True,True,True
175,True,55.39441389035434,0.021311190057590395,7.469098240178393e-12,94.74117086139616,945.0460614476483,-33.409020098200536,0.009441249556881309,1.96091926259047,1.059612482086531,0.06246091824938135,94.10530554279742,98.18881126036896,160.84749221801758,202.35144036591637,True,True,True,True
176,True,86.14314825647898,0.017909374586622572,8.614436856800083e-12,89.14840467713586,996.252249144064,-31.67593194912178,0.010854794869440855,1.6398893442627704,0.9916812811231444,0.06318701310580997,93.62829426060695,97.72040070899543,264.74279403686523,179.07720445251437,True,True,True,True
177,True,123.71818162445894,0.007184924830512016,7.308695237072138e-12,87.05069169650467,1106.6496832624043,-31.560178697996932,0.009781974123101845,1.6658550200709477,1.4362653252061943,0.06859110092347769,95.22434332154955,98.24570703968153,343.01721572875977,311.7140639125941,True,True,True,True
178,True,85.86758426293297,0.01691801739006105,6.659706437798797e-12,87.7524465256264,936.2822999593313,-27.624244320735382,0.010637186969243002,1.2662190179466468,0.743417444212847,0.04555602943301494,93.87207957149148,97.94027437865257,263.81446838378906,199.98173713287005,True,True,True,True
179,True,87.48293221980722,0.017455822024920048,4.747236306473417e-12,95.6463014118302,992.8247869948227,-33.59636990782426,0.011664426782080966,2.0031760470968845,1.1449092232857612,0.04432252208431997,96.12873045453163,98.9326850806879,216.53114318847656,159.531654877074,True,True,True,True
180,True,104.48001586736154,0.01185015118488228,1.0096855588623532e-11,86.16301138891917,1021.5780700612032,-32.650966255810324,0.008745400046894386,1.412937498266916,0.9352279516130024,0.06606570057514259,92.93587189506066,97.41575397100897,349.97398376464844,233.65326916037364,True,True,True,True
181,True,89.89980138290599,0.0202251782897409,9.438803502629745e-12,87.22630801575545,951.4459486316513,-27.34676946661656,0.009354411494289545,1.3966566966587148,1.0309529230868895,0.08359305978245873,91.89167052049636,96.76965127232302,296.0516548156738,223.10873460064704,True,True,True,True
182,True,80.2595171267451,0.0036212328521696806,5.0872858996336235e-12,83.7317335152084,1095.1064765652004,-27.424962853696332,0.01021008550607788,1.1883641832802132,0.9247171601690336,0.012907601448296838,98.60415681634616,99.51574818887751,222.81152725219727,204.48960988797623,True,True,True,True
183,True,80.000134881667,0.026203417120189917,5.930085426015195e-12,92.14997720581027,944.1680067291016,-25.51350056303751,0.0098621292624105,1.721903647542829,0.8514199603620367,0.06291101488390945,92.61104768354753,97.95753983654024,237.62388229370117,138.79806518815775,True,True,True,True
184,True,79.16778047762624,0.0376000022861125,8.239693684570086e-12,85.95960246843352,966.5066572789513,-33.422554339101936,0.009236962898337503,1.2691705141404994,0.7711587548105069,0.11475150640023099,85.11960012326796,94.82018370149184,329.1399955749512,223.501174026318,True,True,True,True
185,True,99.22168621258363,0.024270315103988145,6.566808628249535e-12,91.73779208650544,1039.9608567409887,-27.534708455734307,0.008359519746247535,1.6619826420004729,1.2611520218177963,0.08901559524900896,92.94172362181176,97.38249308110419,284.14684295654297,208.72295708914854,True,True,True,True
186,True,104.13888187229186,0.015377623553525576,5.5464613022697615e-12,89.4189198851108,1070.5871019911503,-31.425855525679918,0.00948973490524009,1.744507306171462,0.8929430391953423,0.04663228971436372,94.77768595896269,98.49378951125092,289.7894287109375,221.2847696299449,True,True,True,True
187,True,72.07441305307637,0.021634728319778626,4.881878867519193e-12,91.82959434102314,925.7219337499891,-30.84783599984024,0.008758252602613956,1.2378087147244063,0.7647203316913508,0.042486090119969865,94.44423165446611,98.09435847356092,200.1957893371582,186.77596904246735,True,True,True,True
188,True,94.69282233299508,0.02097955461723306,1.0414846314610228e-11,86.08343088404398,1017.4433177315485,-27.177642733832002,0.010759269119945163,1.4016069028658942,0.981894965041758,0.1144599764724479,88.34295107444817,96.11177736176091,367.16957092285156,258.2599722655568,True,True,True,True
189,True,76.67706447405845,0.01453993187304331,7.2499938908463916e-12,91.24088870559943,906.4437952119749,-31.962788281245505,0.010011309828355072,1.4257489473514782,0.9579660628192528,0.044500179814608014,95.35472272539114,98.33822036333649,222.51419067382812,195.76827873272654,True,True,True,True
190,True,117.67218992527135,0.012769492925618579,4.421696237625324e-12,84.42294583189987,878.3842283108937,-31.5568814278632,0.009671772740337274,1.1508928896787283,0.5442430032683587,0.026983230487950857,95.04206203370413,98.53764784569991,312.43921279907227,122.01991496411627,True,True,True,True
191,True,69.03809704776364,0.02274895163800646,1.0463089488191189e-11,92.95220213994915,1049.6518783945833,-29.75484909297561,0.009888656214624161,1.8295114025324275,1.381360473396912,0.11490025697078868,91.68209463180622,96.77400974101458,229.2144775390625,286.117050909791,True,True,True,True
192,True,75.10978405911591,0.019486943630873374,6.31893827874093e-12,99.62230705606571,1092.846144615286,-31.693455043059892,0.009548652612062638,2.949086413254685,1.4749523308973413,0.05847829643942957,96.0352415997165,98.880773675216,184.62080001831055,177.95210337716318,True,True,True,True
193,True,70.23432845245321,0.021835162850896754,9.179475380427498e-12,91.64458584948149,891.8684226913615,-30.2992932421572,0.01003319465777696,1.31749955236224,1.0652181552812678,0.07780099607301066,92.6962382599959,96.78107314663181,221.41109466552734,203.41791391720042,True,True,True,True
194,True,97.02520138872326,0.0241202568051521,1.042917414624391e-11,96.62236067956937,1066.691448896147,-21.398761512108447,0.011869581444277171,2.6045237883374615,1.6143932044990619,0.13487766730517906,91.64530258617938,97.36387117915109,304.1864204406738,142.2747490860483,True,True,True,True
195,True,149.1240012336024,0.023694995474469915,7.175021917914272e-12,95.31702184782283,1097.1987958338254,-29.710601468345253,0.00870100157885166,2.2431776006121793,1.57616731956501,0.16997277068569452,89.21607061789585,96.63082158530123,423.5250663757324,283.1829134712391,True,True,True,True
196,True,107.78388074347916,0.01718647435956605,7.981537791057335e-12,96.16539111663722,1159.076718926753,-31.838311493147614,0.009820086704861836,2.682459482368331,1.6182953120509094,0.08913255401880171,94.49219475857953,98.24732716274015,293.64118576049805,217.6357799421492,True,True,True,True
197,True,89.68214930010707,0.02350316039992252,5.0136373340907005e-12,93.75738309863364,1024.9656222817905,-26.178447051208234,0.009303505545887599,1.960067183405923,0.9481857725629598,0.05589742981707056,94.10480188223252,98.4451405326177,243.18475723266602,171.7609845363519,True,True,True,True
198,True,116.89772798500213,0.008783513463321268,1.0179057993838087e-11,93.37841634346076,1009.1350606391729,-29.46251123925619,0.011105351258712743,1.8313278980136107,1.4626804928395871,0.07752802435826345,94.69959264939989,97.99909854570767,344.19294357299805,235.42603194738456,True,True,True,True
199,True,68.89599239059265,0.015743613900445853,8.902241952516025e-12,87.09478660522406,1098.5162795999324,-27.51025319138608,0.011848318109636727,1.3650889603073655,1.3609176634884381,0.08266042838474394,93.92612568692358,97.31347890178348,220.51454544067383,266.7128275405485,True,True,True,True
200,True,88.12976489598125,0.012474015511414631,9.836040519962985e-12,85.15615122070037,800.159508479002,-30.61468632636473,0.010481528279904093,0.9051208582161817,0.6532576001693144,0.04621057816630838,92.92613233212576,97.2292277163581,310.2284812927246,198.77558135950875,True,True,True,True
201,True,149.1537313092918,0.02214280997142668,6.0015866278786485e-12,105.0,953.2161747416055,-29.92708917687544,0.00946768676973217,2.9856523335548086,1.278543010884157,0.09849513142523646,92.29629894444274,98.1685066544836,361.73580169677734,137.38447650529162,True,True,True,True
202,True,146.86977306998844,0.02084995371837791,6.225679661460051e-12,93.77739425400742,946.0386676444746,-31.925586734700833,0.010635670696172978,1.6943507332173862,0.988149465511861,0.09832827887185033,90.04925041163521,96.92879531196273,412.79144287109375,174.2229999581168,True,True,True,True
203,True,103.80842269537241,0.016593874078790226,9.584109672626322e-12,90.18457089786206,1129.9547100342184,-30.49239505420971,0.008808441213586964,2.0654155840693886,1.4281679904362465,0.10526731014562517,92.62920672844163,97.55354412726808,329.83226776123047,297.4667867285834,True,True,True,True
204,True,121.72003895670515,0.028214262832290393,5.644945672318359e-12,94.18439870536089,965.8453566513414,-30.066823632526926,0.009759387960687841,1.917184779365227,1.0108122597821563,0.09283506771922219,90.81579523587997,97.62177542695784,353.96873474121094,215.00598082286558,True,True,True,True
205,True,96.61803160005147,0.02113161396438611,6.309495761308491e-12,88.43460165289365,931.8194823326572,-30.237807730563116,0.011021705148126872,1.3228642688062653,0.9037403736492876,0.06615663977749206,92.67968526067362,97.55512373167714,294.73520278930664,173.0222457088551,True,True,True,True
206,True,111.20242935269943,0.013870666411431209,1.459178826090598e-11,80.49865143983035,1020.1530973813335,-28.280925820834796,0.011006553211580845,1.0067423148615724,0.8341730462904315,0.13216595390643127,84.15605077457569,94.1998707618113,508.9378356933594,267.33531495504866,True,True,True,True
207,True,92.5860272347253,0.025658573411865178,9.292331501303599e-12,94.47113331387295,954.9118316644937,-26.984457234432067,0.009082625116133676,1.9139503940224716,1.313440115641115,0.11027644791734531,91.6039987964341,97.03024117810897,289.1175842285156,184.15140924785302,True,True,True,True
208,True,81.7055239553483,0.015355353453462174,4.991722302401107e-12,85.2813379874343,932.1203267740834,-27.43866044858296,0.0120678543519904,1.1367323497757058,0.7956485608732687,0.039523932359461604,95.03248867614592,98.43045368405687,237.8871726989746,159.04844217605753,True,True,True,True
209,True,83.37015474376932,0.008332336427481428,9.71409569048232e-12,90.96512870489379,945.4813463303734,-31.265618692795158,0.009048019227176395,1.4553826051953156,1.167987514653167,0.041321316237057586,96.46217825801607,98.59938845885891,252.88564682006836,242.75903841547324,True,True,True,True
210,True,78.80993442257416,0.021332518053977425,9.617942155530996e-12,81.66460568169614,930.6446052461008,-32.561038327945866,0.008955850808811854,0.89066520166105,0.5711201473258364,0.0738017875146472,87.07771248130356,95.22663793434873,334.6463966369629,294.34761888687456,True,True,True,True
211,True,100.95533897264339,0.003,6.9504737032161595e-12,90.31902033896884,951.2917798826425,-31.007702152271296,0.009664642198320703,1.672611190722589,1.1164120728358164,0.018605115734905607,98.33349027768516,99.43819150827679,265.41236877441406,176.70437983421309,True,True,True,True
212,True,72.12303642509602,0.01811961868525474,8.143805978035416e-12,95.70290266688068,1004.017886187877,-29.969923915777024,0.009186660777712916,1.9719746488091192,1.2639522175541231,0.07313140922471793,94.21406852181211,98.17212772763789,215.96370697021484,263.6362837429167,True,True,True,True
213,True,76.89003968998095,0.018394667979428563,9.867161556466208e-12,82.87627466182542,1034.5232329571936,-28.554975572950642,0.008828592217526257,1.1459985887885578,0.9490992944529673,0.09091584707066411,90.42082871602331,96.14014943418093,287.4742889404297,310.4734321986732,True,True,True,True
214,True,94.68128155891077,0.04036905977280738,6.649045557144866e-12,100.01369791838098,1047.7857590661072,-27.813974335982287,0.011209954704803928,2.6496714306390055,1.6572041557068082,0.1534814143754786,90.73853309823389,97.40272050994541,272.4213409423828,212.00826747597353,True,True,True,True
215,True,104.75302909786149,0.022617411674681193,7.822893064131918e-12,84.21900114221302,908.3372032539185,-29.610795647903302,0.010608133186817964,1.1404905421380935,0.7609755233311623,0.08358090254811515,89.01661091775453,96.3057689391189,374.91621017456055,214.48849922165013,True,True,True,True
216,True,79.81622639112666,0.025795392937676895,8.514987909782456e-12,89.49030425736305,1090.360223491795,-30.05757725678629,0.010280803336607698,1.7995777754957938,1.2070414453575558,0.10779183333835807,91.0697487851026,96.83074405220808,262.32778549194336,218.8541731143552,True,True,True,True
217,True,74.78869410356661,0.017514678142310953,1.1525851841733016e-11,95.40574443621259,1064.698705593555,-29.194979397598498,0.0090002410003106,2.2971856426743424,1.8672672572773397,0.1129820727915669,93.9493357283892,97.732303274361,230.13145446777344,304.5167760567481,True,True,True,True
218,True,152.71895796395884,0.03128585621490701,9.624032644871772e-12,80.0383355961177,1000.9352367225464,-34.794293642526966,0.008800148654099777,1.0366264261989702,0.6387777732407061,0.16497315842043236,74.17362260689264,90.92685470695999,,336.23619701876424,False,True,True,False
219,True,81.20672817089225,0.021253572973327542,3.95164142570596e-12,75.0,851.3202244399243,-29.81404743969667,0.010339054205542746,0.6689737603882517,0.4151489923649342,0.03180741507031246,92.33831331515016,97.4200055268439,260.81159591674805,171.27154369553435,True,True,True,True
220,True,81.81574003702922,0.025276323247636172,7.584067569866762e-12,86.54074542360392,998.7059764294416,-35.560715140722834,0.01032000305425844,1.4697868174711402,1.1087390456980375,0.09634665625483735,91.31024954621493,96.87212811496109,265.97753524780273,265.7044428821335,True,True,True,True
221,True,79.48221159201347,0.026551549874046516,9.784984826756142e-12,96.16731524189069,851.3944577502779,-33.833449960474,0.008676547518462375,1.8504648220375368,1.226569819273175,0.10030203185461042,91.82255830214002,97.13137544272419,247.65615463256836,251.4568907581959,True,True,True,True
222,True,68.59280525187383,0.019757637240480828,7.722057177442318e-12,95.07453791092252,1112.644773761692,-35.663420131198706,0.009898611458665153,1.9718866566201958,1.2430417811177499,0.08182373072791543,93.41745933476676,97.93121745014429,212.60675430297852,342.5377442320702,True,True,True,True
223,True,139.4025232046561,0.022213779813461877,7.653149459585638e-12,85.01058235896399,1200.0,-30.328092057943504,0.009549503007089063,1.6943740991579903,1.4891541614272088,0.1719560881627823,88.45276784520554,95.61905127276167,436.14938735961914,327.4491177431886,True,True,True,True
224,True,77.00212434858317,0.0320854244418619,6.2212834531124245e-12,91.21277290377692,917.8880803178669,-29.42806521763781,0.009699114076546562,1.4418005730896706,0.7892063994324905,0.077107604561797,90.22972892550743,97.03360686288352,250.51603317260742,208.1448338869802,True,True,True,True
225,True,98.63579711255872,0.019015004262280057,9.409631101777409e-12,93.52351093567097,969.4986567887149,-32.400960014787884,0.008959676937785266,1.9866990462946112,1.2081831479009921,0.08711920411129323,92.78923859659459,97.68171121084605,305.4937934875488,289.59169403560287,True,True,True,True
226,True,79.03528102339048,0.011602519513220355,9.698367198371235e-12,85.98874104751692,818.2974775723892,-32.566608970467485,0.010011322958307284,1.0745289504641988,0.7127168232799288,0.0432601929167504,93.93024108541923,97.87615959020475,271.8834114074707,254.8821410278584,True,True,True,True
227,True,84.78427796604275,0.016026043633705432,9.528172467446565e-12,84.89435205042052,909.5124991154363,-23.323913076823867,0.01031463224832991,1.1882968635548354,0.8858398319524267,0.06293036701591678,92.89596552943259,97.11126560620932,282.6851272583008,142.2590033159103,True,True,True,True
228,True,74.6464555666845,0.023458428978016484,6.514107227769255e-12,90.99624850918772,884.4810170910439,-28.996032811500882,0.009337109085273184,1.3766708677152695,0.9345676983960413,0.06328703982058419,93.22820166701663,97.62492846335806,221.1818504333496,203.32440222705296,True,True,True,True
229,True,91.03139891289618,0.022226294185087526,7.832998932317019e-12,93.19103253967904,867.168277995937,-26.03122633951225,0.009397493953332166,1.6060890074047884,0.9772782310937459,0.07316169355623042,92.51372933229571,97.6347425892334,280.5561065673828,180.76633736692995,True,True,True,True
230,True,92.01173252218446,0.01635442627458125,1.0617486460676533e-11,91.73228180140035,1006.7262509010899,-27.69912613709482,0.008739855134844156,1.8678182412211655,1.181781381348315,0.08728909704418723,92.61376948208495,97.58968798067448,305.2463912963867,284.1983164414746,True,True,True,True
231,True,85.9323093621779,0.02153113308264863,5.539235442796286e-12,81.40377332303127,897.8782940304836,-31.52545816152739,0.009327215565530957,0.8248067042351221,0.4213184380351238,0.04519122124288998,89.27385626566797,96.94437188486222,323.0548095703125,266.33708868026395,True,True,True,True
232,True,103.0072341929693,0.021545043960343253,8.312426305286309e-12,95.44263968840637,888.6198402422892,-32.339448554208815,0.010163142312569816,1.7580265697744972,0.911233085829639,0.07106122492837644,92.20164126682492,97.63166739782501,316.0344886779785,211.80543344436134,True,True,True,True
233,True,73.19443605702571,0.027337162480266575,1.2428286231180097e-11,88.00308567338573,917.8210035435951,-25.204304896805603,0.010346672498649822,1.3695831510999317,0.9987777582128119,0.13033567272318303,86.9504830627784,94.88550410445691,297.6472854614258,165.54483035644512,True,True,True,True
234,True,85.21356807929563,0.01979471577308886,1.113588917235268e-11,91.59959273839385,963.138784067291,-33.67495643378902,0.010275314138875384,1.6627582848163478,1.0409965474153204,0.09847664170069843,90.5401567425747,96.91827075999048,306.90330505371094,273.85591772672234,True,True,True,True
235,True,108.23176988841435,0.012663329134377475,1.148380521455222e-11,91.13879968458644,908.8258276976236,-28.582874760620726,0.009007696517463958,1.2667811983072912,1.0640419409632327,0.0820643348257079,92.28749058975829,96.77000225920719,364.28245544433594,250.46632554871107,True,True,True,True
236,True,115.07100660754472,0.01679348618916621,6.64032067480024e-12,85.53099284882332,1200.0,-28.920426989382804,0.009871534022138528,1.7093919661806634,1.0290124054635057,0.07843021544902845,92.37810787969067,97.54742756997167,352.3095512390137,317.1852903696178,True,True,True,True
237,True,97.84450216878902,0.023789906019007018,7.743406244334397e-12,84.67563918524792,978.8028544795146,-32.47502564102683,0.01176991249791388,1.2523953332907067,0.8957420151715588,0.09074695057196602,89.86907513157284,96.36745014645615,338.9861488342285,204.52941670664154,True,True,True,True
238,True,78.71114469537119,0.01936410480084214,8.619428255718113e-12,87.11294378145627,964.8908519413005,-33.2404844140715,0.009619632562697746,1.170390104675642,1.0097586700351329,0.07911473699867466,92.16498562018567,96.68087801929397,263.1426239013672,229.83196076649347,True,True,True,True
239,True,80.75229334487334,0.011584108829066962,7.161838189984375e-12,80.44906512159415,923.6588574529798,-29.960295603991284,0.011340411796147948,0.9419774903021488,0.772318557926719,0.04180084107825743,94.58761664481152,97.96120126049198,264.7110176086426,237.0241419115974,True,True,True,True
240,True,77.63168029062595,0.01985866031254302,1.066214079602076e-11,85.46054218652884,948.6545938608562,-29.519887895752195,0.008968504175062654,1.2499053526966508,1.1847644583476338,0.1077997506385542,90.90116606056023,96.25096487534384,277.2581672668457,342.4379774888795,True,True,True,True
241,True,110.97691177732126,0.02504877206241789,8.3711312919399e-12,94.29202501586896,938.2909861644351,-29.945165979786406,0.010109057236883521,1.872756799915251,1.270019310860389,0.11625786792535403,90.84597636184021,97.10510152115141,345.4435729980469,255.56385578213207,True,True,True,True
242,True,114.46043219763092,0.017441477469264763,8.428446725813402e-12,84.99468525002509,906.1643882317976,-25.687703950710155,0.010522275806211002,1.3137967279488993,0.797400041098027,0.0732709855369681,90.81126388756222,96.94010107088924,379.64181900024414,172.82447123063523,True,True,True,True
243,True,58.891302454808695,0.01767359731315516,7.54223694284274e-12,80.44623228918971,878.1242536862442,-28.222829112269398,0.008172760679261508,0.7692495180452561,0.48499960220903404,0.03946797888864742,91.8622657196249,96.71496251593031,208.99559020996094,164.80882009061764,True,True,True,True
244,True,91.22155106477447,0.015056773048981962,6.8950210729755e-12,75.0,829.0532724121283,-33.46715274708735,0.011580055746817659,0.5738144055977545,0.4711566576756937,0.039409614072168704,91.63556039585986,96.21106986547493,326.94515228271484,170.70919119698388,True,True,True,True
245,True,93.02625191297305,0.02704512442002073,7.635898983019748e-12,96.4698339542443,1101.5687237194409,-31.94776529315293,0.011547244467811588,2.5233238856327547,1.5930860318077982,0.12535871892150122,92.13107663876464,97.7548653657518,276.6385269165039,301.86385605117795,True,True,True,True
246,True,93.40371055596034,0.021905581105634134,5.6880123361435606e-12,96.46841193270059,893.72486965881,-31.349330883080846,0.010958342721081796,1.7067834130386883,0.9061192616241394,0.0481204834666492,94.68938742341737,98.34773987887067,244.52617645263672,146.60975796096895,True,True,True,True
247,True,97.2245801153389,0.028790778466555075,6.192634432141084e-12,94.89387178062842,858.8599926542528,-35.26790625958437,0.010405477243667804,1.831284425652407,0.8498144085981514,0.06139271422308827,92.77575037538357,97.95455825078966,269.1960334777832,141.69821000995148,True,True,True,True
248,True,81.71889668644464,0.02513071366744654,7.642405559687543e-12,94.29623968832422,981.9305611104556,-29.205867071344297,0.009841846217693457,1.7507085691746693,1.0729119315535987,0.08850960338199358,91.75052483069791,97.3981806837816,259.18418884277344,184.31979499216695,True,True,True,True
249,True,86.1820299510487,0.015463488598224964,9.037493792505963e-12,84.2700714526923,912.0771471267716,-28.768416226514923,0.01335386953414046,1.1535623951103777,0.9178894311732634,0.06849865230698056,92.53737433065066,97.24992957493036,295.49556732177734,189.82769652285782,True,True,True,True
250,True,82.07037242349038,0.003,1.031222706850033e-11,96.61458522703606,944.02357086298,-26.12369676453941,0.008578973095742525,2.073530027746306,1.4078307745238943,0.016780088603249373,98.80808908947711,99.57004681220609,224.64548110961914,204.59422485999127,True,True,True,True
251,True,104.03339119886643,0.011921071005287717,8.52269887525756e-12,85.88650882201817,989.3990947283776,-33.57377220372183,0.010386154122755632,1.3804899365764418,1.0585870534731094,0.057200336603845936,94.59653918719506,97.78623411038565,312.9158592224121,251.53760585489223,True,True,True,True
252,True,90.55042269253681,0.03669595033054997,1.0699501029153461e-11,82.38094609984682,1003.3410910725382,-27.863016887260308,0.010364961721306479,1.266457133632238,0.9847887662894443,0.17214235883147716,82.51986977064259,93.08594042075109,439.9739074707031,166.36981543454317,True,True,True,True
253,True,97.54427124394562,0.032705707327912815,5.791835288306717e-12,91.11439429174948,1000.6963375168465,-31.937839317312505,0.008249107499781918,1.5688440399230361,0.7528782357404016,0.0737437302201734,90.20509204285182,97.13425615294598,306.2178421020508,245.58197760984413,True,True,True,True
254,True,128.7966243356755,0.014668919623657361,5.776798281159019e-12,86.46513330496228,980.3762071990897,-29.91025423329449,0.009399314207514248,0.9985580478133914,0.8249208025500107,0.0762087846373948,90.76168470939068,96.89601854397951,407.8887939453125,412.76994510903074,True,True,True,True
255,True,99.23429372754384,0.025842893076875335,7.398610065113579e-12,81.87468752265534,948.7716790824484,-29.810487843830785,0.008197099875634817,1.0619165147132557,0.8163501811125744,0.0867529375881064,89.3730730273283,95.71399355555738,344.6105766296387,222.914050945471,True,True,True,True
256,True,117.43917143491228,0.02364617808193148,4.645666746451927e-12,92.51026714989955,957.3380292141803,-26.284815219035725,0.008985425897948783,1.6665123573138705,0.9158128174592062,0.06255571622974272,93.16937751501506,98.09113911090556,312.5481605529785,213.5152754680701,True,True,True,True
257,True,111.21668715483356,0.028529132613913794,5.0319069308606925e-12,89.45072316649944,1034.827131427593,-35.278356228839804,0.009103000230050215,1.524539171484716,1.0021877383921447,0.08052380278451718,91.965197766867,97.30915338222891,313.2154655456543,262.0376689332282,True,True,True,True
258,True,83.92857159627562,0.028548148873198904,9.436333007808468e-12,95.84003326897933,985.9131405121036,-27.196222217719853,0.010459107012067374,2.085380233069585,1.405864490004695,0.12819129206831398,90.88167508463879,96.9342147783228,269.5637321472168,169.51066630554536,True,True,True,True
259,True,98.33527972208162,0.013161364350960832,7.442884062405355e-12,92.65165437382137,1015.8509104007376,-25.310888810879007,0.00990615299425728,1.5846139706694486,1.1739261571914297,0.05762159111060365,95.09154892259485,98.21637050517637,284.31934356689453,203.57915215417952,True,True,True,True
260,True,97.50196649096567,0.02860392528332238,1.1775161524107318e-11,87.57715572081422,962.0627604661626,-29.326829626917686,0.009071894731189524,1.4425776982988128,1.1078544934593895,0.1523161588914808,86.25124871625894,94.62473023791047,389.4493865966797,236.7209405038622,True,True,True,True
261,True,93.13547897615223,0.023388733923741304,7.796928921210991e-12,94.31104740366172,1086.808495892672,-26.15829946822558,0.010957887038235891,1.9253189668669235,1.3183190442662425,0.10431547299867172,92.08723613207512,97.40319652799252,289.34228897094727,241.7713411083772,True,True,True,True
262,True,137.9414383541756,0.017453750523024527,7.0970263112845086e-12,96.75710132454412,991.0377570049974,-27.16132033364748,0.010401950891439372,2.224560222341405,1.3966119900121907,0.09903702935647159,92.90876563678884,97.68497798217717,357.554931640625,156.5960167709728,True,True,True,True
263,True,137.3985659523174,0.02850882045537402,6.385032907931804e-12,87.76383459029176,1075.3347785891553,-25.86603250534862,0.01051533353854804,1.7351344114996818,1.085754882414948,0.13293282644925977,87.75664483740667,96.26278656748106,432.8945732116699,209.78926608565095,True,True,True,True
264,True,80.77344604128933,0.016465869221864767,7.259529091649945e-12,95.96927845314698,914.8961805167382,-31.421567407616937,0.009047242149016883,1.7155101006682985,1.0800432968736813,0.05061310789186078,95.31378898990748,98.40651571346208,224.75215911865234,193.17239024170684,True,True,True,True
265,True,119.8126281429046,0.011312191306008952,7.204675091699643e-12,93.43412498637281,1002.5513545410282,-34.54970676714867,0.011551850432394624,1.9843187348794458,1.332434803896842,0.06853828123827775,94.85616249006476,98.40950681219964,326.72271728515625,220.02203726707668,True,True,True,True
266,True,90.68782163896138,0.017486633719122242,5.69102021405711e-12,93.76011941051483,895.7834848816315,-27.77265794553198,0.01076449623755021,1.5508848328913214,0.937490737730411,0.04780719365030222,94.90051562898215,98.50067448054018,251.74396514892578,166.29745026636076,True,True,True,True
267,True,87.50292036690556,0.016356760135538044,8.623660383830419e-12,91.46707279181551,1120.3118855636785,-31.425792480888315,0.011629312354241982,2.2691032569328855,1.556347771513552,0.0901680457193923,94.20643333258968,98.24259813759663,263.98242950439453,259.0940232581645,True,True,True,True
268,True,79.70033566524526,0.00625951823401065,8.748884507171137e-12,93.84816101643133,1093.4379254475712,-31.19972278290919,0.00859979094221538,2.1181049838780557,1.6016859961335004,0.034203117106812266,97.86455540041061,99.24325385965325,220.21947860717773,354.7886710881369,True,True,True,True
269,True,107.0574307182597,0.01735992816094392,6.923994484991819e-12,104.08428365663967,1038.4297321378538,-32.66885060238329,0.008282099187784333,2.9600730255743066,1.595935309621194,0.07960625399195051,95.01193729394673,98.76103419066034,279.1080093383789,320.9196716763052,True,True,True,True
270,True,103.57090025470985,0.011883016865741072,6.8823881391022285e-12,94.79935032622342,1045.3424328746603,-29.77044538950659,0.00976355060556804,2.127508620802512,1.1676186332442695,0.050187833455028204,95.70169299923045,98.76679099566098,284.53723907470703,181.39364948695115,True,True,True,True
271,True,89.96464422571758,0.027589652368893436,7.803881323889257e-12,93.20000272570795,1001.3669880572381,-32.69468782898022,0.009038483012646495,1.5688427701770038,1.246461271920219,0.1047160363723524,91.59893381917647,96.60700920402738,276.740665435791,287.5696473668245,True,True,True,True
272,True,84.02129545596372,0.014822926813824671,6.658055303458317e-12,105.0,935.7023372666191,-29.84102266366941,0.009785131689907791,2.7637718721437463,1.2842172488030328,0.04672171516754841,96.36185269968178,99.13696705125248,215.50975799560547,206.47403252218103,True,True,True,True
273,True,105.92757479711307,0.02535890128893911,1.4163052659044686e-11,92.24335557261766,863.7994978797147,-31.73568071150981,0.01016891015097639,1.4810807705452538,1.491392186243513,0.17368665243804585,88.35405911066732,94.60426266789919,380.749454498291,229.42695679352084,True,True,True,True
274,True,88.74546877298287,0.019073413771521528,1.102858475097873e-11,89.27364835626241,941.0298872600887,-29.68638202228009,0.010671526331627929,1.433827704267312,1.0003934608645757,0.10049894728531282,89.95405795651062,96.63687319505267,329.94802474975586,243.86831115954607,True,True,True,True
275,True,113.77591275771032,0.020947475060050208,8.665781556544996e-12,88.69783195137293,983.760305107155,-27.87352350148573,0.010188911578050141,1.4340185289612781,1.2673772470575564,0.1151300254983696,90.91588350937619,96.40561740462232,362.99097061157227,222.2772963964824,True,True,True,True
276,True,133.0905019465761,0.02928923984027393,7.879678204774703e-12,86.22724655056425,977.4555814254966,-28.32994287247498,0.009171274389144807,1.1401861240643152,1.0716987023674758,0.14880936021339955,86.11462719095707,93.90495469055745,459.23723220825195,244.1211602852464,True,True,True,True
277,True,88.94024055664599,0.015871148228031706,6.564209020513188e-12,85.35632215711348,954.7251901498971,-31.03321594263635,0.008158597197336559,1.1284986176947276,0.8473831074842655,0.04917459411816727,94.19688760799609,97.72951166494178,269.92462158203125,251.9855408750708,True,True,True,True
278,True,91.21758706280511,0.027142429650150155,7.363047661852963e-12,75.0,966.3861799394936,-33.20978154183754,0.009732756854400334,0.6662299662461141,0.6058838472808621,0.0943853500227798,84.42187385480393,93.4011018412734,412.39877700805664,346.94452004585906,True,True,True,True
279,True,85.75784182209998,0.012334377346109014,6.047504896120387e-12,85.14015678149426,895.2045643063095,-29.170859753655595,0.01007931188049233,1.1614292186296002,0.7315527999474595,0.03030349666216285,95.85764736812719,98.52181087007618,245.2570343017578,161.35903723000172,True,True,True,True
280,True,74.64494681947846,0.02313364430174129,4.56396281217052e-12,87.67265293942955,1067.4646410202206,-25.887977702387417,0.01088659122566534,1.4744777700803078,0.8871586735424638,0.055949249900903227,93.69343370363552,98.14057076142036,214.74485397338867,164.7767723542056,True,True,True,True
281,True,91.94873168737402,0.03188780466939947,9.076946349703721e-12,82.19658527937243,1125.9461562634176,-28.371218415867066,0.01142603789834837,1.3338094543442272,1.2735013383706564,0.15827792730305487,87.57143612384743,94.2093394549976,339.51953887939453,195.63806084804926,True,True,True,True
282,True,88.97348556928311,0.028323925029947322,7.817943113605548e-12,87.5775497244365,1010.1204772070871,-28.213786473992386,0.009530452509143235,1.4972483267376038,0.8022516783804049,0.08955420805302147,88.83714294823109,96.52750323400667,318.16123962402344,224.6864872511258,True,True,True,True
283,True,81.0721134200536,0.010157006372591973,9.320725940561881e-12,79.49474772193875,916.1069919633296,-34.57129255184784,0.009011433892565767,0.9116594346279405,0.5720465298228736,0.03725402936750361,93.48758756057155,97.66032430131082,295.37073135375977,315.5189802150163,True,True,True,True
284,True,102.92223941084664,0.01658490510246652,5.682210411827641e-12,91.20741717256813,999.746730748707,-23.065507517571188,0.010787967519980287,1.596238625474465,1.0104798649902498,0.05286118886755826,94.76870438501332,98.31325848537811,282.2311782836914,125.96976310138989,True,True,True,True
285,True,73.23942302101452,0.01763922148322169,7.35905446642318e-12,96.9567684785091,942.5301659315884,-30.3778695861229,0.009682513175543249,1.938464965574737,1.1360532105900376,0.05539879138596566,95.1235742419853,98.45642137439737,204.8873519897461,180.81658567648833,True,True,True,True
286,True,90.71472101457556,0.015220226295457221,1.060618111812443e-11,83.14989119143742,914.6282389997587,-26.213515706658924,0.0114935420957792,1.1104800544174265,0.7258473883363386,0.07147875539630996,90.15237134624937,96.67684377531333,349.7969436645508,143.55097914646785,True,True,True,True
287,True,99.41533629936187,0.012866219402475489,6.237696075181903e-12,75.0,1076.2748333114162,-25.879813714747602,0.009618995855685989,0.8810198721862966,0.5429254082927534,0.044659778982228414,91.77423301615916,97.28785074817469,356.3633155822754,281.18368161595396,True,True,True,True
288,True,107.58327115074788,0.020773161624756148,6.592993473570747e-12,97.06651449760872,1013.0589805115758,-34.49015863833045,0.012625746181610319,2.3746058295006036,1.4397204754177026,0.0842327973896387,94.1493644892978,98.33251495529612,286.5051078796387,229.81385082848507,True,True,True,True
289,True,91.1295998924839,0.039466490963097484,6.868434966872888e-12,75.0,1090.7427002046775,-27.60938584332738,0.00967903353861856,0.8196241320965713,0.6394737418032888,0.13118126982080824,79.48605841877374,92.26942938847229,,316.7885613836253,False,True,True,False
290,True,60.82755033428694,0.016362277756365347,6.9370248294097804e-12,87.3426720284473,1015.0644585285391,-29.416491442945464,0.010640004132594215,1.4177262127431274,0.9478118884464928,0.052714802690790784,94.4382631898411,98.04758245670011,186.45702362060547,199.21353110552036,True,True,True,True
291,True,99.91361942155925,0.022258846744491762,6.335999305335048e-12,75.27102593058507,892.831521552272,-35.112598740426535,0.012792609048435221,0.6618547383648005,0.5642279550716304,0.060282144596523875,89.3159947048581,95.16616421311312,359.30490493774414,209.72889245616742,True,True,True,True
292,True,133.8321726670396,0.03493474369450318,8.045054490014203e-12,91.48061104950254,1026.6135394662415,-26.09058274757392,0.009658526962993366,1.8065488978580724,1.1928324065180178,0.18026221868110248,84.88788385559513,95.31204574353968,474.880313873291,244.91475356579306,True,True,True,True
293,True,107.20697368539186,0.030124435085553007,6.8374127324471474e-12,97.21771533989877,1007.158322766554,-32.684688018708094,0.009393048637758293,2.0878919655382524,1.1789686710374947,0.10937535481454243,90.72279378566591,97.37551510411183,325.3313636779785,243.26577891167963,True,True,True,True
294,True,87.5678175312663,0.018740231802274864,5.368269745674484e-12,84.00293287738705,923.9504399511649,-25.8705667116594,0.009503109205904255,1.0828260046656766,0.7288056702815343,0.04306733963765525,94.09069641005694,97.83606507434271,256.0292434692383,132.4811395249357,True,True,True,True
295,True,79.36348365300624,0.028716742847289294,7.219473982696821e-12,93.3394767115998,1024.5601519135769,-33.673546377805,0.009965680144122883,1.6551126668565532,1.3165385689115061,0.11208132162337105,91.4866663028309,96.94982861376369,246.74144744873047,268.51990170557735,True,True,True,True
296,True,87.67727923315864,0.015491366818056969,5.814829440876024e-12,96.02966130061904,955.0705660761583,-27.522989947464964,0.011176981285196072,2.055829732732007,1.0431229664901773,0.04112616040466458,96.0574005437688,98.91298811581855,227.57572174072266,139.38978253310714,True,True,True,True
297,True,117.10551533035117,0.0181084439143736,8.106005807951438e-12,105.0,928.4813814270541,-31.139032075888657,0.007960533207576875,2.627853088277767,1.7269872761851413,0.09703053470914424,94.38151420990886,98.34045931900688,304.2522430419922,306.86435236288116,True,True,True,True
298,True,130.61254276782213,0.02047809432785252,5.369398291929591e-12,90.9979661290523,1030.5034590612945,-30.48709668506959,0.011481720110566834,1.6015087999384603,0.9365112392012471,0.07591415941614196,91.89394037802586,97.48886751160403,365.32426834106445,204.09813107172462,True,True,True,True
299,True,60.5537653350969,0.03663869394911944,1.2177851396167662e-11,92.38993589575095,976.0954743270162,-21.328007826044487,0.009206785594993322,1.8233839393271225,1.2827209887288205,0.19417727783467378,84.86207994248976,94.73281292682934,261.0703468322754,222.37052308635745,True,True,True,True
300,True,90.0189302045435,0.02255149979699153,8.648947607574632e-12,102.54253582925186,1028.4878901487634,-35.12335472268574,0.011098219554694025,3.2033385868741258,1.9498130102182383,0.10884578219236382,94.41762971003148,98.40302123473053,240.86053848266602,222.50743100481236,True,True,True,True
301,True,92.56196337516882,0.011306583950321289,8.852562961995103e-12,89.24524180373515,945.7317843079217,-31.05157448109316,0.010072309198583571,1.5293563571930209,1.0844691904913004,0.05074619627841898,95.32064195798598,98.29590715875763,279.2056083679199,229.56281475336155,True,True,True,True
302,True,84.51377386007951,0.021925869134199586,1.2759086129102809e-11,95.2863044927332,977.1529262055951,-31.4973506531053,0.010070078554690986,2.0215991668656494,1.5732429611861949,0.13530974323575973,91.39931043239889,96.71579585210493,283.1368064880371,259.3921093433496,True,True,True,True
303,True,98.27276701833443,0.017764004744664507,4.3051837428391146e-12,87.0315039057087,956.5492276469473,-32.55316488004615,0.009642190864218829,1.2463102387579579,0.6931435516670074,0.03751383052762001,94.58786993871624,98.40542100552182,272.8117370605469,248.63644030554187,True,True,True,True
304,True,104.1969985860941,0.026609441478879572,6.738945401117731e-12,89.24527951864599,1072.1593043613357,-30.077244978604295,0.010802752304872217,1.395611687158762,1.0403748692924495,0.10481083224921774,89.92566666662194,96.42968134700291,344.02271270751953,232.61590969810572,True,True,True,True
305,True,109.19094755399101,0.023247657132338447,7.561092062212455e-12,89.20162433975156,916.7717489305048,-34.35598533121468,0.009831540847986766,1.3963464866416835,0.8029907200923451,0.07847536216240687,90.22711468528776,96.87856816972227,359.77020263671875,232.13545182454877,True,True,True,True
306,True,117.96792819598802,0.019277592428573617,8.016837820970654e-12,85.16747293097933,820.6906530940437,-30.325568295088278,0.010792570198242549,1.066191753652533,0.8571373646476478,0.0755436794024419,91.18651426034887,96.3100649365703,370.2223777770996,145.92792526249028,True,True,True,True
307,True,103.3239825389428,0.028631561076272637,9.383233502145312e-12,82.59419840654425,1057.6323444740397,-35.03624709056582,0.010484086444040044,1.325061099697543,1.1772075327028588,0.1581539980440095,86.5653256838334,94.77697856121505,398.9369201660156,369.2186448147555,True,True,True,True
308,True,85.14471544990509,0.008829820829968284,1.191837209437222e-11,86.01173714688214,1002.6584430089767,-26.883639160391276,0.01069291272545796,1.2938811726667994,1.144182991709166,0.05941842923477282,94.80691203545909,97.85526157790547,291.77318572998047,254.84371408043683,True,True,True,True
309,True,91.19765616198129,0.0059742631116680815,5.644863377514185e-12,91.95925174497161,1004.2190264102213,-27.769046382291364,0.008404440940715081,1.5330051749290237,0.9233199594020394,0.018147069054004535,98.0345849919938,99.3324353863099,235.44492721557617,204.0239390231466,True,True,True,True
310,True,79.86120553389156,0.024140443306350824,6.356535796423103e-12,95.48822179221791,1113.9532971441986,-27.344529454782393,0.011049128871320004,2.4921958821668833,1.6581265917084156,0.09792951282944612,94.09396644869277,98.35036972808098,218.30835342407227,208.8942031978482,True,True,True,True
311,True,101.95014892086466,0.003,1.0628600440750855e-11,92.11819695139752,1062.614762595247,-33.599619231653655,0.009159730159151997,2.0066804434414203,1.3517110367743845,0.03118731057984762,97.69275313056032,99.18460204243516,298.1625175476074,390.9249581688092,True,True,True,True
312,True,76.92600963074199,0.019587007079904684,8.231622630147022e-12,81.81198249889414,887.7105841440989,-27.4403205345458,0.010752076827909754,1.0094488971223972,0.7043076436268162,0.0629298233190814,91.06500917766195,96.65238550572923,273.53124618530273,184.8584326664078,True,True,True,True
313,True,125.61321320858656,0.007977149701902293,8.195477474699283e-12,99.55959722654615,1052.3242692981646,-21.87455237987463,0.009615447025652993,2.455924782719009,1.520497237754731,0.06831559338752285,95.50702285468125,98.57889635257581,329.8912811279297,168.4803084624695,True,True,True,True
314,True,65.84904257846459,0.009401292607766726,5.334688028454384e-12,87.94582051789372,1022.6057124409595,-29.439905864402512,0.010197839350719504,1.3830755789499156,0.7933143191630466,0.022062338725267864,97.21896627952665,99.09528560738053,181.3160514831543,185.4710333440105,True,True,True,True
315,True,83.39949956429483,0.020974809469008295,1.4813777317431033e-11,79.90453380717466,1004.3995603357811,-27.128945391006607,0.00969049712958159,0.9740884500540763,0.8455836201486256,0.16496866242259892,80.4905560500802,93.55414243677278,548.4064292907715,464.4462839497316,True,True,True,True
316,True,111.5274441530305,0.0056304836106069265,9.898703527735014e-12,95.17946987883123,928.507437913186,-28.03239850638996,0.009535105376885629,2.0278229607063007,1.2800666390717692,0.0471348325443112,96.31778291023265,98.85057785417119,320.37878036499023,248.39860583034704,True,True,True,True
317,True,103.23999899083347,0.010895052616943082,6.77206974946913e-12,81.70579622373423,1024.8518557042444,-29.41997447031271,0.010045105108281521,1.1585612402022092,0.8765450742783418,0.046909890886887434,94.6483196057535,97.98717849280037,316.9718933105469,251.23716278485713,True,True,True,True
318,True,89.22099377717699,0.03369278746858778,7.0618117192629135e-12,97.81610003243952,918.1763919978175,-32.965875947181665,0.009336273485761366,1.847063956482943,1.2997626495383803,0.1075740044954461,91.72356548838731,97.08733447722311,256.8735885620117,180.06679951096226,True,True,True,True
319,True,94.8629879980296,0.028540162929079467,8.204960728436698e-12,84.71810377202488,1072.444482643209,-26.374614940879976,0.011075593685067562,1.3030811722125524,1.0109892658480057,0.12368964838082966,87.76548351608064,95.36098872870782,353.52386474609375,209.968308445536,True,True,True,True
320,True,114.48842153935995,0.02354221124249051,5.640738083817465e-12,89.32859035573782,994.6464991953368,-32.84228160124531,0.011359771365042374,1.6315187065086598,1.1473768192656897,0.08642569394939345,92.4675405238965,97.66328818093116,323.8628387451172,275.74108793926894,True,True,True,True
321,True,54.55747980101499,0.009768005786500087,1.0492567426257323e-11,95.00507903625999,929.2144974953741,-28.956490907872638,0.011846940875345333,1.9406801960541011,1.6378696760367693,0.049679259930345686,96.96683682119588,98.80121480128675,154.91891860961914,192.8508238364769,True,True,True,True
322,True,87.98711931088378,0.014196920624691498,6.011349842248812e-12,91.2053014041151,941.9932659216648,-30.542957779318076,0.011622220312918381,1.5376396501336413,1.0332714099473699,0.046327513893659286,95.51642352167481,98.64391159634881,247.83092498779297,200.1687197841069,True,True,True,True
323,True,85.70928516139658,0.03497303226082518,1.1300082679107531e-11,81.67656625225273,962.534010950694,-29.424736206637736,0.009903273904918304,1.1524181005575747,1.1001250856560907,0.19596923534912197,82.18664060075949,93.00475239324818,437.42271423339844,239.0899778652629,True,True,True,True
324,True,86.80447901360007,0.018767217411032416,9.512522800279712e-12,84.91933266184354,1080.4927216247092,-27.09368473294301,0.00955734931254337,1.3850500190108872,1.0799294453821033,0.09786468107351597,90.93786344172797,96.59627678319195,309.2888069152832,306.2265203595577,True,True,True,True
325,True,130.7827143248774,0.04167187139941608,7.089576364376348e-12,95.8510613312582,1003.0920061883695,-26.938489948391314,0.008614159445945754,1.9746531982996542,1.0927488018175817,0.15213100980624594,86.0781352902694,95.80034500537282,433.45746994018555,195.30549448527094,True,True,True,True
326,True,109.23740314639042,0.005923577453192361,1.267012020184414e-11,96.8023525592082,1035.4058210445496,-27.748158737874498,0.009820292981611781,2.1994473500135907,2.011420273528521,0.07257377634986946,96.3919138478923,98.5365700583315,314.41389083862305,275.6802364366859,True,True,True,True
327,True,93.36423380592416,0.033243881273057635,6.267203557708787e-12,83.9949567106987,931.997139348547,-24.96620651335738,0.009514029134270286,0.9779693778003603,0.7155177982027613,0.07972056383075092,88.85833950867566,95.31132768187521,317.5529479980469,178.8605693444683,True,True,True,True
328,True,115.67847665204084,0.0245545867465988,7.766923268568727e-12,89.26818329009664,980.1591098977292,-32.77282242360906,0.010499912443589403,1.4538747104122034,0.8971706292973821,0.09572746955623596,89.33007095526469,96.38712997092014,384.3470001220703,235.83437467727995,True,True,True,True
329,True,129.226807561083,0.03159010475652466,1.0610261859813238e-11,87.92451133840225,1005.4355172774312,-29.485020348512833,0.009660285824655635,1.6603683974492471,1.2922077952011244,0.20761762261433364,83.93310863892296,94.2290884496764,496.13420486450195,316.687199515172,True,True,True,True
330,True,114.77386343852979,0.016175489301382906,8.31234110381073e-12,90.14375341655872,1017.3767862892057,-29.693215334231898,0.00983794535414191,1.8098078650677547,1.102489364270946,0.08581218087823135,92.21650714653585,97.61177053483948,357.9226303100586,247.29433549073514,True,True,True,True
331,True,68.00820032214402,0.022215965491788264,8.380697975491307e-12,88.69048096106768,957.2043754485405,-28.009430564354275,0.00959524585582414,1.3601584254266432,0.8920801491705018,0.07741514168864462,91.32195220792337,96.93676172965137,232.31040954589844,205.3678431855771,True,True,True,True
332,True,95.95803449822147,0.016633669773019385,6.860067695536817e-12,83.56782558697991,955.1988204536863,-29.398112743221844,0.010781479246094457,1.1084355094937328,0.701322191506335,0.05079609516501241,92.75709570006477,97.43496761183994,310.70512771606445,193.72608386240913,True,True,True,True
333,True,88.76488180615839,0.016923192599642003,9.621635497374004e-12,84.12336794715074,957.6537746258771,-29.4142690984045,0.008874590844478327,1.0997065733951457,0.7660480991699826,0.06220014734868574,91.88038617730663,96.59450748195397,307.0462989807129,185.0928907909316,True,True,True,True
334,True,75.67321127209328,0.022703163575407543,7.155116508193688e-12,90.6960237625617,992.1575676923133,-27.852811193284605,0.010943495298105925,1.612251440202872,0.948250466011014,0.06982201525239717,92.6367539215545,97.61558215929654,235.51301956176758,157.38005068151756,True,True,True,True
335,True,107.16469480120031,0.00808276176570384,7.655398404685615e-12,91.09182612785838,982.3251510710593,-29.004021813427542,0.010304930175055748,1.7885978533109244,1.1384859921338184,0.043778810189953145,96.1546465663666,98.77965809006348,301.94164276123047,218.85494609378145,True,True,True,True
336,True,87.61681252035227,0.015292117926981555,8.076903333531789e-12,86.99676762979054,865.446611536395,-29.423571076631227,0.010989640407955234,1.2484795912928328,0.9722660788155569,0.06036394164754731,93.7914174974525,97.83512583282305,277.43974685668945,194.3131789082619,True,True,True,True
337,True,72.4523425013452,0.02439019973732034,4.6794011646304125e-12,91.46322028840618,989.1053916223136,-28.84920063346037,0.009150602440024457,1.502262412076775,0.7297377839978719,0.04935906375670693,93.2360548077567,98.20106293774316,212.38658905029297,193.5977585440979,True,True,True,True
338,True,68.51379623931979,0.017191106467372097,1.0087427377050508e-11,79.47080579479417,960.510541320742,-28.135122906101422,0.010719730150953618,0.8689957299545021,0.7604629555523879,0.08089637104794657,89.36222067658971,95.61478277707832,276.89273834228516,208.615454404235,True,True,True,True
339,True,72.85550625887083,0.024569431948010777,7.079079735096766e-12,84.33127606319013,985.9091149411731,-39.19888224337887,0.011321478935545071,1.202139533296934,0.9855301517962949,0.08936298628100293,90.93249596492569,96.67440805396289,246.44865036010742,353.72509525090055,True,True,True,True
340,True,68.70544093090018,0.02586147486260961,9.737741478704373e-12,87.87441589626579,948.8038961170779,-29.928893081959874,0.010013775286195027,1.4829442482831385,1.225084946932903,0.11433190335668411,90.6674305612094,96.22742706544156,233.3454132080078,259.3300833898795,True,True,True,True
341,True,91.72806921873101,0.025137864118684072,8.364232227195323e-12,88.6921021293285,1059.2439229091337,-29.18770131653217,0.010795582482503466,1.6055210649918625,1.3501184769598757,0.12201903717731166,90.96234595262575,96.60704888464083,299.65600967407227,232.73967019563824,True,True,True,True
342,True,57.193646004942174,0.012594622408739792,8.212397779943135e-12,93.2801697355702,909.3939650669355,-29.64045233966591,0.01007263239754807,1.599116622293892,1.1289144015291912,0.04594189079587597,95.93043629050665,98.56791534042641,167.64310836791992,200.06412694315142,True,True,True,True
343,True,136.70465438942287,0.017608421401878786,1.0312280869242426e-11,85.95778019572246,1054.106553972448,-35.56115713632998,0.010065061390667334,1.3525516590214062,1.2988247728994555,0.1622148296180606,87.51064554643986,94.561542205984,463.96738052368164,339.9144690815648,True,True,True,True
344,True,94.54296046348851,0.026149816024535234,8.70981028430559e-12,87.2179675766708,1101.817304611126,-30.1182290713935,0.009915032854588333,1.706921066075115,1.2542853064847908,0.1344915679827089,89.27743414617288,96.42236339439154,333.00764083862305,351.0990278349598,True,True,True,True
345,True,85.98555172250029,0.02260653637954479,9.113465807076186e-12,86.08324671248604,936.1840878485416,-29.741214115278684,0.010327949174078307,1.394403598345931,0.8875172919809673,0.09133829352654185,89.7085618103652,96.68765625389545,312.42786407470703,229.6478555375835,True,True,True,True
346,True,82.30475492476788,0.019963042709707474,7.002403408563617e-12,86.56853971988403,992.4587349220039,-28.771072496534643,0.008429220494909646,1.260257193106462,0.8434746677747778,0.05939395403512149,92.95841875230084,97.33967577736395,258.2672119140625,213.0416369461179,True,True,True,True
347,True,95.96681907943365,0.016323948380764536,1.1665881484822038e-11,78.31592608659061,1068.0004115313923,-31.72706211226927,0.007904068090990191,0.8086232484779019,0.7710571499817632,0.1057579202275456,86.28403611456726,93.81571557379527,426.36905670166016,415.29217588834615,True,True,True,True
348,True,103.34939302243951,0.016352026014468366,6.894811073605205e-12,89.67592586597951,951.4711689032449,-25.562299194822067,0.011109744110087812,1.4338703382033837,0.9135165203748359,0.05333363246741317,94.16172217164402,97.89857288189893,298.0263328552246,131.12249549530387,True,True,True,True
349,True,85.24262448075352,0.030215123192734707,5.738060092998288e-12,87.0732272439416,1035.0419275285674,-29.196955409690524,0.009747597885619415,1.395375797519289,0.8539683622772275,0.08630841666195764,89.89325360581228,96.9280836479497,284.7188186645508,216.7147181572037,True,True,True,True
350,True,94.86481856213724,0.005483078515083237,6.108039735414461e-12,100.2259242849147,978.6964092013673,-27.30328080651562,0.010326860261185008,2.5037271852735166,1.2387754743861086,0.020352432187681287,98.35705237886089,99.5665552401363,228.36559295654297,164.3442272773239,True,True,True,True
351,True,91.84805430752259,0.01488147288100861,7.430301799694407e-12,77.94335113871742,939.628321758652,-25.245669866073197,0.008880901535449747,0.759445700123503,0.5104144246926954,0.047685299409736225,90.65753295697981,96.55899612273933,346.2493324279785,244.55505859455727,True,True,True,True
352,True,95.37073362944776,0.029679073720931516,6.449601302944541e-12,91.71049664580622,1200.0,-28.755944327823332,0.010414318981647753,2.297921772535686,1.4623425586180994,0.11879156962568943,91.87662501336578,97.4793654482804,279.22149658203125,239.38077611209678,True,True,True,True
353,True,122.27335397598337,0.011596342644525038,1.1006039987394129e-11,82.46156095997736,1070.2071158452936,-28.174449504172927,0.00931219961696363,1.3301932815489657,1.1450800310821763,0.1076639219094009,90.59769457269712,96.07539495535508,418.9878463745117,349.2837836307559,True,True,True,True
354,True,70.10091177955755,0.015600287381318948,7.685229890316406e-12,99.33234801519784,880.9654156881772,-31.254638102499488,0.011383927449119298,1.9808348849006174,1.1124633068376286,0.0459125428527657,95.8728937331623,98.70320503977632,190.61973571777344,136.6950068895818,True,True,True,True
355,True,100.56911972059143,0.013261453413459794,7.969147426998453e-12,89.24362506468937,1026.059773566539,-25.346009550385872,0.008919775274808271,1.569560500264602,1.0155387943777492,0.06143022898140398,93.95097170866387,98.02063828670565,313.66260528564453,287.7277056203396,True,True,True,True
356,True,103.7912207134627,0.009368282626188421,5.223148150009074e-12,84.37832785179485,959.2682595677227,-34.03877710359791,0.01136300953402187,1.342416622313953,0.7334193521867591,0.027356656405851925,96.26998437874792,98.86958418034645,285.2431297302246,193.82782149224508,True,True,True,True
357,True,86.09433766481239,0.027684186530579306,5.954952403305047e-12,90.35706203062506,889.8155894629588,-30.206433569186185,0.009969817591494056,1.2786284292987689,0.9855673242775211,0.07896439212942355,91.98792510828126,97.2159177819834,259.85376358032227,228.3263220043523,True,True,True,True
358,True,70.8638717778311,0.03340413174399427,5.574312109432684e-12,83.65639086525131,1069.4663815695308,-30.384143110008367,0.008657751011694421,1.197938141417362,0.7639611875332548,0.08045513042059402,89.46868875886554,96.1956785366358,239.34207916259766,245.7367420612038,True,True,True,True
359,True,86.03245208838038,0.034555836946033716,1.0277189072218386e-11,86.19804486141766,937.6577316947903,-25.622415724400916,0.008762663978588133,1.2515187826476646,0.8902728213032911,0.1375730437083211,84.54709158627074,94.04850953788899,373.03232192993164,240.74019312181562,True,True,True,True
360,True,103.79721620124617,0.02583274698308969,9.804012263267766e-12,89.35738011669959,934.1625981814552,-35.03127626754401,0.010771818836022592,1.4290564596611766,0.9574935873389788,0.11138261342036268,88.36727317099721,95.79892826246716,374.0809440612793,222.60600580505505,True,True,True,True
361,True,121.81609310787789,0.03417183926106077,6.5495812481581385e-12,88.89682415575534,982.993586960388,-29.722048846596486,0.009392705613648585,1.4481361236497443,0.9285874094888533,0.11058257098515464,88.09131269117407,95.80462396141236,393.1150245666504,167.96464452167893,True,True,True,True
362,True,90.15413330646865,0.012153985353047432,1.136598128359151e-11,83.16732553394374,917.4093587683368,-26.312309698157726,0.010006207929902717,1.0165797721214866,0.8336289654731073,0.06782734850583721,91.8636046352656,96.78076071718397,336.3555145263672,250.32996383799406,True,True,True,True
363,True,120.09330433191823,0.02176560667428684,5.380144603175452e-12,87.05623422195976,964.2492018850937,-32.85368016517206,0.01125011209883056,1.3021794911053155,0.8349300200135642,0.07165301022469578,91.41808193415638,97.3146543910329,359.52280044555664,220.25476486630825,True,True,True,True
364,True,80.28627656038358,0.022809919311645967,1.210126023629897e-11,86.84956274185761,980.7825438047103,-27.969203246495304,0.01047845624445426,1.3532842388662139,0.6721399088723615,0.09003684037117853,86.60444958219608,95.77896819613522,343.1897163391113,173.76202398805674,True,True,True,True
365,True,76.03951530987194,0.018067581287547305,8.421163568343244e-12,90.0296196871651,999.7667164554199,-31.302898804369665,0.010379275519314847,1.5918677430539485,1.307327659657799,0.08208191567766304,93.72139684559657,97.69570252720254,235.2860450744629,278.53828287650146,True,True,True,True
366,True,87.24159022153508,0.021609520678469205,1.0500720056617627e-11,101.63479203680674,1026.7013645736256,-34.17156334481685,0.01011522428522483,2.9163177252549537,2.011793824315713,0.12823088938360094,93.62604220006406,98.01030359124631,253.15574645996094,238.78497814185053,True,True,True,True
367,True,101.4896970282489,0.01978097179574731,8.728147134933395e-12,102.35077195558172,900.7821423196809,-25.82799110415546,0.01051161132903492,2.5198332970579753,1.503289328544091,0.08584215316261397,94.28971179847657,98.3018175209291,276.94494247436523,141.59522178331142,True,True,True,True
368,True,67.35889192445512,0.02013276192741873,8.095122959040511e-12,90.35051163244745,960.8414419696152,-32.57537855071295,0.01091323470744748,1.5479181820161763,1.14293733567685,0.0777983760655424,93.19311972432241,97.58053519898928,211.0133934020996,252.53784195524375,True,True,True,True
369,True,79.63746319904948,0.018899318544278655,1.0667159016021965e-11,81.61113700574865,1040.5764322549255,-26.51603578232321,0.010593885145935738,1.052920495754747,0.9348464426883264,0.10578776290299123,88.68394229550913,95.39396105827406,321.1277961730957,273.0798748441419,True,True,True,True
370,True,94.1635969084184,0.019543450243080625,1.1688333735966871e-11,90.73977561134164,964.1148941296085,-37.301715978327195,0.009250904317010632,1.744231993820953,1.275805608348038,0.10924274905277549,91.43735155748162,96.78642575007507,317.7663040161133,367.8461527699795,True,True,True,True
371,True,96.21138573447591,0.02328024913177131,1.1563270050605379e-11,96.92171356660246,957.8372556089676,-25.406076642376483,0.010363910634736566,2.1484838280913094,1.4171995897672396,0.12890697774928675,90.90410562633183,96.96031894808128,318.3587074279785,188.2240496892572,True,True,True,True
372,True,74.2965671816173,0.014520493263276427,7.023752728830168e-12,91.16653361599238,1097.7628678090398,-31.53433008252813,0.010934803733030048,1.852806251514006,1.203825905028983,0.0557822973549627,95.3662487971116,98.5046702214573,216.1702537536621,268.8001119512045,True,True,True,True
373,True,137.6778487640896,0.027863762239701363,8.959809137551552e-12,85.41396181841898,1080.4634921049324,-31.695307192480467,0.011526045457107878,1.4308598190313755,1.320870372945048,0.2039316262186502,84.56081456623494,94.10098123429209,497.70713806152344,322.70489502210586,True,True,True,True
374,True,84.76738965926471,0.017971505406105606,5.642329153161155e-12,96.56135487343515,999.8360224736408,-30.383560219897895,0.010994356544805444,2.2065053567984636,1.147761908698934,0.05343572378318061,95.34435466291492,98.83054367759956,226.98785781860352,195.68177809129074,True,True,True,True
375,True,80.55799346547293,0.028026480494575047,8.699533991126503e-12,79.75247562455907,1063.3476056196648,-30.462090378206398,0.010718918825502789,1.1575979180278755,0.7538934936988883,0.11495711567218574,84.75154426546881,95.0098778983535,363.7422561645508,284.10493164705014,True,True,True,True
376,True,91.76755904610282,0.022072299595708642,5.308255832599841e-12,93.40120111060722,986.5633244808097,-33.73115208647877,0.011239184977090009,1.8287658332670766,1.1976435905829181,0.06761037538069462,94.35471655237706,98.39886595002747,247.5948715209961,208.1526861490286,True,True,True,True
377,True,109.16594886382562,0.032584347223762376,7.0881655129281745e-12,91.38457570990496,878.91758907547,-28.927006597717043,0.010137396810192817,1.5426969019284185,1.0096645428446902,0.10779766479419838,89.32341780662291,96.5614076410654,349.29759979248047,209.56445659399947,True,True,True,True
378,True,106.99102675579653,0.012416261801883408,6.575364451104675e-12,89.35131887026414,1010.9359312369103,-25.570741783051762,0.010989559019629135,1.728501360605521,1.2079328034834678,0.05556207418062231,95.40023468024124,98.4945337744986,293.9816474914551,179.28963748544243,True,True,True,True
379,True,76.38037433777208,0.023121662257524066,6.8723614604353415e-12,85.35394604238736,1022.3229865723524,-27.12558981882045,0.010898596354947067,1.167784697802711,0.8807869058550407,0.07962217006274541,90.96010970037631,96.70770457116654,261.44031524658203,199.14899806128065,True,True,True,True
380,True,69.88461195637528,0.024048734942546852,8.716384560754003e-12,103.0321722259159,1147.192772776441,-24.751390721212992,0.010229594294365405,3.0322992835315,1.9284464404897659,0.1275964122623299,93.38346092568045,98.10622761588984,204.04754638671875,220.05958424639854,True,True,True,True
381,True,99.12861491252823,0.015017502191937822,6.428840806223203e-12,83.03741342789544,871.2717121510469,-25.811089288495655,0.009910807414180394,1.0792963888002005,0.6519818409986214,0.044152418392306256,93.22796807888403,97.85633895181995,316.34998321533203,179.30517233928748,True,True,True,True
382,True,78.9170406267112,0.028288926269063888,9.443275762213759e-12,96.91531413059232,1101.3491930460914,-26.712774174529905,0.009628375238815726,2.557478547710372,1.8921961303951877,0.151950236191407,91.96963603557988,97.24080399915084,239.1741180419922,210.5485737980943,True,True,True,True
383,True,112.32297500192757,0.016460764776362227,9.676298734166899e-12,83.23947835440946,962.4271497486443,-26.48268221709194,0.010431924488367208,1.1430662255835917,0.903295914947286,0.09129069408442572,89.89360047202769,95.99920535221287,397.4638557434082,204.45738441049087,True,True,True,True
384,True,85.18339329882218,0.01754096101872253,7.851098777317635e-12,92.78144907341171,1062.4014557257365,-35.064845703939184,0.010560854312298425,1.8520667319462827,1.282979330594124,0.07522419999063992,94.13675667278248,98.0084363800276,254.33828353881836,290.52363268829134,True,True,True,True
385,True,48.294339282373514,0.013489552342175597,1.1237082286163077e-11,94.54329852163444,984.0380906325042,-26.36103407303392,0.010815674515657516,1.9270112699906439,1.1963710957839364,0.059728827001780956,95.00749999625803,98.18875389700797,151.3871955871582,151.92979227060843,True,True,True,True
386,True,127.60832833371174,0.018065620034068027,7.233248362324219e-12,83.05572618548557,949.9002226877765,-32.94321044334752,0.011676861185845733,1.26117550746667,0.6824477151789486,0.07213362433150444,89.43016106184928,96.66953913627371,419.82311248779297,208.21740778263776,True,True,True,True
387,True,92.62306737485748,0.013783319570967343,6.664430326391963e-12,87.70918946448496,1073.038623601938,-32.82473862220217,0.010315888269886105,1.6325728177789507,1.0674778658137196,0.04974174349413871,95.34025527955828,98.37593120581768,263.96427154541016,201.36180087406245,True,True,True,True
388,True,58.567120476233036,0.00792162512086522,1.0592775790735725e-11,86.76343376669143,1086.1985000478198,-29.42206889419672,0.008832754867582098,1.5410419286707298,1.1917240294649218,0.043236642659932364,96.37192490954929,98.55775842650142,189.2760467529297,235.2144469228764,True,True,True,True
389,True,107.29793075030595,0.01174973171400103,9.159215641226708e-12,83.00118535437659,1086.083527255129,-31.106104795601674,0.010114467387001544,1.2774708483320427,1.075360311558207,0.08864266862207003,91.756933218632,97.31070309221185,378.15967559814453,476.06744793421024,True,True,True,True
390,True,76.85608060155934,0.017256763484661816,1.3716922735704031e-11,88.67672407623049,1129.4713122228336,-32.25409894780439,0.011122099528451041,1.9979399165804848,1.5835169109298737,0.15244102786378141,90.37326176868771,96.98465274378427,292.65384674072266,383.36837510147836,True,True,True,True
391,True,84.78157245243712,0.022121454510830543,1.1535860943592289e-11,92.06975162254004,800.0,-31.018578110375312,0.009644370246242357,1.2837670366451532,1.0294597877712282,0.09463149060998385,90.80765545831953,96.1648591479446,292.7877616882324,218.67131126655994,True,True,True,True
392,True,114.83600253400294,0.02147303916964763,7.927224926480956e-12,90.46159284691211,909.1487922897052,-28.17435159951445,0.010749961591735507,1.6391412531129137,1.166193782810058,0.10507627055595696,90.98981043246815,97.29498827648257,361.37718200683594,247.41718360314968,True,True,True,True
393,True,69.86523496670853,0.02651216960642582,6.680327710685115e-12,96.36143868496724,974.0462617845076,-30.666161950704492,0.009470471207298605,1.8100580999933271,1.2438814176231971,0.0890123115243761,92.84398735576737,97.7229019875946,205.48883438110352,235.9481349933389,True,True,True,True
394,True,100.47901139762813,0.012351835036932476,5.270256933320772e-12,91.29862443666812,940.3479408487356,-28.192168704162903,0.008808894032393613,1.643037863853894,0.8698124108111509,0.03202764753672057,96.3178672621085,98.90958821045525,259.80382919311523,190.80697849950718,True,True,True,True
395,True,104.17962895605513,0.03252507450592098,6.586958055458676e-12,93.29232690156427,1022.7105994255814,-32.79198579169599,0.009463211436148094,1.7859637845912804,0.9576676849665366,0.10162985992667213,89.38777390925294,96.90174315332443,337.29745864868164,264.5867487692615,True,True,True,True
396,True,91.0216929929991,0.022522105578213564,8.309780440486868e-12,92.0565573311122,969.4729921056072,-25.22929652432887,0.01128056328184793,1.7577792975094755,1.091493676751407,0.09406945407264275,91.38158506308346,97.43663318633597,299.34505462646484,208.5113560260457,True,True,True,True
397,True,85.04273430484776,0.014501603027705218,1.2237682749622054e-11,81.61799702831784,820.828822705747,-29.803413936288923,0.009871745304349422,0.9755700538858361,0.7578995660566391,0.07178916868417692,90.52787837606282,96.35466341933255,330.17499923706055,230.9730655340207,True,True,True,True
398,True,57.18413748891832,0.020073220568196427,6.6805461678439e-12,86.83562304853014,885.8291367741936,-26.928001004546914,0.009306571286417173,1.0823984622844949,0.7218179787430413,0.05206690654072169,92.78669857581133,97.41303718844193,185.36981582641602,211.3995014167123,True,True,True,True
399,True,115.9287399478011,0.021496289701615556,4.674990813004788e-12,89.51179614070973,966.3627011701528,-28.211271715390076,0.011038159689655899,1.4908368111991166,0.9122080782729509,0.05786739024826966,93.65633876452533,98.01195444185888,307.05310821533203,138.01873139187086,True,True,True,True
400,True,71.89428908368983,0.027276779294266577,7.680496376793757e-12,81.59163844908561,1042.4410768126145,-27.01733348865812,0.009818112121726223,1.2127321605584223,0.8873268191914501,0.09016546264261527,89.83852840999714,95.85795693175301,251.38307571411133,151.58371857348394,True,True,True,True
401,True,93.047882199889,0.020846007031191337,5.673858735037489e-12,92.39970028061278,870.736546101926,-26.60919407804267,0.01006724678206533,1.5077391301734777,0.7933458341685895,0.04690973110673217,94.08710185566265,98.2539421184259,260.3190612792969,127.2867208369798,True,True,True,True
402,True,81.12387316109704,0.017821441610147034,9.239776249159048e-12,92.01026907531667,939.897803080077,-27.846456157876148,0.012803737908105389,1.9106908871378718,0.9584962403485079,0.0675813546812312,92.9492311147033,98.0373074204923,263.5602569580078,123.94103351434451,True,True,True,True
403,True,74.36273259844194,0.013651518030361135,8.507026796990513e-12,88.04846881794644,921.0301990123363,-30.64660637179532,0.009653447922071354,1.2443718679293865,0.8956911565164192,0.050677247179216234,94.34210700747416,97.89643630282808,239.43059921264648,238.66056741592362,True,True,True,True
404,True,76.73233185904391,0.0044586937151055005,7.49597291447238e-12,80.7022258975711,877.1126307443036,-28.445522107799597,0.010380242206189896,0.7723265327768761,0.6504980112153869,0.014967185748364486,97.69911890731228,98.9817750725594,242.47886657714844,171.02540230402323,True,True,True,True
405,True,83.3356859513259,0.0187464066711734,1.1141761183338615e-11,96.9549267764595,1022.5788670104739,-30.900633086177443,0.009731342376360006,2.289273086829135,1.5212960911839652,0.10118591290583369,93.34870355007061,97.69174286916775,259.01622772216797,281.2887774084739,True,True,True,True
406,True,75.35514092931443,0.03212214902765609,7.6653969285869e-12,96.3825122048605,973.9074780160684,-33.25651003811558,0.009908795789550418,1.9292457305751685,1.1103499969847426,0.1006249179735714,90.9375495792473,97.08693932309586,235.29512405395508,198.26938214425903,True,True,True,True
407,True,96.26398359149724,0.015410058116469012,7.42637585441895e-12,84.29981796587323,1015.4487716087671,-33.30144460173274,0.010179476007611528,1.177117559306648,0.7409940399068415,0.05121359272935456,93.0885283860322,97.43680378148339,310.9774971008301,241.96045077754596,True,True,True,True
408,True,86.66359004496184,0.005625810900577359,7.528536076976278e-12,93.70227682767953,1045.846655549339,-33.89889658654317,0.009413295766492528,2.1134591610051148,1.072479069027808,0.025156651502789083,97.65434569034589,99.39028425257862,248.86592864990234,283.07381714849265,True,True,True,True
409,True,70.67145511830387,0.019846328335881624,7.133207148753905e-12,79.19676986844466,1060.469475182549,-29.10223693389596,0.009012138971725961,0.8642858407480135,0.7927306390582046,0.07502502678502287,90.53587396670379,95.96418545193724,259.28632736206055,371.06720713026755,True,True,True,True
410,True,112.61352463565257,0.013398782793411002,7.319143426150444e-12,104.1883654598134,969.0821533328296,-28.60440114542247,0.011176521774886518,2.855705717215883,1.6087722532888755,0.06645736565653673,95.86906316163302,98.88583779328653,281.46400451660156,167.34763970398282,True,True,True,True
411,True,129.9088932563259,0.01787550035355257,7.150600400701405e-12,75.18200915334043,943.5165703279037,-29.435225416855722,0.009483234132643573,0.6874345452242694,0.5645534179321712,0.0824491491510908,85.3956868327743,93.97643998172983,495.81871032714844,257.35135839548315,True,True,True,True
412,True,93.12883454405922,0.016424182929332187,1.028802698931109e-11,92.29834872698196,991.386731775981,-25.50676065165258,0.010440377181159166,1.9764607374299945,1.1822371370234013,0.08210366111641443,93.0552290614781,97.79794148430678,299.43811416625977,188.22845491179945,True,True,True,True
413,True,81.00927061519612,0.018964527915209334,1.0448770444438275e-11,92.61396642831922,1005.7186543572071,-33.611248551557765,0.008706028325403976,1.9531714276204444,1.5201546002141537,0.09826642496284539,93.53576110291664,97.4850404888002,248.64803314208984,318.60261156002497,True,True,True,True
414,True,96.03973922053413,0.008616086141684758,7.705594085409718e-12,77.84259801729574,1082.0877164992248,-26.138879659979594,0.009549575685617994,0.9721585528614122,0.7807119187174311,0.04479619381790405,94.26213527116428,97.83472761789736,329.8436164855957,263.08954909023595,True,True,True,True
415,True,109.37867338269061,0.02588494128832106,6.961493811581338e-12,94.27667541816814,1174.8331914120736,-24.971940108808965,0.010303988052262195,2.4529655255503413,1.8353582561963089,0.13605681975980896,92.5869067087872,97.66326315876144,305.4098129272461,220.5359097384238,True,True,True,True
416,True,89.14907913824415,0.01669004395496035,7.875192219337237e-12,102.81295309671287,1115.5398930650133,-32.6313945581265,0.011080811774421263,2.9634359221824305,1.616555421154934,0.07481898607922571,95.37170299885098,98.70999907990154,241.4847183227539,236.9066847393059,True,True,True,True
417,True,113.45153808946067,0.011907893755126145,9.58500992576952e-12,87.00118022298138,1019.1102333516902,-30.03902473038699,0.00956408899999604,1.272049830341726,0.8850930702463944,0.07382471004217392,91.65910201718985,96.94347954964923,388.060302734375,238.1494380032415,True,True,True,True
418,True,92.42596978133403,0.023095721954874138,8.659870578361602e-12,104.62948325274017,887.610259985574,-32.24456474401939,0.01065549288724317,2.5747675725231014,1.7356784313071087,0.10238301343444493,94.10126832322608,98.24982681021739,250.62725067138672,232.60302016205904,True,True,True,True
419,True,93.95931660082346,0.025731714016472333,5.996863357268487e-12,79.51951645363515,979.9283374668983,-30.670229548197057,0.010571863628880736,0.9354600877122698,0.5103712220523886,0.0665406903330958,86.96229578432902,96.1666668206588,373.7654495239258,275.9349955133729,True,True,True,True
420,True,116.30292713597969,0.023258547591239177,9.559270253361125e-12,81.24613385125832,977.6930332324139,-32.35753536460193,0.009780000803018283,1.0279603870078722,0.7867478989943197,0.12291479453136912,84.37685125203537,94.25678457088922,485.6865692138672,314.02736491595266,True,True,True,True
421,True,118.7973885349598,0.02117033872682007,9.33785861903735e-12,102.60129245048464,989.3730808722916,-25.79051873414695,0.00921589514158989,2.8598453574546707,1.4865217407036162,0.11116884481984089,92.52154598376602,97.88670551742992,337.01147079467773,194.61670455347127,True,True,True,True
422,True,75.09578132673245,0.026951301615541334,8.627980286693752e-12,90.38923946552652,1021.0684536342085,-27.40588527089291,0.0075136568211419275,1.5505351764260045,0.9565848862429255,0.0898602654025983,90.60613786660035,96.52883512356755,251.66452407836914,199.51327442655452,True,True,True,True
423,True,78.16970496025048,0.015209980284935063,5.6506689866068824e-12,86.80673447733783,1082.1794422630014,-29.424983873684926,0.011223403193862691,1.3583300293383203,1.0703193026380757,0.05286543483137153,95.06077908703774,98.32751368840752,229.04424667358398,238.33065945409072,True,True,True,True
424,True,101.97424416559069,0.03396825027805675,7.259386585368513e-12,88.91483552760944,1055.1419790839748,-29.061376545793763,0.009433816692320835,1.514436575516028,1.159247074393703,0.13067154868467584,88.7278948922068,95.71466251315131,340.6180953979492,289.9438493707447,True,True,True,True
425,True,103.71096295679897,0.024523940847678324,9.513286686639301e-12,83.6016932425453,1037.832374405213,-30.46484022461777,0.009225812212774586,1.1885410816992483,0.9397981666781302,0.12277913237402645,86.93558503013372,94.86254794252659,404.6975326538086,285.96869298273134,True,True,True,True
426,True,89.48549207885858,0.0239720579217923,5.452388000128445e-12,80.32542692558627,904.9719404561429,-37.6056780620791,0.011098020205283507,0.8993625721209588,0.5855598603835851,0.05593682315180065,90.44729208126427,96.79145187972603,306.0203742980957,224.79813918636194,True,True,True,True
427,True,97.90117550034603,0.025858403506581144,6.327537993492101e-12,84.16971745515684,978.9781045062213,-24.79670512314641,0.009168938177624274,1.2041239707793172,0.9397081398918317,0.08030236623150598,91.45454180691151,96.60145762925765,304.0434265136719,180.90426325670455,True,True,True,True
428,True,93.70287439764893,0.020004401213185502,1.1917211339255619e-11,86.14824556976396,904.0881541367833,-32.46964661585135,0.00995471139032122,1.1520877093779998,1.0156280553943755,0.11341473215302574,88.8330445825479,95.41068044073396,359.5750045776367,294.70462074667324,True,True,True,True
429,True,80.23961959763693,0.014463146513144697,1.0113542643518915e-11,77.30044851835142,936.2316167217093,-38.421096807474505,0.009387510309853,0.7112645451886381,0.6167298674048195,0.0699858823618394,88.65210101525683,95.52701443878745,343.3871841430664,417.8791369182099,True,True,True,True
430,True,86.90208585312364,0.027746750736833525,9.430494997344469e-12,91.53851295607845,1030.4644912160736,-29.937594229187653,0.01246717269372297,1.946483142615442,1.396004435365469,0.1377623215099514,90.13167021393555,96.67905999770753,292.34289169311523,230.75590678576418,True,True,True,True
431,True,97.08710637812656,0.009965749417265949,8.342354651208376e-12,84.7154240858712,917.2417077292807,-30.625991510315828,0.010755069145770627,1.0859571856646748,0.8898737507781529,0.04708244617545669,94.70908697618226,97.9595397249014,311.58124923706055,258.72376235904125,True,True,True,True
432,True,71.84786412475466,0.007322906027860844,6.3701454406359815e-12,87.5955510379003,996.1624676263981,-29.19514124943949,0.010846812119234567,1.4193580753168795,0.77543987975925,0.023534102397468136,96.96506421558114,99.17285533106484,219.5158576965332,245.03469132745818,True,True,True,True
433,True,80.39916648859209,0.010365588844260382,1.104001775033299e-11,95.6446296569619,998.8024993725692,-29.71344563370102,0.00877794113315051,1.932491439489617,1.4796075850785193,0.06537771253002445,95.58141542464755,98.50889649785218,251.33087158203125,304.025488750369,True,True,True,True
434,True,78.92231879487689,0.02690997801997118,8.206731370623319e-12,100.00025189577998,963.6343427301758,-27.964752009132443,0.011239710313153796,2.2491165169925145,1.3938261701191468,0.09864170909804759,92.92295472615388,97.70175950487713,227.81177520751953,137.86368706466195,True,True,True,True
435,True,139.59939964284715,0.03294791679022045,8.937118518405072e-12,85.06147748959339,1026.1756328326503,-30.385712584390546,0.010422734638129027,1.354769992245346,1.0819824867394627,0.1946834733973412,82.00678146057459,93.24456214996337,548.0001449584961,300.9263327215454,True,True,True,True
436,True,94.57890194491453,0.01709757845949319,7.029517689145866e-12,77.15015421761774,971.4705254552957,-33.593981880676964,0.008760727602057036,0.7321516828566687,0.7056580178125408,0.06805900503642515,90.35524243777456,96.02134686885935,348.13549041748047,447.7508890833219,True,True,True,True
437,True,110.31963762497168,0.020012695364404018,1.0306772376931835e-11,96.89430798208593,885.2009114451555,-31.932560579974275,0.010059819860556114,1.866099501173827,1.2630771516289638,0.10509360168131299,91.67955801070616,97.18939535045206,345.83396911621094,207.7524328241115,True,True,True,True
438,True,139.1200954910675,0.021539121614139737,1.1065122494987635e-11,95.99307053213222,1110.970234679246,-30.91601860487798,0.010797318114302104,2.5087006011185577,1.8892135841987305,0.2115850684705236,88.80036274139628,96.05640549809469,431.0492706298828,229.62525830227878,True,True,True,True
439,True,77.81249157379655,0.01726408311239233,9.441364642228615e-12,84.45428991865435,942.4100908894424,-34.18727610569918,0.008154478772424853,0.9854519489179542,0.8369418986629886,0.07615705463694501,90.90055656687692,96.30254464078398,288.00086975097656,409.60974713721754,True,True,True,True
440,True,74.0733109535489,0.017483390013942248,8.88953092911124e-12,86.6440502464009,1052.1537181691185,-34.57605843117099,0.009798715453345415,1.353643722891249,1.0445850248683781,0.08685510727691363,91.68520463062758,97.16909913845579,263.181209564209,407.3428941586857,True,True,True,True
441,True,86.01905860386408,0.019992367391204784,1.0357634496015317e-11,96.12477893933162,1120.4640557335713,-32.413108077197776,0.009275875107749193,2.7263126926606094,1.5846228352662168,0.1063507698480004,93.28857520659587,97.88870792648663,262.23472595214844,245.89953538930104,True,True,True,True
442,True,56.22301187344496,0.02134614782215778,4.9053487285923985e-12,86.58639847513409,989.1289772137532,-31.16485746893786,0.01079497786021638,1.1793198679741104,0.7424749687979454,0.04805847329873242,93.5272601342321,97.90114746629654,170.26012420654297,253.30900458116267,True,True,True,True
443,True,82.18879736318314,0.034079808905678854,1.0564883070175723e-11,98.55216140421548,1018.5366810374869,-23.794108706844142,0.009004193403414629,2.5123975817928175,1.6070860461283447,0.17574554572008097,89.06433503399073,96.56545326630358,279.43939208984375,229.73370494143794,True,True,True,True
444,True,58.054549456712685,0.01663298194124597,8.226645955045698e-12,91.1728208318436,952.2025520971268,-26.386987370156177,0.010829442678564763,1.5054423655918359,1.1489818129219078,0.06692873588205413,94.17495254238605,97.93377041147433,180.93927383422852,212.47392475053775,True,True,True,True
445,True,70.363280611828,0.031010244087252996,4.90843084486965e-12,105.0,944.2886459796252,-30.949749833763082,0.010330575344300296,2.3953186862196842,1.1296373843026448,0.06467543795419137,94.27467266461642,98.5402016951772,175.33300399780273,127.65396794215914,True,True,True,True
446,True,72.75033126763783,0.02143938382383451,8.55912194692204e-12,93.5874421250185,1034.7231620564205,-32.4630426268091,0.01041817216246206,1.961949203860533,1.2651916307147695,0.08207250320029268,93.51303777168319,97.68449625091111,217.63877868652344,218.92532778466526,True,True,True,True
447,True,160.0,0.026680985897514005,7.519036876214779e-12,94.12353850240456,909.0227603817325,-26.69637305103527,0.009680306245320847,1.5046426521335483,1.0454209469578026,0.154297402594768,85.24064368101895,94.87312755043995,499.1575050354004,174.53091180702728,True,True,True,True
448,True,108.64644287854601,0.00605353345118291,1.0096994128666958e-11,96.57135841915971,1011.4999886269806,-31.97660002878449,0.0090833830516458,2.2653477976349277,1.5617130049866823,0.049763992478435604,96.81349951498547,98.87482692266364,298.63916397094727,211.3270097941313,True,True,True,True
449,True,84.09816074993061,0.012942241591022169,7.86865094931821e-12,92.37750925763349,870.2750056314937,-26.78574758320091,0.0103955012494099,1.5035540076819265,0.8902716506529699,0.04347625061237799,95.11651858390748,98.49004449832624,254.5924949645996,169.9086441393149,True,True,True,True
450,True,67.05703891192505,0.018099841141409653,6.701801045781812e-12,75.75822582414335,908.1913183276874,-31.768018959632855,0.010940474223267093,0.7302267986690993,0.4888818962754875,0.046656359862682184,90.45651716332095,96.52543238353026,253.70502471923828,176.43553266484392,True,True,True,True
451,True,106.37353683142253,0.016275830281745007,6.807344491236742e-12,95.26843176997444,974.684608528313,-33.05167514594959,0.00979424320339851,1.648567364421068,1.1143027993245618,0.06449675459936773,94.21191846251642,98.07202162666096,302.2185516357422,296.1613890600421,True,True,True,True
452,True,134.85529414549413,0.023068550948556824,6.236197383618463e-12,88.34133024697896,980.7442748249186,-25.42659729585128,0.010713242299688001,1.5362610810554165,1.0575331875050327,0.1037538366989642,90.1890703833377,96.7573249803485,396.21776580810547,173.11430183434095,True,True,True,True
453,True,117.83061077900933,0.023280586714682104,9.049861911402357e-12,96.77350392518106,1097.0327051036538,-29.35317071464345,0.009552168243341333,2.403277627589254,1.9652073127422787,0.1692309828090398,91.38864476476569,97.27274741820571,351.841983795166,305.79750138173563,True,True,True,True
454,True,95.76603862984734,0.033295237915254336,7.0034840432848265e-12,86.47197264191891,1045.4755246517134,-37.52787853217271,0.009697614623903332,1.5136897791071977,1.0530372381629567,0.11864111220649955,88.73343620654182,96.08142357465601,326.18932723999023,313.5730709538922,True,True,True,True
455,True,78.14955314475134,0.013446231973626259,5.724626598542965e-12,85.53661590593713,1098.2703734465788,-33.53201091948065,0.011323451929441208,1.3544338487098724,0.8962823703107881,0.04232639402691945,95.2775603505129,98.4376570296662,233.38172912597656,270.0150885152427,True,True,True,True
456,True,119.01129710486519,0.010867379737177758,4.8230991121787334e-12,96.23130289303384,997.7318600613895,-30.48193774087592,0.009821714378882669,1.9276013075709557,1.0774032086343348,0.04343742517640448,95.96832227449335,98.93409374257993,296.8687629699707,224.60204695271167,True,True,True,True
457,True,60.45281050905575,0.02168000844377294,8.223974894302434e-12,82.58321551890876,1073.9962237941236,-29.2976893268829,0.008225353940863541,1.1450208918965004,0.8799474517810487,0.08464980425806216,90.38012962174871,96.13603632125448,220.02201080322266,309.59613955248335,True,True,True,True
458,True,97.54411779790586,0.013180044392192974,1.1005789220810911e-11,86.87696577697261,993.077864175671,-33.83752776763448,0.011821485743518718,1.5289488813534562,1.2686729672729309,0.08040933627929364,93.66193350425547,97.38309819627968,314.27316665649414,262.84674098138316,True,True,True,True
459,True,64.85827970075003,0.021991843617282122,8.601545993821889e-12,96.02452469963417,1081.260907548451,-28.622334573171315,0.009959832412797754,2.377520908105649,1.7407232538077302,0.10619933275800134,93.89912597963539,97.93748624994444,188.2455825805664,190.07375545256934,True,True,True,True
460,True,64.80841628485182,0.03575457739249982,1.183266858622591e-11,83.57282708175613,800.0,-31.84746995914304,0.00990215291118171,0.9755512452467598,0.6502021258793225,0.12259717318068947,81.14475971377499,92.82670551553758,385.5772018432617,197.30109035755606,True,True,True,True
461,True,100.52401548661234,0.02262283406133507,1.0574421736139037e-11,90.89767803421474,926.815082462627,-32.75824135657852,0.009154992769484891,1.6628146559610943,1.1549462124972485,0.11295549158389154,90.2198483044802,96.55702340915002,343.35540771484375,279.8311731153598,True,True,True,True
462,True,90.3365717405019,0.013025518257244822,6.614828495308019e-12,98.6054914165161,988.6584139327991,-33.36839273666673,0.009720483064794365,2.25372330303244,1.1376668338193587,0.03813134337201041,96.64828557548817,99.00736427932534,229.55266952514648,175.45245379593626,True,True,True,True
463,True,109.01239751537264,0.011794269258746236,6.218914678525147e-12,89.69326273657452,1129.7601530512068,-31.711111409946696,0.009631736918730734,1.8409321952519169,1.1878851408053017,0.05486816125855899,95.38102133162788,98.51977814699634,300.5548286437988,286.2101821394163,True,True,True,True
464,True,69.0122421111011,0.022516631039736022,7.775078541460845e-12,95.20285706235015,922.8537471754486,-23.336481603664865,0.010952858649562495,1.8508315187734505,1.196157658156387,0.07596808369070535,93.64899073523524,97.89393808708856,201.9434928894043,134.73710685860055,True,True,True,True
465,True,113.25281226014539,0.012438540903406105,5.1198349818625634e-12,81.84657481858653,1056.2269467534636,-32.6113501656466,0.009922097598989321,1.155774652399892,0.7465033231131156,0.043341255408391954,94.1940974585823,98.03089216536655,331.4324378967285,280.24202829321337,True,True,True,True
466,True,90.0079977610459,0.01441701397948087,9.30380301877306e-12,85.8930092980944,1042.7037498088412,-28.129664916807428,0.009761820416576372,1.4559542307322675,0.9813389694386951,0.0701982082249926,92.84669106077133,97.52772623808747,305.6277084350586,259.2835584771342,True,True,True,True
467,True,79.73272914566189,0.030428669674050855,5.6600230803105966e-12,92.27679090763239,946.9692985758018,-36.59482108905872,0.010813949383254336,1.5318971895236335,1.0916108832338192,0.08818188846271814,91.92185697146171,97.46563931153213,236.82266235351562,272.22456665318373,True,True,True,True
468,True,97.81466980970873,0.01033284741403343,7.675030819005231e-12,85.54297153316013,1050.2020766162766,-31.638713169757068,0.00913869018449031,1.387844246024106,1.1739323504195731,0.05214508044491981,95.55808472044555,98.23758209221425,289.764461517334,329.1990954287583,True,True,True,True
469,True,101.77402564385244,0.01488670180815519,8.742246063431863e-12,90.61917890235421,1053.7880670231589,-29.894375271892695,0.00967405454318937,1.6873381820386124,1.30695150938685,0.08257600538537443,93.68178507065541,97.69965662371226,312.8568458557129,317.051036717078,True,True,True,True
470,True,75.54507395233223,0.04087135062893921,8.267835566862833e-12,97.66351753190516,954.6502986237144,-34.22447428234566,0.009132363024914191,1.9425010865070986,1.3026186933360628,0.1517426217197605,88.35095623177793,96.14055710000548,256.12911224365234,283.45259274517764,True,True,True,True
471,True,101.19613024611513,0.032883927825397744,7.476265712621166e-12,101.07163366625939,943.4762041928149,-34.31024413248097,0.008798992567286288,2.139023673662656,1.328555523351402,0.12297079234693166,90.74402309986061,97.24415273377417,304.6585273742676,284.38782641726846,True,True,True,True
472,True,90.51031736830063,0.018768233860909457,1.0145908848475358e-11,83.28359540118804,982.957125975067,-30.65499829477953,0.01136003481219246,1.1752859691847928,0.9721652154344009,0.09977879116733737,89.73643681308302,96.11575780757879,340.02342224121094,301.74150825758744,True,True,True,True
473,True,95.93222155228706,0.024231970456528012,8.29733368120848e-12,93.14647603317242,1018.9133022042126,-35.66559681092679,0.008658905361345857,1.9830394793888517,1.1283218742321417,0.09589440191969335,91.50114837710184,97.39163224920463,303.807373046875,248.614160326319,True,True,True,True
474,True,87.13605009249386,0.030688072112724132,7.383774402902445e-12,99.22164146751498,1077.5715301603848,-29.679936850892854,0.009623281674413023,2.814625505520023,1.5979906027986854,0.11316034732589118,92.9185849323704,97.85698227589329,238.60895156860352,184.27261435750995,True,True,True,True
475,True,77.03957491665798,0.020645901295280603,6.761644163939051e-12,86.7130655659956,1165.0956663884708,-32.0344310735553,0.008198218854895389,1.7097265526091325,1.3056420968912033,0.08569800745541853,93.43633238699414,97.69768148208324,233.36811065673828,415.294078874441,True,True,True,True
476,True,86.54855644526883,0.012243433035804654,8.030787336555195e-12,91.29853853362899,1071.742611250434,-26.11992188304389,0.009068274307354528,1.5574032039684784,1.3945908061438517,0.06363473277863455,95.43703195960475,98.26875830386658,257.46826171875,300.39485555705613,True,True,True,True
477,True,62.240359206021054,0.012064754920938107,6.9872003208121495e-12,86.97593395332004,1029.7607868532978,-29.794078230845404,0.010007094020473685,1.4646608917236412,1.0838271866378633,0.04492732654167334,95.85475183723318,98.55928703233843,185.63764572143555,240.00695525859524,True,True,True,True
478,True,67.60114631610581,0.024637300952012633,9.578780336294974e-12,97.76650080227725,974.030917630037,-31.79138910172253,0.010479292724038566,1.975309573759257,1.38611039661873,0.11616687244098632,91.61921931150916,97.2638172315342,220.39424896240234,257.949803949584,True,True,True,True
479,True,66.81043403837752,0.02758550505861998,9.740827102337765e-12,86.7390237460985,926.1320251800887,-26.24229180443968,0.00944969251206549,1.2482673768326833,0.9780530024030764,0.11638055380389982,88.10079274661467,95.46563712368346,256.5195083618164,260.2609467075323,True,True,True,True
480,True,92.34648300450553,0.014650270831056498,8.365646082124087e-12,92.58443417625485,1028.9792721846418,-30.357472904272946,0.010434922336958547,1.8053086840418282,1.3274020356772063,0.07243684497752513,94.54296113531498,98.15388894726503,276.67030334472656,279.989787119995,True,True,True,True
481,True,105.57345531949686,0.022470302936107564,1.1410217388086092e-11,90.23258524970521,1098.3207975557377,-27.121670887023395,0.009336096379448405,2.089650104642126,1.4297022151947836,0.15290358925898184,89.30521421636392,96.43404862853056,371.9927787780762,278.8003177126306,True,True,True,True
482,True,107.22914003196266,0.003,6.1141042756916494e-12,81.1809677432327,924.7891245811862,-33.09992385097894,0.010834194512453307,0.8878684127694763,0.6750500424493487,0.019668766753267546,97.08632464018497,98.93042548511302,322.6099395751953,216.61190236554313,True,True,True,True
483,True,72.82102775641039,0.016547418881030732,7.816372792865414e-12,89.48449584251014,1130.1176535766183,-32.2954486637282,0.007992947636748736,1.7208948404685815,1.3052975856098774,0.07659704409028927,94.13183285292752,97.94488130128782,225.40584564208984,329.89373786001306,True,True,True,True
484,True,70.5608480526358,0.026092763153494507,8.583980442874524e-12,98.90327873246945,951.9176346835662,-31.995155052254592,0.01195853559066682,2.3656919444346243,1.5994579640405144,0.11164836044935207,93.01961270883865,97.84661278354663,205.92235565185547,145.40903015385948,True,True,True,True
485,True,118.45915273320861,0.007649759533327685,8.729082711717809e-12,86.48480016270496,890.4782001076064,-28.300591090213842,0.010722491165264702,1.1737473548037556,0.9061217232806189,0.05753219222422217,93.6507214487777,97.79058754974145,377.55592346191406,185.57676992586948,True,True,True,True
486,True,67.05665077764203,0.018367831715052324,5.754661654281119e-12,88.57721018114948,1057.5092631924683,-27.965838172709596,0.009499518085156939,1.6427719307873774,1.1038215272930931,0.05473090749659147,95.041688702085,98.34047255046676,187.57146835327148,212.59249704743985,True,True,True,True
487,True,73.0484807135207,0.0030657630865370093,6.5155560585823615e-12,89.73023090462601,1094.8553488165708,-29.860006736593412,0.009032889181387282,1.8167395542576472,1.0340839852416703,0.01007078663899123,99.02611521088032,99.68042867559302,193.25490951538086,231.35196993768074,True,True,True,True
488,True,93.74303299972485,0.022801459327747544,7.414497107613357e-12,95.7764502085822,1125.0978749535918,-21.37961886822659,0.011311608846930202,2.742086596915658,1.691375991039683,0.10145603310486079,94.001568330026,98.20501036812789,256.4763832092285,107.02126261846665,True,True,True,True
489,True,88.02558660757335,0.03297358798407836,1.01614452857387e-11,96.76861203804448,1086.077646019878,-30.105815289326166,0.008387430484533429,2.3553378146560235,1.9041614332458854,0.19683497284444068,89.66290518189362,96.35239076763004,289.6101188659668,345.5601307212344,True,True,True,True
490,True,75.57156783468135,0.023124834846049783,8.434877234333023e-12,96.39268041391065,954.0517084157585,-32.13130932113156,0.010773069541871556,1.833432029457045,1.4058539823472003,0.09679546221334895,93.1148281806806,97.55479853159417,226.50440216064453,243.0008505686507,True,True,True,True
491,True,76.74071993780103,0.02466214182027192,6.580228000609502e-12,87.96266867936595,958.8805346753091,-30.234944521785994,0.010170506588172543,1.3616276059690928,1.11587020352153,0.07926887681706335,92.89622784380282,97.23871554485784,228.62661361694336,200.29578510903838,True,True,True,True
492,True,95.80218262801738,0.007005736497401924,5.282256975115346e-12,80.14315712905912,1085.3378456752296,-31.23032174039681,0.01077135764306352,1.1153813303545128,0.6814399360332455,0.02431577946142757,96.4317061305545,98.87581617404774,289.80077743530273,308.41320711717435,True,True,True,True
493,True,96.10050692086033,0.011878116971097792,6.8942793298410115e-12,98.9858193413093,1032.4566791100856,-26.94355397919079,0.011147308884817868,2.4308697703297355,1.446105781692392,0.04901548394895587,96.61051877604746,99.00316298737873,247.29753494262695,160.26842546061903,True,True,True,True
494,True,119.1416832061098,0.006280934681002015,6.786483447878674e-12,92.47237366354493,926.905670747331,-29.446632735799717,0.009489894937224323,1.910903698323573,1.2186087938069379,0.04263212985222698,96.50157375616469,98.95706169525272,309.59522247314453,239.7973087266736,True,True,True,True
495,True,95.10870717069413,0.021038611408153357,1.102826231554099e-11,96.01900272003537,986.3636644410557,-32.70765293402622,0.007776798075683435,2.2444525989442683,1.423932556046512,0.11019282884645447,92.26137302791923,97.38871660996082,299.40860748291016,272.3558567118012,True,True,True,True
496,True,73.6661298341356,0.04161793297197029,5.77392693415691e-12,89.68345444672421,1040.120121173788,-31.635080468739933,0.011356318156078673,1.6145206941116106,1.0723329813375577,0.11916549508439402,88.88726755976909,96.38523395144809,241.18057250976562,248.53820974240128,True,True,True,True
497,True,99.04438317158058,0.016292084117650957,1.4553936566968373e-11,91.06329013122468,1072.0600688924226,-31.81919978779224,0.00891802055085839,1.8297723916327766,1.6156243921131779,0.13539759550895708,91.6194880338578,96.27568918937081,340.5068778991699,238.8907736519664,True,True,True,True
498,True,76.3293100255166,0.022117271719619455,7.851581311800343e-12,86.76079414035254,951.475041099788,-33.681084787897596,0.010610174988760188,1.4192400123664384,0.8357765758366226,0.07117195431196416,91.484332491525,97.2519505292777,256.70562744140625,270.78571595002023,True,True,True,True
499,True,99.83083578471768,0.015194948591003373,8.124784078661841e-12,103.40400778612711,909.1680317840876,-25.40404327386822,0.010594561592822693,2.6184393041649217,1.5776077300190388,0.06652356765801029,95.7832630766073,98.78238673337506,258.3965873718262,157.65101243142718,True,True,True,True
500,True,98.75068709773109,0.019289956638508746,9.564592383911872e-12,90.5172884194723,994.9394958362324,-32.79122573586409,0.009962282195009484,1.4981904777618271,1.2412074322090758,0.10437516740256488,91.5908360928197,96.80149474113881,327.1380805969238,270.6424977754104,True,True,True,True
501,True,96.0334146574939,0.04005764617194639,4.6978844387299185e-12,81.58938880593007,934.4543925194652,-32.4693953564453,0.010864934971833912,0.8733541012377806,0.6018814232037114,0.08365164078002216,86.10164102843399,95.25517827383183,361.0843849182129,208.75659551952074,True,True,True,True
502,True,76.74761339709674,0.013105064135199719,6.528404022464711e-12,91.54795742301442,986.051487420823,-26.062675563895525,0.010782715666981902,1.6496676437704783,0.7852718370156205,0.03943799225181262,94.97779107911288,98.73374104081779,237.37648010253906,180.49369110734926,True,True,True,True
503,True,72.35185499413956,0.018234134386169283,5.780194782137073e-12,87.54636254102763,968.9406994811434,-23.733904639288998,0.009191436513436391,1.3186019026538645,0.8731014336511156,0.04940693065585275,94.34121526415963,98.11217093945447,214.05712127685547,172.9550949375743,True,True,True,True
504,True,80.0071713690783,0.01479795097101654,7.38840854270734e-12,91.00363597472868,1009.3253620863579,-24.802816609561376,0.00994048020865763,1.7701040367361154,1.0992195525902848,0.05330836562883429,95.15034412340879,98.43703753849094,233.90830993652344,165.21077655157555,True,True,True,True
505,True,111.56462201052983,0.02987560648654415,8.2011801344065e-12,90.11835900671322,962.8937812294503,-31.082435131190547,0.009615076960241652,1.4809196774001196,0.8512350372335595,0.10938170645769452,87.15023446248458,95.89329190389574,403.1541061401367,266.8465016194233,True,True,True,True
506,True,102.0488239132842,0.02233699861356752,7.006498240578115e-12,96.97892456539167,1006.0645492828238,-27.8729614788625,0.010155728050557627,2.364820176876948,1.3362941270341968,0.08275643508574321,93.8070194718722,98.19414967222079,278.76073837280273,156.91473501016284,True,True,True,True
507,True,91.37728447010096,0.013403953044304185,8.506583572048724e-12,86.93753273237698,948.3941213163812,-36.64410352694744,0.007710381338625061,1.3050498422858352,0.9686096662532316,0.056457895391883485,94.17124386025658,97.80365965916849,289.0631103515625,360.6499031081242,True,True,True,True
508,True,97.04031668650993,0.023502875537734245,7.591593515535737e-12,86.52762109892282,932.9475085837394,-32.057876584394414,0.00964111045236974,1.1464717731155902,0.7889124781304468,0.08258321064045067,89.532018705528,96.36381518028725,343.82524490356445,242.86701403967382,True,True,True,True
509,True,75.73623335070688,0.02072058869037414,8.314058154577367e-12,82.3400172272873,956.6693876723602,-34.94701283268124,0.009092136114393455,0.9059522335567785,0.818421102007413,0.08381213198944913,89.75928995673794,95.78735072171006,284.6961212158203,363.7178800882847,True,True,True,True
510,True,93.77652801253437,0.015004345836722808,7.464795464049693e-12,98.93578695316685,1021.8921601493655,-34.549595518112774,0.011144175530527456,2.6925707144881077,1.6931951375356953,0.06478181584036227,96.17398996700128,98.84240473786954,238.56809616088867,207.79085000806018,True,True,True,True
511,True,80.82091147299023,0.011866064272142152,8.734106492116814e-12,80.6953059374915,890.9968310473959,-32.7891978617517,0.010777646791033366,0.9115232291595767,0.7923624599027793,0.05312198043937466,93.29574744796813,97.54256863012947,286.65491104125977,334.7079879586313,True,True,True,True
512,True,88.37427311308642,0.038169886182786994,9.00142879265494e-12,81.97154293165026,1040.701502982634,-33.564947433182006,0.011529933498959418,1.2102961320694663,0.897715314146909,0.16183512803742264,81.97255572149696,93.51439844858281,449.5953559875488,293.74662485188946,True,True,True,True
513,True,93.26837222523424,0.02345688562313414,7.642570604384068e-12,90.82550337706387,1038.5724671109006,-33.71837284174512,0.011808022302476183,1.6803707403103951,1.2823443344025365,0.10325839756267058,91.94768559485388,97.2300805132401,291.93206787109375,237.9583853827021,True,True,True,True
514,True,125.31542454799558,0.016740427673846665,8.942908478807202e-12,97.45820545373704,958.9037375847663,-28.299068197532016,0.009921567390492608,1.8368297572929866,1.3939429076566305,0.11581054934198551,91.69187283741229,97.27790350692396,378.2981300354004,239.39205355263778,True,True,True,True
515,True,113.99548799545545,0.01366213874932471,6.579784529515377e-12,92.58117030332961,929.9131648126883,-31.030571758559418,0.010236759230116927,1.798963369273769,0.9605629620769459,0.0521533302646127,94.57054536520481,98.45016056513455,316.59738540649414,205.88931766143867,True,True,True,True
516,True,67.3529825528304,0.030224633767861546,9.786058378165975e-12,92.40280251959388,1089.984060974188,-28.42510705245847,0.011104393594790905,1.8974591138041024,1.3362021518448663,0.15544300802481326,88.36680454299551,96.12177592241346,248.98622512817383,276.6932692725165,True,True,True,True
517,True,79.89363070048533,0.017525058580197823,1.0050191471952203e-11,95.53508299504517,951.6637135917883,-33.862343010733774,0.008922962097781137,1.823864031435893,1.2923297759046413,0.0742351098271564,94.25571466267645,97.7482471640903,238.6225700378418,212.51299378823032,True,True,True,True
518,True,77.44415766843188,0.012944601594670913,4.900099576710964e-12,79.93280261308527,941.7665041706679,-31.02532277010894,0.01022584075174971,0.8523137043712198,0.6056087915134563,0.0302805777524322,94.99997718382538,98.25408313833812,239.7120475769043,226.78124543350125,True,True,True,True
519,True,111.97056208254878,0.023528023287348133,5.3072315137029386e-12,95.09918010837501,1070.097949914951,-32.45332290559666,0.012018054615379284,2.2268207613118425,1.2592781019171382,0.08188693216984388,93.49731151163684,98.26737714316415,297.9582405090332,203.30951800773704,True,True,True,True
520,True,89.7990044350286,0.03224611746689744,6.4029649432061524e-12,105.0,915.6538505153442,-32.5537989057293,0.010494331956448723,2.6943884532028335,1.4178188083552778,0.09513725317188015,93.28988636550514,98.23942490141934,234.23288345336914,143.88348742317746,True,True,True,True
521,True,110.04984834138263,0.020454808266181006,6.3744389965044e-12,90.38832936933045,1033.0300193911007,-32.02738166663626,0.00997195021794471,1.6767865037319885,1.1180457664021561,0.08213821979916304,92.65341166994605,97.68934451779795,324.10797119140625,257.54935555300597,True,True,True,True
522,True,80.1730777825253,0.018177764108787044,6.4906184221346285e-12,77.86438374740229,822.4848422678701,-25.676302393720285,0.009799129400504071,0.5994189492278649,0.5438294418058567,0.05049605344785093,90.71472605819719,96.16900812351054,294.7669792175293,168.39091077547295,True,True,True,True
523,True,78.70867053593898,0.020309323971947256,8.08213426218728e-12,95.42001035600993,953.7199838115881,-29.413972672055635,0.009540415204164208,1.9684764573982152,1.0021920270275697,0.06691692618247992,93.32294366969265,98.08784699558902,241.01261138916016,210.00142045935692,True,True,True,True
524,True,133.197498460026,0.023030232622722004,7.384686199483841e-12,76.62082501807697,978.5305518596655,-26.293586936368275,0.011197890591285134,0.8390400813788025,0.6588865808723489,0.10127324887229903,84.62963857327071,93.56653108778869,501.42724990844727,185.74126465599812,True,True,True,True
525,True,93.1390008443624,0.008632480989544972,1.0498559541325286e-11,83.66319817050969,1073.7928790495316,-32.47260671701673,0.010367278351629244,1.384477642007193,1.0090922718646858,0.05544565448312064,94.50539301221053,97.99804065101944,318.5947608947754,319.0487242702846,True,True,True,True
526,True,86.15020650305681,0.029614526910448483,6.25259524903057e-12,88.59555050353477,1021.7419747212567,-27.66679516705284,0.010537376081457954,1.4886532486660842,1.1910442048448602,0.10389253912176874,91.27718864680583,96.96194948049683,266.5041160583496,244.95537048966733,True,True,True,True
527,True,94.09755537820556,0.024496665588162707,1.271690726229543e-11,105.0,810.8731650433289,-29.81890749204803,0.010288864845053949,2.243818641564693,1.44260732443027,0.12490965606214964,91.341395960853,97.17205024871205,301.2516403198242,195.31923740053506,True,True,True,True
528,True,109.21904569764779,0.02236160348971444,6.147235384679595e-12,93.79626202639696,1079.1834313520208,-31.901485965570853,0.009745026057992788,2.114242179021698,1.3506784439048638,0.0949580128452715,92.96960625426551,98.04194097653803,309.06410217285156,303.9042835208455,True,True,True,True
529,True,131.9252244480243,0.016476580386487166,1.0013120862054554e-11,91.25794803842444,886.133954877273,-27.151902474427686,0.008436235965099579,1.3282743183760861,0.969376055920148,0.11168150943491222,88.47903156335936,95.85489289377404,446.4404106140137,260.95583265866134,True,True,True,True
530,True,106.57022046909049,0.021750278779080784,9.418840410889115e-12,85.34562934503876,1091.2247804154683,-33.154362345992794,0.009939180763693664,1.6263784243756125,1.1831644800887848,0.13081563211166508,88.94358017730141,96.36780128333301,383.2915687561035,446.6967659843794,True,True,True,True
531,True,63.57327018877973,0.023872988571614583,8.972752007019575e-12,87.23135088699306,949.6593164780986,-33.57623844015381,0.009570823254296498,1.1374221830902689,0.8222247040659433,0.08746292631484147,89.36264917821943,95.90884304164932,237.59891510009766,284.38378764391996,True,True,True,True
532,True,108.4910599284668,0.026805287576811852,8.683869763123746e-12,92.75892824289218,999.3774250794347,-31.039920247401113,0.00927382728465347,2.007594288055939,1.423824128201161,0.1314943627958316,90.76470469973285,96.88558804411798,336.7663383483887,254.0385641648179,True,True,True,True
533,True,101.23931263764717,0.03416827824701672,8.034747651815058e-12,92.0341987577421,1105.466188735771,-31.467767585669876,0.009595442395563418,2.09943908333573,1.3770169282242508,0.17459663394009367,87.32066176083639,96.57334466275428,364.6524238586426,412.4496671142744,True,True,True,True
534,True,57.693159113544404,0.024951607657543083,8.521955171055896e-12,93.78531164021639,800.0,-23.20008067934721,0.00889678334883365,1.238732740374141,0.7103729594907782,0.0691133342604572,90.2708382495302,96.86587154527682,203.67530822753906,146.44439475849757,True,True,True,True
535,True,106.64438864303875,0.03180300671643945,1.0199142042879867e-11,87.7297166831655,1085.2143225673478,-31.929488425402102,0.009028980124209184,1.5971858020519407,1.2159364331114282,0.1732668665080293,85.75033514995013,94.53896565087578,415.57641983032227,308.1156656721053,True,True,True,True
536,True,81.25693236994974,0.023416369274259663,9.610689628650656e-12,89.86432787910175,1075.9403790807391,-25.280908560473495,0.009493641180321699,1.679317484936767,1.137461994521583,0.10880169658981802,90.43469609412487,96.5785414807891,283.66111755371094,196.5928964293003,True,True,True,True
537,True,60.579279317114825,0.018924651382393486,6.728827516591341e-12,95.17028050584754,917.5598166794505,-28.44606851950967,0.009547720727083877,1.6099020994519835,1.012049026567345,0.055449682743738085,94.52104776664707,98.2474270502724,176.24544143676758,191.56794189869564,True,True,True,True
538,True,80.22426329106088,0.0037404541399362716,9.302850681584585e-12,97.22723007319706,943.0342079579884,-26.95040116722849,0.010173980740636116,2.166057928829699,1.026673605958123,0.015223667915270014,98.5171852254775,99.58122624002247,225.52387237548828,150.79299639501994,True,True,True,True
539,True,100.83306960708212,0.032570854120965075,7.454931703643948e-12,88.4960480166751,1024.202193794643,-29.1362382974354,0.01128158975854738,1.7470943798226368,0.9711656758803124,0.11819095184486904,87.82999082646377,96.50113016284041,357.8885841369629,230.5943454443118,True,True,True,True
540,True,75.77554479140261,0.02846432619047958,7.971931443667236e-12,75.69379340695183,1156.9133271048443,-31.09800561140722,0.00999588814739155,0.8009281482428043,0.7539296915287167,0.13295408911437012,82.3651872836068,93.1828068022367,403.52407455444336,474.4152348568883,True,True,True,True
541,True,113.62567500587419,0.008451243804926857,7.243249274278645e-12,84.23773012397622,943.7366259305254,-32.639597998262666,0.008735087251363212,1.2414501860323184,0.8397169845904571,0.041658754235255446,95.0389530044372,98.19058965650514,335.6155776977539,172.31651926495235,True,True,True,True
542,True,89.64227029404243,0.01743135737760688,7.94865621441276e-12,86.12422377908317,1010.478970885835,-33.2741652159943,0.012105633537690858,1.443354398558326,1.084809634711712,0.0843818871821324,92.22150278886886,97.64506547076196,301.2085151672363,279.5029371255352,True,True,True,True
543,True,109.69339646208225,0.01696099939042434,9.80366389502787e-12,90.49640805271574,1169.1093470396777,-27.290850483265956,0.009685873757579793,2.2441443531849403,1.8194217374112602,0.14384836859672306,92.09373145110403,97.60486118302404,349.24312591552734,411.52093112746803,True,True,True,True
544,True,78.65821122787499,0.028710714226677814,7.538269421660136e-12,81.99075318478852,1025.3399478804076,-36.32920338103518,0.008901732348427435,1.1596957297477846,0.7377155965282637,0.09272510034550185,87.43077945188199,95.64998981211968,306.5129089355469,371.5833970045201,True,True,True,True
545,True,75.0111287776991,0.012706434074173389,8.697229564149044e-12,79.29218094941291,1081.4767420206686,-31.479028897038212,0.009072891259820942,1.0264303589036994,0.8747156189511713,0.05889174933093919,93.26732619664966,97.17298325512502,264.33197021484375,251.17342828017007,True,True,True,True
546,True,94.05010507240463,0.024840810066136393,6.033251051566469e-12,88.89359875258079,1053.2502795967932,-30.55491840718032,0.009934364450707025,1.7197125423902029,1.0914192432675183,0.08216177458493538,92.47202437635629,97.66834512645734,279.72537994384766,235.87303053072083,True,True,True,True
547,True,73.10243814884812,0.007491845442755126,6.714631317059349e-12,93.12663287994224,976.2916901977735,-32.12001760582323,0.013073057813582617,2.0968950306413237,1.1451260014839622,0.02654139359558409,97.68222941744496,99.40320748246208,200.0800323486328,198.69872102251722,True,True,True,True
548,True,109.52618449615821,0.017018569966963305,7.904359583905457e-12,76.0926087292476,993.9396113103678,-26.99955179181722,0.009408444389322902,0.9569804104731472,0.683554626962799,0.0744687578676277,89.10566106493776,96.01887774014128,404.4705581665039,307.7722502473427,True,True,True,True
549,True,59.028142048809514,0.008428027277814006,6.807269623975762e-12,87.26827742014811,992.3593879672749,-30.540558678094683,0.01132371970115781,1.3974275503146953,0.9710967285518322,0.026345339138433402,97.28705304385883,98.99948528051841,167.96995162963867,182.2450396692974,True,True,True,True
550,True,56.10207061923911,0.010259785551751867,5.854751192878841e-12,89.22454237079549,1074.13112691189,-25.26985751841749,0.008355291337555259,1.5438346862414292,1.0296334398960512,0.029799478307573308,97.10581677392085,98.9762193137989,153.6819076538086,202.2181124208713,True,True,True,True
551,True,90.90821043372748,0.030861789823932624,9.627188833742425e-12,91.12018694887617,1007.6813115030087,-33.46788559437599,0.009176529531016386,1.596983171160743,1.2304970675684308,0.14440846166571436,88.26421732551724,95.5330062668067,326.8407440185547,264.7062197371651,True,True,True,True
552,True,68.8459510953802,0.012291614374184044,7.705105692603658e-12,92.86470249660614,1026.959829932655,-32.75828418824772,0.01096826230519067,1.9181506951129097,1.4388255732853357,0.05565716234109869,96.1317644491115,98.7802518671762,197.34725952148438,260.6743990489269,True,True,True,True
553,True,110.2140492546531,0.020817422619278228,7.140249944446194e-12,93.24115141950146,1027.6407773786964,-28.591511917874968,0.007868164043766383,2.024445636930995,0.9991608965383693,0.07118354862117,92.87566708547261,97.9018607207631,318.3677864074707,210.2891520804976,True,True,True,True
554,True,111.75171717674043,0.015244556780382577,7.224377949135475e-12,84.00718695322739,990.8075567615783,-31.67491609920637,0.010107662801534568,1.1662570521599998,0.810329477190747,0.06294745436552443,92.23186911776295,97.11887703581239,357.5798988342285,191.5702142853454,True,True,True,True
555,True,132.7948355661954,0.019224050551199977,6.083977731772727e-12,81.64983638722322,1062.3076109211174,-29.058347910378245,0.007965512484186758,1.240701509460973,0.7436868380540914,0.08633797351760085,88.390547055598,96.40321779412695,440.3257179260254,352.7463183076203,True,True,True,True
556,True,90.61150329206332,0.02105053532895523,6.024670744687401e-12,85.56613924032058,979.9947239578404,-30.096661428339978,0.010593280054364461,1.1350371661812866,0.7845871342549368,0.05981581347004461,92.37614143050573,97.2493016107918,286.2486267089844,215.8380366783698,True,True,True,True
557,True,69.83972850409104,0.007647357280801872,9.139690127512036e-12,91.20768929926565,976.282280853669,-30.255577444312657,0.009505128061615674,1.4262076849471153,1.0445564515915218,0.03598292703965056,96.55519555838023,98.80960163877205,221.27264022827148,340.3294713553454,True,True,True,True
558,True,153.73309027390923,0.018713252597063246,1.1027764680376717e-11,92.50626754201816,992.3815568636777,-30.439839220424467,0.01018492544269988,1.7993589040981837,1.0987960181438945,0.18150732055514338,83.48125424937845,94.82807252968183,539.7677803039551,287.35899160363766,True,True,True,True
559,True,90.3508132205421,0.023400347826018658,9.743855540690562e-12,93.47222360626242,1017.6328922409311,-30.42535951753907,0.009795812454982495,1.8961212306995336,1.2205091370645023,0.10389051062600958,91.48793667568266,96.99358498984492,292.7151298522949,247.57189808309425,True,True,True,True
560,True,101.9697105163436,0.013216411961157505,7.0947692466464265e-12,88.07221461610851,952.8531098781991,-27.343268512055353,0.010089107364488106,1.3493279330042722,1.0102880205372906,0.053614958192738454,94.69310165983904,98.06016127912504,299.739990234375,186.16332807062187,True,True,True,True
561,True,106.26805759324148,0.004055464264685921,9.883173453125092e-12,98.57869265601903,944.0241064689503,-28.95130685248784,0.010591504225798775,2.2001057039589083,1.763723547260188,0.04201169218878303,97.61801149312515,99.21940184786612,287.2178077697754,238.59519911922794,True,True,True,True
562,True,119.73218756838227,0.009623021431976193,8.933748312519814e-12,87.9367005219292,936.2428670920086,-25.995918537797607,0.009438613158749007,1.446578038725328,0.9576521789487575,0.06655977671774588,93.04969192564147,97.74383058855184,379.05622482299805,258.05057923083064,True,True,True,True
563,True,96.6993645425747,0.0271666031164585,7.593038650265238e-12,95.75406417586426,985.1467378564191,-27.002813466690604,0.009036654765601183,2.070688316139289,1.1695155766827625,0.0966619186437925,91.73487548426107,97.51535351820979,292.11137771606445,160.35026283427348,True,True,True,True
564,True,83.56647298987487,0.01887509128536419,9.324557055454664e-12,82.42816808656045,870.5298104525074,-33.082778968599655,0.009443190223026306,0.9533038825559496,0.7948609924978652,0.07264157491068819,90.8610970224604,96.12069741858123,300.36190032958984,273.4691119935682,True,True,True,True
565,True,78.33424195928596,0.015112529472352525,8.139048482938625e-12,84.49175290628737,967.6720044189648,-22.71661538699823,0.009830913768957207,1.165446616065407,0.9552124632808426,0.05666514266523578,94.06779697255942,97.4833736467747,248.44602584838867,117.44898762251307,True,True,True,True
566,True,64.15296407778479,0.01605944654506724,5.752049515503925e-12,92.90567189647042,896.316705957713,-33.66736701923449,0.010628735075255318,1.5048408434109088,0.7622522133179724,0.03377639078947793,95.56886943726222,98.69271178503344,179.0599250793457,180.34086793809857,True,True,True,True
567,True,102.667515865074,0.02311644247605782,1.038934662744662e-11,92.13251910344783,954.8408459374414,-33.295896414141104,0.012278487239200688,1.804127682443231,1.4848068444849996,0.13157801358209884,91.13837506401472,96.66928818672709,329.7460174560547,246.01325731655393,True,True,True,True
568,True,86.70761446797914,0.022516570275275684,8.468776320370861e-12,83.84456787567913,948.6375296952499,-36.46802413423187,0.010032194766106091,0.9886097992352189,0.7157438386379047,0.08034748578821056,88.77426790831818,95.6707744450612,330.2022361755371,285.40111507314623,True,True,True,True
569,True,63.116326645533405,0.028588288388817863,8.929134917848591e-12,85.66485683734372,1070.9689465915721,-28.413572269795473,0.009975626871856574,1.2221372897870189,1.3845638848075446,0.1565292892821579,88.69468639188753,95.20121804516582,233.21149826049805,340.7426535589549,True,True,True,True
570,True,84.24582935819735,0.023644004483870523,1.2366219944607958e-11,92.45125629931543,1019.3212889539251,-32.491548412160654,0.010351485555081334,1.8400942283574826,1.547213896781004,0.1414481111320633,90.85788258324543,96.09623590192673,285.2998733520508,257.1989261722609,True,True,True,True
571,True,98.5362422200996,0.02270806689074298,5.31276286142671e-12,95.26298601746527,953.628771138707,-32.731558637595384,0.010958586864695676,1.9638790133006123,0.8407689066383445,0.050773555898789735,93.96105689709694,98.48831604303673,267.4574089050293,137.62506063949292,True,True,True,True
572,True,118.75895829789592,0.03318846535378776,8.358977067049291e-12,104.58859123197718,990.8514190507998,-26.369118475243337,0.012028637211630291,2.7265888768695796,1.6492693287447628,0.16695160202057704,89.87723841638153,97.20414959114731,355.0287055969238,145.79389731755296,True,True,True,True
573,True,66.32199321251308,0.009950236682555376,6.863618349722779e-12,88.77508433541358,1021.5109082654976,-32.739392091174274,0.008184736230907326,1.3221865950625673,0.9419720078456979,0.03611200931489985,96.16633944383459,98.70593071209383,202.95352935791016,444.02451163943766,True,True,True,True
574,True,75.4496306110813,0.03206106203886184,6.9519502244792605e-12,82.60999809119572,1025.3564905689589,-28.41590037045263,0.009392483973331579,1.1156778131127563,0.8246808676712085,0.10248816671464114,87.57238457537466,95.3143661369717,284.9480628967285,249.8513049106878,True,True,True,True
575,True,93.01416221081475,0.011904376192350682,1.2835998223921591e-11,93.36768282590454,991.2255238023561,-35.488446600360994,0.010136112926159332,1.7918543691869075,1.528038104079056,0.09421466560984114,93.83427249894243,97.7624582230189,308.63285064697266,351.5859590046699,True,True,True,True
576,True,91.67385905760625,0.027885452715169526,1.0725485413874537e-11,95.45788371769842,934.3448437643067,-30.928089009636984,0.01015165577755717,1.90822417082945,1.388831501494071,0.13721861239721148,90.11985167030018,96.42101201343046,305.5346488952637,214.00202636864333,True,True,True,True
577,True,87.89109200442829,0.013540170685575437,7.715499322293122e-12,89.03219294167388,1050.779790277468,-31.815086321605616,0.010374914040420492,1.9069119590670016,0.9086471521518124,0.04704270495181495,94.82277528296757,98.54681038026006,266.5903663635254,230.14863876777162,True,True,True,True
578,True,86.834139169534,0.022906236871774108,1.2026197940552557e-11,88.2597534981295,989.2172989901112,-24.47705967047941,0.010452106692087638,1.4750633064920524,1.2307538941744884,0.15003428361819018,87.80956255118545,95.78490736259296,345.3664016723633,263.45925480751504,True,True,True,True
579,True,90.01248081760393,0.011038547313667818,7.0049044937290314e-12,78.26690216051435,1042.3741751960915,-27.181451272713776,0.009461024004061533,0.9715872031040793,0.7688393058247814,0.04375482301531816,94.30897683250213,97.78114442203616,297.6677131652832,246.0267289852661,True,True,True,True
580,True,83.93369233057115,0.02504438711132621,9.738272640605202e-12,88.51779728051322,904.7589288467623,-33.60556896319578,0.009703474842843923,1.2495851596382044,1.0186786756576112,0.1202310523147149,88.19735259137535,95.98658289361366,322.4578666687012,350.3960512492172,True,True,True,True
581,True,93.91624349862573,0.016275416996525086,7.089149051656369e-12,85.4109960492313,878.793692255459,-25.7589577191486,0.00960445502371158,0.9901167419595549,0.7717984184757527,0.050886778436650855,93.40672678014181,97.30980461061067,295.23000717163086,146.82428276575922,True,True,True,True
582,True,78.44640718214774,0.016812993377059035,1.0524897807911462e-11,83.11793666262874,942.397520930735,-28.237112037622648,0.008463124909428528,1.0833395590997121,0.9429057175864605,0.09222477726903579,90.21908812843961,96.46704666782944,302.2730255126953,373.7375217333155,True,True,True,True
583,True,53.617934082794704,0.014422749830710558,6.92406249826378e-12,84.2412152243714,969.5741891155155,-28.382311285730154,0.009974686052698235,1.1670621010985784,0.7029415480921029,0.04056163998082328,94.22972790683463,98.04569119250401,174.18451309204102,224.9825831748531,True,True,True,True
584,True,84.38795105729226,0.03010069481590559,1.2894933676841806e-11,93.79514222762444,867.7444289756953,-29.488082302956077,0.009842037881323689,1.6788552151404044,1.4311428497282337,0.158022008313473,88.95833435890201,95.26739908930274,297.42712020874023,230.92048945518147,True,True,True,True
585,True,91.6811529719652,0.0264173365536004,5.2989014004048956e-12,92.32793737640421,986.4980734103291,-27.930986582258686,0.010652349276532042,1.7433154781803177,1.0842479392419138,0.0739318583224558,93.18127748767984,98.00222138366023,256.2040138244629,206.37463315405375,True,True,True,True
586,True,102.4102133060839,0.026777775561710352,5.268520671886854e-12,96.7342102488597,982.6809972702478,-31.055623454742257,0.01019101090638398,2.0866973715176913,1.09113544810784,0.07564851974665755,93.06699091502881,98.2345361901431,280.02498626708984,220.33084708949912,True,True,True,True
587,True,62.52041085939375,0.021219440260447194,7.598407747381781e-12,94.23068399123385,1106.5216455227335,-31.002051176653328,0.010634680572945063,1.904544802337758,1.5341382180905547,0.09399060561147585,93.87339390263935,97.76640141966269,184.20089721679688,299.7648258497162,True,True,True,True
588,True,89.00923419978342,0.007241447042200477,6.973111004365484e-12,89.3479962244986,914.9747834989339,-28.29407911518599,0.011888160440454308,1.4920798130662034,0.9280813503633168,0.027006545457165538,97.09006700257544,99.11241466926636,255.72282791137695,134.99773908270242,True,True,True,True
589,True,89.20363585915351,0.016759055797561685,6.812948686692977e-12,87.80690758475319,1008.106872259996,-29.8240454127134,0.009214769360265773,1.3668784381788237,1.0141270506005515,0.06212612716895239,93.87393057584232,97.84337637062463,272.75272369384766,271.47161059519715,True,True,True,True
590,True,124.03280623223363,0.02974527704497845,1.1102076347559488e-11,90.32719624333929,949.5415217186135,-29.969256290390987,0.01174072715208251,1.8874898786174743,1.1627056931864035,0.1846178681387819,84.12170257523766,95.40888121555808,488.6463165283203,263.51808465691977,True,True,True,True
591,True,86.74805282243133,0.013877169459531831,6.827019898093985e-12,91.2955563218793,966.8082002598372,-31.231553653660022,0.009535351992331674,1.4937275427691363,0.9489369682579938,0.043114751771079166,95.45652101106073,98.41835369246247,248.1668472290039,212.18985833039824,True,True,True,True
592,True,92.00214519364454,0.02399334989353673,1.1621169276762497e-11,85.50520371809992,987.0374825259239,-31.194146485829766,0.012171565685387114,1.4841424018069753,1.2445608077668553,0.13947470211764434,88.79325933717075,95.51849751450038,341.04480743408203,197.69406518850005,True,True,True,True
593,True,66.42302979661966,0.0227252004145116,7.06160872981344e-12,95.68226864740332,980.2911237503092,-28.875682297215,0.009945121275617209,1.8536615161677616,1.0505418851661157,0.07473974668200783,92.8856004946257,97.97210145836763,204.90777969360352,261.3204026525615,True,True,True,True
594,True,92.04415839787214,0.024356755585423773,1.2214920459143815e-11,89.26084134943474,1039.3256651216755,-33.1464356776134,0.00948102953968425,1.6579609202368122,1.3799952833823939,0.15818330016039728,88.53740284005268,95.51368006614275,344.3699836730957,404.40144294289047,True,True,True,True
595,True,152.9827952784264,0.030101893423576703,1.110755246944341e-11,88.51523120262114,939.7790772750645,-31.400455020542424,0.009694811119756024,1.5968588096142817,1.3035425230121924,0.23981719411583147,81.602656615937,93.02462387198402,564.7690200805664,250.1958034995406,True,True,True,True
596,True,103.13891344985726,0.020747728752085092,5.237150721245323e-12,92.1222064227668,999.0331706261275,-30.410504034781617,0.00946673891946212,1.7328151163151655,1.0394497487419327,0.06188929567022028,94.0459559738096,98.27049190317886,281.4889717102051,268.2252960959086,True,True,True,True
597,True,101.94270103824111,0.014429617826023238,9.135303137411279e-12,75.0,1029.653473102169,-28.168438209834896,0.011008197718144165,0.8489045820341098,0.6712110931053459,0.07207226205431518,89.2623553462333,95.64816560758689,397.94050216674805,181.38893274696457,True,True,True,True
598,True,119.6342076314771,0.0357960492570054,6.4959978618545816e-12,85.39146705121937,1186.4261490216913,-27.849488173906607,0.008854711670478322,1.5569226855140712,1.0647842138577959,0.13916664107177468,86.93006157862135,95.24787519680186,409.15985107421875,226.32201319940148,True,True,True,True
599,True,96.3282974841837,0.015606413736256888,8.93077596416049e-12,92.25787865928315,1110.2382640866965,-29.09939520918669,0.009076819951771278,1.8445560772778447,1.2016768423139932,0.08369316459065268,93.03530186788905,97.75371700599759,311.17042541503906,276.0487278416891,True,True,True,True
600,True,82.79972497231624,0.024632136678073437,4.497082192076412e-12,91.19863551853992,1092.8084060355145,-28.771153934755493,0.011595330800546323,1.8777194967101143,1.2044118390315401,0.06572096445552263,94.54331464323961,98.4018266375243,215.55742263793945,144.65207807017583,True,True,True,True
601,True,95.71960781971181,0.022145336453708652,8.398143268539028e-12,90.12388693806069,1068.2128400650436,-25.405779847324034,0.008334595652966147,1.7177714104896025,1.2419523147805822,0.10029598758387923,91.92432862435635,97.03702858586375,302.91309356689453,222.77841936652385,True,True,True,True
602,True,91.17590319774128,0.018769229276813102,7.642529914289143e-12,103.42074360571753,1011.6432534728846,-31.985917289087304,0.01042188660708264,2.981010393626272,1.490237764030841,0.07129890893246577,95.21560178829354,98.73145396044362,240.30899047851562,153.51409493472764,True,True,True,True
603,True,98.77868425071654,0.016326610980179755,5.197860672065184e-12,86.09435438975798,992.8722851102848,-30.13210944106141,0.010248677133039001,1.2755906019959289,0.8653829974784393,0.04525641587895097,94.77035994342164,98.17409590558019,276.1823081970215,182.5396157521898,True,True,True,True
604,True,66.8480631876318,0.028711604987755646,1.2316824347878485e-11,96.6164928444979,912.241280181485,-24.901438936497726,0.010765650613487256,2.0388636234427864,1.6900478610312917,0.16736597615596271,90.09696825663661,96.3606365275952,227.98654556274414,190.90293248834845,True,True,True,True
605,True,52.516751268654254,0.026601195058024427,8.557767663676885e-12,95.70590117136888,1037.9733961927013,-29.464318756885724,0.011879446601680901,1.730545828374964,1.096381891891726,0.0936966853486835,91.4540101362841,96.86978534233643,170.62328338623047,178.10117607249686,True,True,True,True
606,True,76.36101960635584,0.021894549846144397,7.1099876843862886e-12,86.96417178192925,963.195105776183,-25.070089000560067,0.01072402448762564,1.3032322140016304,0.9775679775845512,0.07552190088654703,92.27451158198204,97.24163817001896,245.6247329711914,159.6170549226499,True,True,True,True
607,True,88.55289753777525,0.029713296099933645,9.900308892328386e-12,88.51252373247246,1092.2097589647349,-31.06078552875912,0.010178941478342357,1.4695848488257552,1.4771665057442807,0.18800869510584495,87.27234239506971,95.20424413694938,339.9575996398926,367.2247268867198,True,True,True,True
608,True,93.2212218005259,0.02573303154654197,6.666306974207954e-12,95.2470752006682,1093.093180622456,-30.39822502023715,0.010718812061182813,1.9692403794938331,1.5047992988643093,0.10503129440812746,93.02024565751752,97.60220428848957,264.8131561279297,212.7879794032267,True,True,True,True
609,True,100.87267511098128,0.0065434624439738714,9.576544256463031e-12,81.44623448404796,1034.5539848042595,-31.530223585415442,0.010901805255041986,1.1793997732819346,0.9853023929750918,0.04817086636891929,95.1110576090789,98.14735586308039,336.95926666259766,365.57501835964365,True,True,True,True
610,True,95.56879377844531,0.019170804599733485,9.836192785828654e-12,89.57211028472317,1071.639258543214,-33.92179972154766,0.010834032710317514,1.5688940193765994,1.1919645763277815,0.11061431610554648,90.71999971288338,96.7312271338792,335.4544258117676,267.143050284257,True,True,True,True
611,True,75.24966591109722,0.015531993470622363,8.06343384443019e-12,92.36245785607575,989.0721314365744,-28.71203925516666,0.00857775246155686,1.8379900158973395,0.9946196698825687,0.05129485185728883,94.84276719931096,98.3809754992475,224.03264999389648,234.2819729369519,True,True,True,True
612,True,89.73868122766193,0.0311927900813133,1.2251670967308927e-11,95.88646758934554,1070.8730861746305,-32.90551531837153,0.008405138566819468,2.3371928678729583,1.742156802615522,0.20808087905082637,88.0561337109018,95.87491668174425,326.08264923095703,442.0423110445405,True,True,True,True
613,True,114.0688167826913,0.03076116662370496,8.660829636250835e-12,86.78019586059118,1033.5259746650086,-29.611216817761914,0.008048242134538064,1.501150018794336,1.0323377724413936,0.14551374135562795,85.90444472340675,95.21539040405514,431.20588302612305,253.64107697068144,True,True,True,True
614,True,78.43703536283203,0.018903891529927795,5.396408628578396e-12,97.54451070816233,1035.654842133975,-24.721217247501833,0.012251899083278265,2.2991757881181942,1.375556334454257,0.05712714621105835,95.84697879831123,98.85456603880995,198.20295333862305,126.90948779035782,True,True,True,True
615,True,77.89146250584868,0.01517182595045841,5.695841541782971e-12,95.33938191230665,1044.2267437876785,-31.658533336804858,0.008921882174535692,2.155832422188144,1.2466350257882703,0.04561829068700712,96.34068594710293,98.94382556037156,200.9947395324707,253.13265583652517,True,True,True,True
616,True,108.74497544946136,0.026573771246361386,1.135810976932972e-11,87.81136710564117,880.7940665976482,-32.82906878056642,0.01073350625682604,1.3397816307442865,0.9314006224037525,0.145367096102529,84.39263485487409,95.0548972097877,462.9096794128418,324.2058550535538,True,True,True,True
617,True,69.15764811589801,0.027938594898476908,9.536908104078982e-12,83.9902894877351,825.5104867193886,-28.036602066008186,0.009909399214058843,0.9307261316666046,0.6830757810615367,0.0867063671777646,87.30647907864363,94.74609892270786,275.51727294921875,176.19502527142006,True,True,True,True
618,True,88.88105082519259,0.02946933683910866,9.00379464360047e-12,93.54111886667951,1068.9218681610623,-35.104819346385945,0.010457204157691075,2.0597641963237323,1.556805144271203,0.1429445098798792,90.81808597524922,96.64706120009942,281.8180847167969,299.63664088201426,True,True,True,True
619,True,80.41701383864738,0.017033279338425317,7.523536712155921e-12,89.05371272112659,1058.6185312030516,-29.765440814177357,0.00798630525726417,1.5480681017132571,1.0756781937752367,0.06415001826152707,94.03631879564426,97.8333202523317,246.06279373168945,245.68154577850024,True,True,True,True
620,True,77.12317524539657,0.019121534106413422,5.2802411402664e-12,92.92864680697906,989.1803724177431,-26.566269400715463,0.010577467627008973,1.6998693896441617,0.9773576506217873,0.04795149909961918,95.09376131970596,98.54425460118034,209.6855926513672,180.75009649376454,True,True,True,True
621,True,118.00733836558263,0.03577789116776274,8.118970446809316e-12,90.7274916719145,1060.2584450453987,-29.56776535280995,0.011565692407810413,1.817892064130669,1.3086045179651207,0.18892805245617778,85.56263180644059,95.68678433635492,434.95323181152344,307.97909614471956,True,True,True,True
622,True,91.86421377680387,0.019807077335906326,8.463850356325239e-12,89.59229556467596,857.3832458520524,-28.84366787340687,0.01014789848898902,1.395563148568971,0.8545239038139946,0.06100870422595861,92.86050349748454,97.44563500763387,285.37023544311523,169.22350554527793,True,True,True,True
623,True,99.87339580669992,0.03279675094667166,9.566411337888254e-12,100.55980941399612,947.2848272698917,-29.99132187991486,0.009700562832845108,2.4653892697206414,1.490127849916111,0.14465188438766138,90.29265278171906,96.96748863436069,310.0287437438965,220.67586261702496,True,True,True,True
624,True,92.9678683910851,0.014266199058007795,6.535154359504039e-12,101.64740472422439,1082.169965288749,-32.854249441313854,0.010028130570253162,2.9202679302528645,1.9096449831303053,0.06319557069613678,96.69071627164196,99.0734714743278,226.17528915405273,267.15795503154914,True,True,True,True
625,True,70.90277987174576,0.011947805219590525,1.307367513922075e-11,83.12351231223815,916.2494313583973,-29.173716716522584,0.008389357196556492,0.9673766765715658,0.7692176218317485,0.07066420259900173,90.81349664991708,96.54622061991162,290.5702209472656,342.16264426157437,True,True,True,True
626,True,78.31168553588344,0.013607201112812613,7.004659985397094e-12,87.36142202035607,835.3223788838865,-29.02081832716331,0.01070970130130488,1.1135993685046095,0.7406661194338323,0.03595723181686322,95.14528464669762,98.22911936850356,235.63104629516602,136.71849576221265,True,True,True,True
627,True,81.5887516270075,0.019413115105068768,6.36550708210349e-12,90.93726782616142,921.8905126630129,-29.323514570800995,0.01014099269061579,1.4167352067645202,0.8347071214289213,0.04845038703973084,94.19552250173815,98.04292493112727,236.64108276367188,167.9712850300964,True,True,True,True
628,True,82.12740482769327,0.01752913351316806,1.1067351186759365e-11,83.71022224901499,958.7648890369246,-32.104841043365155,0.009057774509273656,1.049928923832212,0.7101014410491354,0.07684630382955213,89.17812309801597,95.88179411097985,327.69189834594727,256.5594884663902,True,True,True,True
629,True,143.63752302618568,0.026910243601730017,9.802566915727411e-12,86.82725905108617,894.1971475080537,-24.721329748167175,0.009642302802216613,1.3276495581536345,1.001126092216997,0.1591110366769109,84.10679354839718,93.86179855917408,512.7010726928711,192.80800012682383,True,True,True,True
630,True,116.16301058213855,0.011252317855248817,5.986403130066209e-12,88.05299947107592,1009.1007439982155,-27.261319042081528,0.010080678734270801,1.498493005316349,0.9435570824539504,0.051122052738521696,94.58198622116572,98.33792542777528,331.4619445800781,213.13610875150908,True,True,True,True
631,True,86.02110313110222,0.013299688163607534,5.111072425137544e-12,94.12066578757745,1044.685735708102,-30.054154393382433,0.01069492967254192,1.7248806498582099,1.030532212422384,0.03934964300503011,96.18161930983852,98.92551195183422,232.24912643432617,224.78911903514376,True,True,True,True
632,True,65.05292670627765,0.022413980615922327,9.364280679548709e-12,75.83641474335859,927.1408895239409,-25.16946930166032,0.008684668300337506,0.7462625249833842,0.46470798976737776,0.0662091653948398,85.75252269108121,94.5528364508556,296.3853073120117,129.01678134600525,True,True,True,True
633,True,102.29860243211039,0.015441157890498259,7.483769114612978e-12,100.85936723684483,990.3174323454018,-30.909209477550366,0.010680170807191759,2.566805924482179,1.4299715394918608,0.06314758905470141,95.58399679219204,98.71146335426172,266.3248062133789,191.09350364284913,True,True,True,True
634,True,77.26418991260712,0.026235344559528348,6.960862325149263e-12,90.81132067663481,1043.1872267278247,-33.230663515884295,0.01032000926058744,1.7556824446512922,1.1983437884681143,0.09666210216634363,91.93369189238172,97.4030669115356,240.51780700683594,308.1448868670995,True,True,True,True
635,True,78.01385493809154,0.013117720859756227,1.085447983516631e-11,88.56018201914246,922.7853936935346,-26.471626451461358,0.009115122248856888,1.280858452502408,0.9699403641499676,0.0640123576156004,93.40038212847249,97.48283415311411,269.1778755187988,237.5305705386908,True,True,True,True
636,True,111.91055933467395,0.017407346041898905,1.0455040164367038e-11,104.08983378084197,1114.4620787189774,-31.473868334179464,0.00997881234046667,3.1605114772479634,2.402135408244095,0.14971241836882082,93.76752793139762,98.11799222961163,315.3558349609375,313.90140960884446,True,True,True,True
637,True,53.49896963602802,0.029346237394566314,6.4103900570184515e-12,86.13996413890942,974.4756451000623,-28.29010378953398,0.011914345443520831,1.2285804484400389,0.9322852234383666,0.08233802989119672,91.16815028049835,96.50137423168151,171.66736602783203,142.11083169262534,True,True,True,True
638,True,83.1799707115034,0.022900396566069747,1.1461688288160319e-11,95.32979482883543,1053.7815691245085,-27.88489717164022,0.010117514301978199,2.229830529140756,1.612772200825088,0.14001832304631345,91.31815869750976,97.00946657850305,277.26497650146484,301.4737288529589,True,True,True,True
639,True,66.01515164732542,0.021384125684716634,5.260487252492349e-12,82.82161084996862,986.9018708437694,-29.20600030523703,0.011564977073876418,1.0021606065429605,0.5660988917825777,0.04790901073198583,91.5369891325655,97.41250652407841,225.43989181518555,220.21305252394117,True,True,True,True
640,True,62.58843745090263,0.015783143256343484,7.934544048905834e-12,87.38436996820093,1021.6540576653712,-26.718842755329614,0.011528734242368449,1.311420317330562,1.0684854070520935,0.06450141927870125,93.96328495897215,97.66660661667,200.6315803527832,216.31150770912296,True,True,True,True
641,True,96.48042754797291,0.02960548406760316,1.1782940076512447e-11,87.03122614445265,996.0679281234912,-32.011768437846555,0.009985098498234958,1.352343608503531,0.9851813652548296,0.15219858956651777,84.55121108313395,94.02832764228411,419.7096252441406,227.15251171271586,True,True,True,True
642,True,83.4225493529316,0.04020895127149583,1.1805561357255646e-11,89.06178894924136,939.3669534586315,-25.618012497901837,0.007758560633457506,1.3338844028624275,1.0571253777691378,0.18341359432431148,82.64977852377633,92.68964925280865,402.2030830383301,259.02655455996097,True,True,True,True
643,True,66.7280102632745,0.02494457818197891,1.6089753940553647e-11,85.99084049772452,1078.4644798225881,-29.373556985975327,0.009735390684051017,1.7167094538264165,1.1927973855669556,0.19334228207933776,83.79085296305885,94.5603859004773,332.2949409484863,359.75303863378804,True,True,True,True
644,True,114.3512737485029,0.024004817620096736,6.6880757568418975e-12,91.3501069900513,918.5539831660216,-29.463977094868344,0.009775808877533222,1.610605025831764,0.999813473171117,0.08586487778518022,91.41191031234638,97.36255886747081,343.61188888549805,215.39991064732345,True,True,True,True
645,True,71.10791921152533,0.01581914346087888,8.864715392685564e-12,92.71104504667895,957.4197838318685,-28.318437655879233,0.010184408903811682,1.7099325332940745,1.3282122484935648,0.07581203095496016,94.29217498626858,98.14159284812082,220.8527374267578,330.48518423120896,True,True,True,True
646,True,111.76635829208563,0.010100835702656442,8.760010160863935e-12,98.46728784786258,970.5087518389199,-33.67005865082893,0.00924065747528267,2.1247812279109843,1.2064860345678345,0.057640808580922215,95.2224222303933,98.56190700546362,318.1203842163086,239.548743953308,True,True,True,True
647,True,87.15783513369608,0.028041300657894938,1.1795238419052286e-11,95.42207279858214,1052.8961192630084,-34.484338476486776,0.010827053742388147,2.108415340192267,1.840489243461935,0.1792918532305684,90.2584677488621,96.03513837080322,290.17982482910156,260.7567252392459,True,True,True,True
648,True,73.14581700479793,0.02503616163187201,5.997830919933331e-12,85.48585846677348,967.3757476434921,-29.52010883617116,0.009740958889250211,1.3065375677908058,0.7276700644261201,0.06037076648133279,91.7035522783331,97.3973151651965,235.11808395385742,218.98798042577414,True,True,True,True
649,True,73.28650681948218,0.007907424885648922,7.367281486638652e-12,85.05149968461433,1047.224999250429,-33.26964600223967,0.009580113891212636,1.4206493517363719,1.072213832574022,0.03465959431188544,96.76747368305449,98.92971760155118,223.4084701538086,375.00253808272583,True,True,True,True
650,True,116.25478881558159,0.015920690505507297,9.384987024180614e-12,97.00330224779165,925.201117221597,-34.01536038292202,0.010446980279891827,2.1218504171898807,1.3206310178392262,0.08903029299338092,93.25850356452709,97.87288106805832,338.89989852905273,227.1798554712037,True,True,True,True
651,True,90.38680390443574,0.026124063784451302,6.0282487768038826e-12,90.1554626587322,960.8687265850964,-29.900112216320696,0.008129518687920684,1.3761534291760211,0.8428495186760839,0.0703770883862174,91.65010042400415,97.28601466858827,281.2869644165039,260.439130563716,True,True,True,True
652,True,81.37197116838382,0.02623890814265739,4.721566198244995e-12,89.46516093318567,1139.693814455829,-28.750373036349387,0.01199591077858379,1.8775516176044347,1.1961277950617246,0.07138808224824311,94.03173452343701,98.13915035192313,217.03048706054688,182.93280498792384,True,True,True,True
653,True,83.38889815960667,0.006195615281280924,7.978887362764604e-12,86.02119316537558,983.6865339447094,-31.52284570902293,0.008946247839363639,1.3319450774719497,0.9723493297570489,0.026327051653768294,97.29242867269252,98.9918936383112,249.03162002563477,298.25487076493897,True,True,True,True
654,True,83.5737983821516,0.026210017351458975,7.101110145898069e-12,102.60069471248592,888.0819928107409,-26.481424433080928,0.00990669359313122,2.5626148794044274,1.4151716730468369,0.07994840168382654,94.35062168028708,98.39095725706328,216.3972282409668,126.6210999929262,True,True,True,True
655,True,76.69652575407302,0.020577531605106378,6.0955754277736274e-12,91.36602922773385,1045.5126845070733,-36.510180189504,0.01210192031603859,2.039585132359721,1.0665680919273948,0.05537328410614451,94.80827482790343,98.44522079200404,208.90933990478516,171.30198669745297,True,True,True,True
656,True,107.72360627971814,0.029015405923208348,1.0716274172920224e-11,91.30496486902781,906.3551205586438,-36.668181619265496,0.009379148397653693,1.669694055895847,1.2055293662499207,0.14055133937032566,88.34111027858714,95.63650066907738,374.2761421203613,277.33122696603965,True,True,True,True
657,True,77.49147430780697,0.028541321580831017,9.636656425076962e-12,92.29107115329359,961.696789672804,-30.482747199243576,0.010876814258443984,1.8357128532080755,1.2305454810316911,0.11843414897238916,90.37547568960281,96.60392393251146,258.3239555358887,209.45437362420114,True,True,True,True
658,True,121.47015858491903,0.01359000433355078,7.099142920049856e-12,94.47379356500444,1058.3258524736577,-30.436624564255435,0.01130059928035609,2.0819510915752417,1.1373094082079411,0.07311415748151161,93.57130461122998,98.19519045541468,347.8653907775879,187.9601407738697,True,True,True,True
659,True,95.1474016649703,0.01914009599283182,5.25730411803193e-12,79.95139567265028,1007.8148198778566,-36.033406041394784,0.008911319763036288,0.9887166990077965,0.8031431578364648,0.05538685750368563,93.103737862514,97.32645342734462,291.1875915527344,325.3543593250078,True,True,True,True
660,True,106.63048861965842,0.014152419206713255,1.015921434371697e-11,93.21352844180835,929.9533768734616,-31.06699702911249,0.008859912509757085,1.891760022428669,1.304437880742743,0.08213178409689022,93.70366459688178,97.87197485388947,324.51425552368164,283.8452585319826,True,True,True,True
661,True,74.10385753250128,0.026912319520358843,7.38049887228779e-12,94.15333263285373,919.7449052545417,-30.990722570178168,0.01145726004072956,1.8636920212405217,1.1344353825908433,0.08142276481057345,92.82261765984249,97.6480024509734,216.4743995666504,138.58086271413015,True,True,True,True
662,True,79.09923607475407,0.015592794960989342,9.049892373245232e-12,86.65309227943366,1125.8268801222998,-25.371703439525064,0.008880823429952214,1.3422730462980068,1.216161082762269,0.08397893124209396,93.09475262509203,97.12333224598471,265.0605583190918,261.6412732744072,True,True,True,True
663,True,81.667100886124,0.019965768192852104,7.387391888750243e-12,98.1494430791426,976.6008633341855,-28.210562823735494,0.009475987493361582,2.305315661120796,1.4058273505535983,0.07589903651848456,94.60111254140871,98.44515894905672,227.15808868408203,235.24077939494947,True,True,True,True
664,True,81.42469261931582,0.018127458632756107,7.673851757150758e-12,86.38735086321928,1071.3764759638543,-31.430880910333844,0.00811657908797919,1.3712817594078288,1.1137517891826507,0.07872193161835099,92.93182445290412,97.34866465533702,263.4422302246094,459.23349321479594,True,True,True,True
665,True,92.1883652759262,0.020383105210675934,6.929171592199538e-12,79.12131629566946,982.3366758848133,-29.22488390932638,0.009435603946427212,0.9667785148597974,0.6943914765146894,0.06543887425605001,90.57608330901428,96.43620614621258,324.1601753234863,255.4933750198462,True,True,True,True
666,True,78.4277126467612,0.02841272453421002,7.78810150046036e-12,93.5882163748289,932.828628157171,-33.56482517794729,0.010366003897178637,1.368054163425475,1.0565038376006592,0.10372967856071441,90.18179822268449,96.45074903308782,264.40460205078125,244.47760720133806,True,True,True,True
667,True,89.25739225052772,0.01735044767395645,9.160828770988268e-12,89.74044029363391,1028.7291032813876,-32.399506334041114,0.009914774364848049,1.5018928492390364,1.143865490032653,0.08235663021821826,92.80014731313668,97.24085084383289,290.2796936035156,303.41394338145415,True,True,True,True
668,True,100.72088506020856,0.02287721059409402,6.252078643593887e-12,91.64492159277296,1015.1277537208792,-29.09937652512033,0.008182408803748166,1.641742377901297,1.0162457841662784,0.07294482718834015,92.82212744939615,97.65644062798474,294.40155029296875,271.251414093696,True,True,True,True
669,True,109.22333226872048,0.028361787622410983,9.606436001328205e-12,89.38468842777002,968.9743459093575,-29.834417342051225,0.007977562251980555,1.523435090284412,1.049887827077419,0.12624211704206412,87.97565665719877,95.51061505106932,386.3035202026367,251.50849420220874,True,True,True,True
670,True,111.00070569825306,0.01776850476511744,7.54021684684705e-12,88.73093749966662,1009.1654077071477,-29.722575446994043,0.009164289336907376,1.4957657870618633,1.0561026210113904,0.08935392218503523,91.53927654308212,97.37303480660088,358.78740310668945,316.8448498875519,True,True,True,True
671,True,107.35030151793366,0.010872417837857432,8.468164660178926e-12,87.22636586656319,963.4224545363222,-28.60094415377975,0.010705353399132575,1.3936487139141571,0.9733065315214884,0.05717525168279454,94.12566855033663,97.93832358483432,335.0958061218262,239.78136722188947,True,True,True,True
672,True,71.67152889632054,0.01814969649895328,7.764687801673117e-12,91.03018842010012,1082.2224453658523,-23.051663595631478,0.008912502643745702,1.7551413126327546,1.077797018834475,0.0652305696846249,93.94778714871887,97.9223169720398,218.91891479492188,189.96780603127144,True,True,True,True
673,True,94.05532525906338,0.02424217809347127,7.44653401564983e-12,91.70166515180775,905.8783035488489,-28.997691766665067,0.010451151414211542,1.3686405735648375,0.9522105633899458,0.08465450809391838,91.10968609794229,97.00782596001967,306.05215072631836,205.20815369919498,True,True,True,True
674,True,123.69468002036791,0.017158546003944543,9.790923050519667e-12,93.46529671395794,911.6366533974372,-20.823861398527697,0.00963639300043298,1.8580998734506315,1.1010762729896657,0.0987560307849409,91.03095460255479,97.18753849976812,388.3462905883789,150.70401299238245,True,True,True,True
675,True,71.43234342209016,0.01595102831688413,7.39830290297383e-12,95.48288919529462,856.2875711769301,-32.9167881104327,0.009849937983032625,1.6620018219468278,0.8787581736118183,0.041064363558151844,95.32700067080212,98.5502502466267,203.09198379516602,179.55236303830463,True,True,True,True
676,True,109.51223816867883,0.026225179359672713,7.013061851176938e-12,89.97998669806752,1023.9282036329732,-27.810115921207593,0.010008941254605592,1.6554642623825973,0.9128325594201983,0.09971945389801709,89.07582197096961,96.96343453708415,372.3899841308594,275.2677360497287,True,True,True,True
677,True,72.44416594465989,0.025970891240602915,7.666469867654896e-12,87.27745248937654,1006.137496282297,-29.590880964968104,0.009017436325158234,1.5403140499097283,0.9827035232447829,0.08756100714979984,91.08978394005523,96.94482769126034,239.14688110351562,186.0795376365123,True,True,True,True
678,True,90.3818860151321,0.013814904371029288,9.837360954751035e-12,92.68335380775628,1103.6150414956487,-34.72460337233206,0.01151596343884815,1.8905431757158753,1.3896022227825835,0.07636092902569533,94.50483542889074,97.91125097666186,277.56458282470703,290.61899660714664,True,True,True,True
679,True,83.38230780373092,0.019386727944034104,3.826576550019877e-12,96.18457979605692,1108.8740257650688,-32.231364265578954,0.011231944918016304,2.11238374278143,1.0141454068917153,0.039162245326130364,96.13839937941839,99.0107834702913,200.3705596923828,124.8617214527208,True,True,True,True
680,True,85.79231438620057,0.023728145100649547,9.253101349504904e-12,94.63951769288508,1071.8594801113888,-29.13807412595463,0.010946731084702236,2.2640486984133052,1.3505430765048156,0.10679573231823133,92.09238607963421,97.46276238804809,269.2096519470215,204.13386265775247,True,True,True,True
681,True,125.7673103894168,0.024835194904339705,6.4693815957300934e-12,89.96531834237788,1058.2871574686214,-30.04808736914103,0.008608542830085662,1.7434608544814103,1.4067080309663147,0.1223273422547682,91.30399915533734,96.95299642255279,359.0643119812012,287.4021655160341,True,True,True,True
682,True,103.10551672193876,0.014530213342909135,8.613997173021005e-12,92.38953907446574,869.7109042022098,-23.590251814365985,0.011632620612244161,1.549534574808973,1.0811193846769727,0.06555949840130078,93.93596125178263,97.96885999078113,311.6357231140137,149.29134267386408,True,True,True,True
683,True,96.87942628881189,0.026863635485736795,1.2437226997841306e-11,93.84966619692857,950.3507970282446,-28.84622132868696,0.01161892713853446,1.9367383261335283,1.3910846135153585,0.15127264551251127,89.12556115977478,95.95046932583014,339.7805595397949,201.91983165309628,True,True,True,True
684,True,101.81211959750931,0.026277165151091745,9.37233111720153e-12,85.01034482300311,1078.9114634524142,-35.7989572998061,0.01011913998670166,1.6538562706509823,1.16860086677737,0.132725771930968,88.64233497473064,95.9398372471883,362.8615951538086,325.67580269125455,True,True,True,True
685,True,73.6609833873904,0.03063478707195188,7.817899898267216e-12,89.06476367185118,930.6313564160862,-32.492114286129876,0.010579645483830506,1.3692771293451462,0.9973561113868603,0.09469931013357036,90.50496517218033,96.19968501029688,239.70523834228516,176.18331657184888,True,True,True,True
686,True,104.33101545154099,0.026558980244507077,6.132398630897282e-12,84.86901010466767,1015.2429102391444,-35.47887639054694,0.008850025386057673,1.4204610354075815,0.8228380018571897,0.08474134761965527,89.70133277408317,96.98077608984444,348.59851837158203,392.34678139684513,True,True,True,True
687,True,75.60402535209373,0.03165751947038556,8.524866156620432e-12,101.27095244722214,1054.4477804406374,-31.099954539750907,0.008562078153146416,2.8998292059655597,1.4546530897947347,0.12358725274402324,91.5040050709642,97.6734828034241,228.83996963500977,194.761083071053,True,True,True,True
688,True,99.07665637830893,0.016874941512157123,7.056926495023462e-12,85.01646266818523,959.5733646036513,-30.159281566837624,0.01178974101347676,1.3698260166439409,0.8410960278479506,0.05873849020731566,93.01643471583078,97.74403788198899,311.39739990234375,189.75575754206176,True,True,True,True
689,True,89.91655408299329,0.012125653957752863,7.541348395732962e-12,91.7418350380004,1006.7471380887112,-30.111122089867383,0.009946228686614517,1.6139836629682507,1.257267258243606,0.06109650648711821,95.14053149109525,98.56368989250028,272.528018951416,414.0469483455528,True,True,True,True
690,True,70.72276692022879,0.021614086437663597,7.971537768341325e-12,82.53159524130552,1088.799536216222,-30.14579403469765,0.008974943560176474,1.224096908097878,0.7052182225725849,0.07137834230488962,89.8785453891837,96.5594969626582,262.6841354370117,269.09776369018687,True,True,True,True
691,True,132.48238798686273,0.023338164847577003,7.967950280598238e-12,88.19479460912952,1034.1902730449715,-32.9569721280835,0.0081517082238441,1.5514400508285853,1.0635281901548341,0.13319388840885957,87.47622398335596,95.88321958927877,445.87297439575195,352.882129874747,True,True,True,True
692,True,80.61258155651157,0.024935941621945776,8.685167438603385e-12,81.27362845546897,1076.8093667116193,-24.612047568256287,0.008380944983590046,1.0967639818954154,0.7407209269898706,0.10034830546789637,86.45261638878084,95.18258200195186,340.42062759399414,321.5769218143299,True,True,True,True
693,True,55.49388976553032,0.026287098854988887,9.654834207774075e-12,86.52739133503455,943.8323097829597,-29.014315861712323,0.010573486693851742,1.3800190190394974,1.0269387251476598,0.10515734737108345,89.7601147180458,96.00573457013498,198.83394241333008,211.18594982753535,True,True,True,True
694,True,60.77256653085576,0.02650565983846607,8.026455381072968e-12,86.41013103464823,846.4399888195201,-30.459593006130532,0.011694986593132409,1.0302298299273078,0.725601458323015,0.07955115113202099,89.03652270547018,96.0000776917844,225.20837783813477,159.77744118454248,True,True,True,True
695,True,132.77248179185352,0.014472704029619716,8.13806047475969e-12,89.39974322774457,1017.6070622797457,-28.735721863592605,0.010400028199130034,1.7189444960532956,1.2914960771154007,0.11063193052285968,91.43381598417551,97.13930991475638,397.90645599365234,276.63881115910465,True,True,True,True
696,True,111.17412758061731,0.003,8.590312295037762e-12,85.2297580590009,982.3186937878185,-33.92522608963828,0.01145493782212293,1.3874379793259728,0.8659653954155683,0.03003505827743394,96.53160987304574,98.86055418480436,341.36938095092773,241.70543899747764,True,True,True,True
697,True,115.12255034047024,0.01896461362469731,9.661103903218057e-12,94.34996455980767,1064.6091789421007,-28.528839995795032,0.01016847539116444,2.172389584183838,1.32776420582913,0.1141647865826486,91.40172734876839,97.28047133129165,363.1044578552246,232.54276192713093,True,True,True,True
698,True,80.07215223088522,0.01583965884303827,1.1317135739931112e-11,79.32216425711357,1075.0550180465027,-27.82992174821565,0.010776358829959202,1.0914766552564172,0.9909717072378863,0.10188488980337464,89.71868832790835,95.88349458732046,319.7909164428711,261.8179682957269,True,True,True,True
699,True,126.10124856436087,0.02866880822703905,1.2420325404445473e-11,92.02645182357075,1046.1110887777354,-25.494026152051358,0.010872948218406085,1.9869821288523852,1.5628082930367864,0.22980277478515254,85.29552371784456,94.6169387189188,468.60219955444336,228.50942874793483,True,True,True,True
700,True,103.60486521501622,0.01361907310114564,9.46571039805106e-12,76.95198858013399,873.5710889278263,-31.81991600216437,0.009659476387366972,0.7587531068706611,0.611103381928975,0.057514572419221706,90.58840547769931,95.83000311240589,382.3859405517578,222.30890573005018,True,True,True,True
701,True,45.01727612922937,0.013964425400405874,8.67739286127715e-12,94.36798870877705,1045.1868237595745,-29.666168804282826,0.008255831344610415,1.7779623705362038,1.1671481513162711,0.05651252238273527,95.1580677809409,98.2909376114533,138.2499122619629,284.22042528605994,True,True,True,True
702,True,99.65216961442871,0.013211874712604136,4.768998935847635e-12,76.13791146433644,1113.7300615053164,-33.18503941716372,0.011145868638105603,1.0414985987285426,0.7460791227130115,0.04056744828742603,94.56258095791392,98.07343334844204,298.7617301940918,309.0935608605173,True,True,True,True
703,True,115.07930856706544,0.013958509881048256,8.8278017858874e-12,90.40904530339935,953.0884538276364,-26.968892264828554,0.010011806072150051,1.5928051794796674,0.9732054527517546,0.07470090897984202,92.32424060421938,97.57057704104757,366.4500617980957,186.11143053817776,True,True,True,True
704,True,107.69021425041589,0.032239949658997326,6.327444558060344e-12,80.80618664739853,970.7769579020526,-28.57769268449631,0.009468155516688479,1.0549279410863988,0.6763307121659307,0.08908429098355843,86.82829429728713,95.32187888830677,394.96713638305664,245.0067573992278,True,True,True,True
705,True,84.2407150087206,0.032790326763232555,7.445784243087982e-12,89.78671158708428,1085.131484724959,-28.39009824006845,0.010583975275704158,1.6595614288742948,1.036850918291007,0.1253025880637292,87.91508153647975,96.27827800933566,307.3617935180664,305.48481549873225,True,True,True,True
706,True,106.24122413565637,0.029885524423151018,9.855732363781526e-12,93.95961291207914,939.4636563204597,-30.52692820187754,0.011550508754738908,1.9614673533162066,1.3638777724102347,0.1588986774451179,88.34949284609915,96.44290057744865,368.3861541748047,229.82995127247437,True,True,True,True
707,True,99.03996514222483,0.01742031265221596,1.1414793433341662e-11,104.1158699358803,943.7485161023259,-34.676824768676305,0.009866174196782389,2.58320628541563,1.6129928355814869,0.09855529756338492,93.88991101576372,98.02162021769092,291.024169921875,280.3956152078861,True,True,True,True
708,True,74.54580512630238,0.01564844070387928,1.1409254521751957e-11,86.28828969355423,859.0176044431072,-29.19848480089325,0.00979038776829016,1.1902177062021462,0.8363453175254989,0.07108092347643365,91.50100777909043,96.94190970191852,275.20177841186523,221.694455804604,True,True,True,True
709,True,68.55206103818831,0.02608358788470256,1.247540078208903e-11,91.32554054616597,990.1382504794998,-25.370418522950086,0.01118782967028728,1.9528926949370706,1.417215979346287,0.14704147966683642,89.62462448845224,96.18042511716006,246.0650634765625,158.26152347748055,True,True,True,True
710,True,88.9239225286894,0.026641059455530074,1.0672526453855266e-11,98.5331175959415,1030.070663465193,-33.76478985343108,0.010496521249255911,2.2445367463120642,1.4235689774061921,0.13373072525492924,90.60595395253746,96.83419852324042,293.4596061706543,267.0479373331317,True,True,True,True
711,True,134.57810336344224,0.022106643919526044,8.26038309561612e-12,93.34766071696237,1021.1241504721213,-27.454236752764803,0.01196278837080149,1.968924725241608,1.162989581756712,0.13644208593609217,88.26798725660169,96.69376207766291,436.0699462890625,176.53852552968138,True,True,True,True
712,True,78.77964072844317,0.010560394984749968,7.298474507983159e-12,87.2507448926219,951.3111805908047,-31.882530335974117,0.010807974602327849,1.3727002101366286,0.887682220403598,0.036942325167144824,95.83833895531349,98.64236227811054,240.11606216430664,240.47830074135214,True,True,True,True
713,True,64.1632826699623,0.017188522788206775,1.0166009255552701e-11,83.45267203147118,1055.2212598603062,-34.18828625944298,0.010104162568141674,1.3785797984492802,1.310130488134769,0.09342878800467723,92.86874178940056,96.83718119823473,215.4916000366211,315.2350937831196,True,True,True,True
714,True,71.29351532562485,0.017419777395637628,6.9131373507917195e-12,89.39866667150329,1002.0239556748521,-31.369298378363588,0.010299902440357028,1.6006805788221734,1.179125174321774,0.0710476633240828,93.97454444436325,98.2571418837374,220.14684677124023,383.0767615440355,True,True,True,True
715,True,109.4337148824174,0.028926554768335777,1.0324843065674202e-11,85.6202414198222,920.8876937759485,-28.128462416844126,0.009189178346120595,1.1303787949034578,1.0239878699947367,0.14595665094532465,85.74625196037968,93.82929817004138,429.2765998840332,269.31627910291485,True,True,True,True
716,True,118.37929444013471,0.03539142407572038,7.243940957733813e-12,90.61917129068185,899.7461866875333,-27.955668449547428,0.010609525361675504,1.3376434544933578,0.9059542073823457,0.12264903449645678,86.4618947075882,95.4143516845988,417.40129470825195,180.60911900464234,True,True,True,True
717,True,91.77059695399568,0.02447910339544942,9.263588016918678e-12,85.72549158582733,1099.6172351777425,-34.357697272933585,0.009401487516368443,1.3790172341816669,1.3224007649023573,0.14421746632826413,89.0942692899219,95.77498016383599,333.6408996582031,426.04954379010707,True,True,True,True
718,True,91.08268504559685,0.02287600775633603,7.177337283654458e-12,82.2035081601519,900.0039050047378,-30.081527559229254,0.009257121048911295,1.012702018316027,0.7152091456778723,0.06709982109193721,90.61815393477103,96.42406800283128,311.29072189331055,252.51160326779154,True,True,True,True
719,True,122.46113655842647,0.016370591521319096,7.819024784975193e-12,82.79857830755932,1105.1031877204287,-31.46788824337302,0.009968143966098714,1.3897303030768577,0.9697190270779289,0.08720717320961816,91.00696482439857,96.5543476520036,390.5887985229492,214.45110884622113,True,True,True,True
720,True,92.22102949769926,0.011996524126008877,1.1397018943208555e-11,81.25932048544497,1089.4803751011755,-27.41502593803111,0.010610219190321223,1.2342344548053952,0.9142793349037257,0.07303303961583209,92.01195555584525,96.83540150231816,340.22315979003906,211.15592352308303,True,True,True,True
721,True,94.95271896847227,0.01576452228682869,7.110479165423283e-12,90.15539877895996,959.277288784525,-26.76585031349246,0.009945198482859135,1.521570698291349,1.0277731319625216,0.06409626219643699,93.76357873122778,98.13940993118673,292.9330253601074,295.669181775523,True,True,True,True
722,True,104.83894279432661,0.021866763076399415,8.905918418561292e-12,87.77232429604473,904.6173564271792,-27.36863793451227,0.010879267749927332,1.2534085546992826,0.938683514112222,0.09742915331402736,89.62066001487489,96.28077625586032,366.7655563354492,227.55129174490875,True,True,True,True
723,True,94.82088591981422,0.026141751734318944,8.81978300437091e-12,82.75618427667237,914.7539906012491,-28.307389175158622,0.009563341198326789,0.8926341380658103,0.9371801874347021,0.11899219783089206,87.30316758438912,94.49434199248762,368.80605697631836,307.0339805112434,True,True,True,True
724,True,86.1779698429169,0.026510461529219966,7.0316531820934615e-12,85.19908054529732,984.771825149138,-34.86517461676829,0.011198549374593445,1.3291550014697955,1.0505410658065413,0.09181085446207768,91.26061251193536,96.64311820462494,275.4559898376465,214.23393821433064,True,True,True,True
725,True,91.87073251226089,0.02292096821717694,8.55696802436829e-12,98.00546600081557,961.7157840664707,-28.29436980280875,0.010385446975701028,2.297017107022066,1.5695016554997325,0.10045920602177885,93.59929276469656,97.904800863223,259.9241256713867,173.62756989771555,True,True,True,True
726,True,89.63939589450723,0.0352494183847943,7.316328596689322e-12,94.3533442999449,961.4807014892964,-28.950900330348198,0.01221254534648861,1.9995953510972715,1.1912510379469488,0.12581004413418018,89.43883026108365,97.02811445526358,292.5335502624512,203.91042861361657,True,True,True,True
727,True,94.8446429201114,0.026100408831369732,1.1818598856041853e-11,90.62972174530718,978.1426093935422,-22.769471120754773,0.008502339205639146,1.6047076026561435,1.1000020641328556,0.1539184269037458,86.00744199284011,95.57481852129455,393.5417366027832,336.8087190918744,True,True,True,True
728,True,67.807635326098,0.030024396111023137,1.2769078125786426e-11,81.79917615738819,944.7452409042083,-32.35201179154682,0.010036249412300538,1.1889432903892787,0.8397444943413891,0.15617426353888733,81.40216880357463,93.57879192965152,399.13665771484375,329.9134837010899,True,True,True,True
729,True,90.36656087965518,0.030684491556121928,1.1359219774793718e-11,89.9977202357231,981.6204794692648,-31.540038624729114,0.010647168576489285,1.4540122660746868,1.0447235344966015,0.1438109889014359,86.23454108643863,94.58064865823329,362.3736000061035,241.18308766506215,True,True,True,True
730,True,95.6266254665636,0.012575310644813079,9.586633572958966e-12,91.78497531038578,1028.0681390878658,-29.058054135660633,0.009589151014035954,1.8912509470134002,1.1116935893941764,0.06391875675048676,94.25032604664747,98.19699918138366,301.56713485717773,268.2406523346049,True,True,True,True
731,True,97.86503638281368,0.010741170157467946,7.0549468167935946e-12,77.85634936858874,919.3674487822694,-30.12746504471464,0.009656743614741168,0.8051461393236056,0.5740361360965751,0.037308407722412125,93.50068656372264,97.5296635159031,333.4207344055176,199.7883403684944,True,True,True,True
732,True,97.97463453872743,0.0160119059233397,6.709064399513169e-12,80.20844644400218,1022.8291149990224,-27.472839476028085,0.010343796352842417,0.9863987266277937,0.6696367975852787,0.05400547058140522,91.93511008114402,97.04211742761494,333.6295509338379,161.33433903320739,True,True,True,True
733,True,75.83643007970525,0.0230161327039613,5.745753337723416e-12,91.52603588907466,1034.0602715013463,-29.29552222477183,0.010223092913978398,1.6748059668775148,1.2678864067902247,0.07270282528126454,94.26582500672764,98.01093762623339,208.6505889892578,215.2805671048429,True,True,True,True
734,True,89.02316858561502,0.011134534289876966,7.097521929983526e-12,96.78021103914153,1010.3935997612599,-26.989857567110654,0.012170719626377125,2.2206172651285296,1.2807587557891476,0.0452679754533365,96.46553457091579,99.0263458742186,243.83617401123047,176.46403318131652,True,True,True,True
735,True,94.11623488158853,0.02764838695264467,1.148226379426018e-11,88.3750839108687,1084.7002304381963,-26.493128236575213,0.009428286308052843,1.577717207886906,1.2880319733887915,0.18148225404114782,85.9101126532076,94.93922325537126,388.7707328796387,308.9128403501916,True,True,True,True
736,True,82.02879523597196,0.021802477788750153,6.324145725171587e-12,85.01605909296998,920.5070524410028,-32.73781361086597,0.00919239020522773,1.061073206856344,0.6131193469352225,0.057439759869801287,90.631553194835,97.14763954135485,288.3549499511719,267.65639358622246,True,True,True,True
737,True,115.57399035568848,0.016736307926068113,5.051560352239385e-12,95.13191397926252,1068.4796475430292,-28.59902225817917,0.011405370569548264,1.9590705886784912,1.1328617183401442,0.057249194276571956,94.94649758662047,98.49929234617824,294.0565490722656,101.93235010677284,True,True,True,True
738,True,92.73862033875885,0.014476609059171582,6.768108019281314e-12,84.27038738598071,953.9035961585342,-33.84982756122226,0.010528119729334576,1.1398228338112726,0.6628153220529015,0.04479165672864358,93.24221163296093,97.85850530254774,304.7130012512207,255.98429183477214,True,True,True,True
739,True,66.72518085886193,0.011308468019598984,6.7455170787005335e-12,81.42854959656347,1002.3361275220087,-34.802007831386156,0.010161127991610678,1.1809179537860064,0.6334177635109156,0.030205244835173044,95.23138652320846,98.47897350919193,213.70758056640625,251.6798793305411,True,True,True,True
740,True,91.39589038580364,0.009866216648786539,8.997989864560322e-12,95.6515169410596,1048.7872089633652,-29.77918195164535,0.009093749659948998,2.1164306244384017,1.3664902853387206,0.0510335878400589,96.26535304439366,98.76968686041057,262.8271293640137,273.0419079689907,True,True,True,True
741,True,91.06618080512801,0.019830464225387125,9.552614422080686e-12,93.38149056251336,864.9923784989026,-34.42594229110951,0.010314396274331403,1.5904704722593095,1.0825098187789826,0.08984423099353193,91.70037726818295,97.43536189792131,303.99803161621094,318.5995210431364,True,True,True,True
742,True,101.02628378836157,0.02535981521357976,7.160370711125675e-12,92.70322277265514,948.1364829154735,-30.501250888496635,0.012113171141823465,1.8036009805357545,1.1837732967554777,0.09045190298631256,92.359018130057,97.49101224442555,295.6544494628906,190.33944703311766,True,True,True,True
743,True,93.82338780540954,0.0145057820419742,5.918263063670409e-12,87.30022635845627,933.4575283289587,-31.97398146603863,0.009718482265913288,1.2292004236246166,0.8116082961616548,0.04360080476112311,94.62785127168799,98.24483872431878,278.7584686279297,245.03247305665084,True,True,True,True
744,True,95.59634228622996,0.019968331176126706,9.403385833556915e-12,85.39664104474535,849.108174116414,-30.132488252524816,0.008426201047351173,1.0404932683340253,0.6510335203755266,0.06626053184288368,89.8222549578302,96.25831753600359,347.9085159301758,192.5782335983802,True,True,True,True
745,True,98.30660631636486,0.02245329552666582,6.9998097850380404e-12,90.43721620538471,921.0089561030891,-34.09550506277613,0.007878144949994056,1.251335535863536,0.7068502010744702,0.05707114459087545,91.9259916027296,97.16966358530756,307.7975845336914,206.07833144763575,True,True,True,True
746,True,67.58288881041291,0.02219024920429262,7.538668027439797e-12,93.55271955209983,1061.0475848916572,-26.914163040316968,0.01048222553364782,2.0099588854166113,1.276953349603509,0.07992856962324343,93.74068209711332,97.87870940379125,197.55380630493164,196.32397591481353,True,True,True,True
747,True,73.9786290022613,0.026904345039673004,4.7559019301874955e-12,87.73085688985745,910.3613401811733,-29.335108020814236,0.009872307811638751,1.3129170699594777,0.7598353877214629,0.053454802861175404,92.96494955026093,97.86115833784031,214.0003776550293,197.4165918628054,True,True,True,True
748,True,85.92903616527761,0.024815525764611553,4.764872443879603e-12,92.20657830711093,1033.5304144542365,-32.1123380442211,0.009240842461209065,1.71128964874878,1.171755846192221,0.06379304297046218,94.55577344224344,98.20253143172795,221.8060302734375,178.95815047588357,True,True,True,True
749,True,79.07965147387957,0.01796146520518661,7.788984714479328e-12,81.37028436715546,865.4049996153217,-30.60990010367677,0.010786808057925203,0.8546050325065495,0.5396313856542984,0.056541236778411746,89.52224828252791,96.6743509002366,310.11499404907227,274.15452612710345,True,True,True,True
750,True,131.44934714493178,0.031150064112861864,5.478321970082639e-12,91.52901861963008,1165.3481284682414,-30.03605057011657,0.007854748562356573,1.9922207986327283,1.2664590889267426,0.12719704420782163,89.95648218564925,96.87057727773248,376.26216888427734,273.98856967163573,True,True,True,True
751,True,94.79897007068914,0.018137471894178133,1.03621800109323e-11,84.10725949865781,1114.883075808636,-28.19531811956364,0.01002769899498731,1.3734607639666194,1.1079463959588054,0.11023201635346679,90.05078072770179,96.14469939505575,349.3679618835449,342.05965963465746,True,True,True,True
752,True,98.68043174544675,0.015021642099412487,8.808526321577346e-12,90.377352816649,955.87520124616,-30.211236018336393,0.010285545386322653,1.6055653991054062,1.1824040591960048,0.07564842137990574,93.60215141418374,97.84348280479944,307.827091217041,251.46429365440963,True,True,True,True
753,True,99.05245092841163,0.014005703700254963,9.191539456422635e-12,92.64115941693692,800.0,-28.531958858714496,0.010308191487361161,1.3608741266513968,1.029276356383322,0.060866412221631076,94.08648495186425,97.88257209871153,303.74608993530273,230.1353865092748,True,True,True,True
754,True,102.50816792210765,0.01863149761519731,5.165990385085519e-12,94.07975233156758,869.9383113390029,-27.029736464658846,0.009468993988063421,1.5159683044585155,0.9353678655032294,0.04690611336261012,94.98527637173268,98.44667007672564,267.27582931518555,140.91121194636082,True,True,True,True
755,True,101.83541519603939,0.007549614631270551,6.395224370487185e-12,91.97685601919305,977.2030521710248,-25.19764344820873,0.010384762425536561,1.7558890410706296,1.1455469372509823,0.03212448700265282,97.19570748626474,99.08861704002922,266.4950370788574,154.42545957022003,True,True,True,True
756,True,60.34039086504881,0.027978846121398407,1.4309312154584669e-11,91.25556898824628,867.0781502710477,-26.06578221065824,0.011067110647875338,1.4674350528485363,1.0273532701446095,0.14613423157127492,85.77565908261477,94.7832906335601,262.23926544189453,168.13978271486687,True,True,True,True
757,True,76.59311508904187,0.031109474303635733,1.639411452357554e-11,94.21888813547677,934.6605376427264,-32.74661382591726,0.011376953506372786,1.9611285295590015,1.4547363687217512,0.1945553930447938,86.62607210296488,94.54733520996295,306.3335990905762,180.0700201037892,True,True,True,True
758,True,69.42609971617414,0.01154105440831259,9.039950443930437e-12,93.77983152869015,1072.7496176369227,-32.857446126224325,0.010099870870053063,2.0042520428106645,1.6852320233134805,0.061569950331932986,96.3465000973056,98.63379249443948,198.345947265625,304.88556062884726,True,True,True,True
759,True,94.47622990176137,0.014649887265158429,7.633441566450583e-12,89.34657748461753,955.3320046486317,-32.56337256697163,0.009734230717460903,1.5784233871098954,1.0913239511911823,0.060422241456075935,94.46340003899621,98.17789158093755,282.9461479187012,270.99659166824915,True,True,True,True
760,True,109.46587841163297,0.020993766838758723,8.195473960197364e-12,81.56786781760196,911.1195565892314,-30.94242480136325,0.010488996820640542,1.046718671311039,0.7541571348945736,0.07998686094840793,89.39387333919613,95.89162905413271,383.6933135986328,197.4366602841668,True,True,True,True
761,True,74.1112928485329,0.017198829052367748,8.62519065788373e-12,93.81479098431714,1055.5842379780577,-33.83174730269332,0.00961032562707963,1.8681510358761366,1.0599654882619025,0.0651723735867595,93.85146268359858,98.00357450576786,231.09155654907227,282.3183399232684,True,True,True,True
762,True,109.8523975725347,0.014915887143458966,1.2067740802748983e-11,81.58361416347967,1043.7734487341181,-26.00363827183964,0.010738629687879139,1.1925812671273108,1.0745638870881702,0.11914475498266974,88.91226883628804,95.41219075518296,417.61919021606445,274.3286532086002,True,True,True,True
763,True,109.94984217213998,0.025193587239607136,1.138126600659698e-11,83.27257072234998,1158.8117311668134,-34.685228499375185,0.010629081582155876,1.4556462657784097,1.1287146304351674,0.17827115100143487,84.20582614998942,94.21026745426568,473.0940246582031,306.4461630856738,True,True,True,True
764,True,74.22463908888204,0.027421307683525895,8.337133913616616e-12,100.77967374877792,940.3802464079096,-35.50536631785959,0.008707263310351569,2.1884045848516847,1.3452901120937517,0.09661395793680852,92.81835515861759,97.6393580523455,215.58012008666992,195.1305168456226,True,True,True,True
765,True,74.07038818463033,0.023035444003179483,7.458888500948998e-12,76.33910611347639,969.4739348456043,-30.406465411793803,0.01094564228887097,0.9076684535499251,0.6885345260524038,0.07185322239799645,89.56432543623414,95.75677679547839,274.2802619934082,165.34992929666373,True,True,True,True
766,True,107.00144106438609,0.01741879428827424,5.462498622665502e-12,77.23772048594616,996.2688798480649,-28.441803075462264,0.012109524302485622,0.8308435465012773,0.7380928374874235,0.05498912954851624,92.54983563643466,96.71803016927353,333.52060317993164,159.9906920026335,True,True,True,True
767,True,85.68371515444422,0.03387019298769011,4.792321335069729e-12,75.0,1032.8296411953997,-36.359093379539246,0.009955322780726406,0.8724061725302313,0.6505196496673006,0.07358024705253999,88.68900469183804,95.48662204835547,296.58958435058594,241.28511227636898,True,True,True,True
768,True,58.814799823650446,0.015366673541401026,8.803171114315806e-12,80.59440077896927,1111.3865051596867,-24.086834196702924,0.00946048134023521,1.1363879621099817,1.014695839839396,0.06496774345166922,93.59731843761652,96.87508271046222,195.31129837036133,178.08780486486265,True,True,True,True
769,True,117.09438664627913,0.02168779196899716,1.1063815217417556e-11,87.73901697683705,938.0229710497551,-27.310696753185443,0.009022060358200388,1.3894414010303537,0.8551685078008032,0.12465402281362058,85.42345494758834,95.44580027018729,469.8233222961426,312.156567961311,True,True,True,True
770,True,84.15904223617859,0.021218306623685363,7.457910501149598e-12,92.85071938439422,800.0,-34.14941008180842,0.010730796475355714,1.333439527624828,0.8872875262838742,0.06161198014050199,93.05614264650552,97.65352954662761,256.984806060791,189.61471931186617,True,True,True,True
771,True,76.8089251570463,0.012421049618579337,8.351330603418102e-12,88.92427020347986,1117.105480515202,-31.792231938606225,0.009768652337188755,1.6746931932640998,1.443183451273438,0.05897379388759163,95.91363150432785,98.26174521879693,222.03981399536133,253.916505805416,True,True,True,True
772,True,91.97165490123653,0.020243868729793186,8.324295211775426e-12,80.39684928421427,1006.2827526600712,-32.43262865595896,0.010703598777241016,1.1294710761220148,0.8394992977704304,0.08765327263042555,89.55886290039575,96.31528145203606,341.333065032959,333.1041350458077,True,True,True,True
773,True,77.76709930588827,0.01610494412564225,6.559555434938897e-12,95.8726311011362,1052.041552016743,-31.571269466668163,0.010387260133411097,2.0148174333198114,1.2128530117145564,0.053969665429923125,95.55018910711789,98.62234143533877,214.1161346435547,193.68157575780558,True,True,True,True
774,True,67.13138896360292,0.017313446690213025,8.736973913177485e-12,98.13211375646759,1160.617872050177,-32.455086835237864,0.010801636551884283,2.6325439133658937,1.779607213361135,0.09452678473672028,94.68833436799865,98.3994377224488,197.27916717529297,306.9094509451535,True,True,True,True
775,True,129.77459905407727,0.02892352786276339,5.639787857086294e-12,84.50381037669491,988.3838575536099,-36.83795701206472,0.009944789293493522,1.2017960092812827,0.779721691816966,0.08615903299835652,88.95002743894655,95.91420785828285,400.02185821533203,195.39332732926005,True,True,True,True
776,True,107.40921829197387,0.021049068293862532,8.314253865000133e-12,101.12527952315217,1050.1274753559571,-29.96460714737485,0.010203129264037221,2.9499947259645625,1.9575772448934177,0.11530314261972843,94.10990585835063,98.2397680363804,286.0806655883789,245.75956866467038,True,True,True,True
777,True,79.35458518766454,0.01453091269174967,4.982288542516572e-12,85.92756936517893,1035.350619532955,-23.854905570653784,0.008687331252663267,1.4117344736382624,0.8496036561820843,0.033171774906270685,96.09561768421094,98.6774709075277,213.1242561340332,178.85567700377655,True,True,True,True
778,True,122.29926230381571,0.033062544256922226,6.939872759163418e-12,89.47422070892071,1022.8930469305593,-30.935361945034348,0.008626228639447614,1.620922501919666,1.1797491874830697,0.1383196068763486,88.27550734139975,95.92693254278419,392.81768798828125,296.2162588370102,True,True,True,True
779,True,81.0488111016504,0.0316876208685625,9.57916029459841e-12,86.75788979982886,1017.1745413300374,-30.764047170989105,0.010589507271963304,1.7363304313535772,1.300260317798618,0.1577372188619786,87.86879698605024,95.9274004360098,300.2915382385254,308.27171218585977,True,True,True,True
780,True,85.91340316643094,0.01813642195511832,8.688373301115326e-12,94.65052887160827,973.1376414318572,-30.996830123351106,0.012028199343142417,1.8465989246984116,1.192330303795579,0.0760307376891504,93.62334938170072,97.91351392107677,263.2924270629883,184.50438703963462,True,True,True,True
781,True,140.53906712441633,0.019492713610682985,1.3325270474218875e-11,88.81525534438464,1044.8658040732128,-28.869167614421766,0.009100515077517217,1.6369338188067966,1.6726574745621556,0.26386248499233045,84.2249540623133,94.27778213637322,520.6724166870117,445.9424718821537,True,True,True,True
782,True,86.4016874783303,0.022151387976268876,5.542536069625271e-12,86.35199682974799,1026.1318493472634,-32.62759576667817,0.010897911413641702,1.203945041325444,0.8305833967035214,0.06404737327081605,92.28886906179297,97.41929607615162,272.82535552978516,294.58746731469563,True,True,True,True
783,True,124.49581179549583,0.024663373831601762,7.978333705428698e-12,91.08357639080273,918.3733167940891,-30.261588581390637,0.010380554144429305,1.6333900409621884,1.1683644468102035,0.11754561662041149,89.93930216369324,96.5818070743392,385.47733306884766,224.10863964197335,True,True,True,True
784,True,100.71872908655443,0.020522332411763444,4.838712738366365e-12,97.90781541516102,851.8299387351401,-25.460849500106352,0.009940296316481452,1.7464205498966028,0.9775488842907206,0.047577079820688616,95.1330229530967,98.6683498800897,253.09446334838867,147.91048127527466,True,True,True,True
785,True,85.08169900559336,0.027724546564710545,9.242063956072444e-12,89.32637852202156,885.9860286165269,-24.88182266432106,0.010386997991506748,1.3499756831296739,0.9951070671878284,0.10946611943141617,88.99956366094682,96.02566873635877,305.28270721435547,170.0252569176964,True,True,True,True
786,True,87.31777699092115,0.02814287712389113,6.090435510075343e-12,85.17820757420229,898.6272158264752,-30.37064183986897,0.01077122761913756,1.1067385686562115,0.7914068405617999,0.06977399059088649,91.18354972249726,96.62501108968263,275.1722717285156,142.0414076243038,True,True,True,True
787,True,83.20979502750946,0.010714750177405303,7.238738580409271e-12,96.07633081160468,965.9077817498286,-30.02601408321131,0.010160263162640222,1.8324942100095893,1.224687714746104,0.038421272450758166,96.86276983200379,98.92657628966403,223.47429275512695,200.8486891392236,True,True,True,True
788,True,79.2905298841401,0.011489351728629846,1.0252774059746387e-11,94.09986372941097,999.1532648285224,-26.465312871628274,0.012240366814543765,2.1842481168571326,1.7017751220839241,0.06641575022171683,96.09726635676829,98.64352600752491,229.49365615844727,188.76381958720668,True,True,True,True
789,True,103.57711958033676,0.03185818688819936,7.348586078113435e-12,84.48613597757746,944.9741717887296,-30.616811200666195,0.00922622766138651,1.1351702439531146,0.8005913846342373,0.10545332553211158,86.82807140370495,95.19568022654134,385.9358215332031,260.490616203395,True,True,True,True
790,True,111.9006098800493,0.018044666061237665,9.656201947348534e-12,95.4616546677096,993.3636803268538,-32.129924070245906,0.009600298530393873,2.0321635382507415,1.5817610339870254,0.11463610550047547,92.75262804954039,97.46543978047539,334.6577453613281,288.0155023725915,True,True,True,True
791,True,88.11646737339686,0.020772266196893107,4.934756906257881e-12,76.56647766286243,952.7917968219494,-29.69487456785034,0.010291274402454425,0.7141020659701658,0.5708402956013194,0.05247288946241872,90.80778111377997,96.68220077336125,307.37768173217773,244.14691373352932,True,True,True,True
792,True,81.92480045711336,0.020228579841526973,9.248261679968946e-12,86.16744033534268,896.8203018179776,-34.63856001438981,0.010968603700795238,1.2210131566227094,0.7906590927641843,0.07411751167311953,90.62585729407083,96.73174485038983,293.7546730041504,234.04175257856346,True,True,True,True
793,True,100.81633747511921,0.025552739975914854,6.0061825843142e-12,89.99027113573185,1038.3932746488524,-28.4941251401781,0.01056980521574348,1.6541839856462468,1.0012953259443842,0.08593936240523155,91.41718130720557,97.50163174856095,312.34161376953125,244.4823764791376,True,True,True,True
794,True,108.23454289543527,0.02923635847845521,5.851174681645762e-12,93.62793667316252,1055.0344099194326,-34.12526298931873,0.009099908879289213,2.026341185804093,1.0293337455821643,0.07999193513125212,92.22876589108513,97.66678748260527,300.5593681335449,214.7894081119099,True,True,True,True
795,True,81.68146395948318,0.022431013493765126,7.231243942334679e-12,89.63954143058182,905.4907492589489,-30.024644446603848,0.009614958333249437,1.445889184142842,0.9150248115016331,0.06563589442068536,92.82687271474406,97.5334287321921,250.0984001159668,177.42477880190978,True,True,True,True
796,True,81.0293678632022,0.014599426832806114,6.791760659759279e-12,89.56581917503233,1035.4686549679798,-31.58589264327317,0.008026865105733529,1.4824565978065138,0.8877765174766528,0.04629862592566128,94.78487828702015,98.27882703799928,244.80762481689453,277.733279407329,True,True,True,True
797,True,108.77417029292805,0.038029436516350906,6.456036168770452e-12,98.96620833868161,943.9168038057104,-32.79691168427737,0.010125720037338675,2.235790160345219,1.2278953558930075,0.11812702061090737,90.37971598768712,97.29610993021399,315.2990913391113,160.82015289067533,True,True,True,True
798,True,85.03071976127995,0.022744037540284284,8.980519232436287e-12,90.37783144588657,995.6631263111537,-28.6199272921758,0.0100470736089094,1.6402449662595013,1.447696592519661,0.11178089913694249,92.27870675979197,96.99859288709227,267.2826385498047,225.05773668503107,True,True,True,True
799,True,65.29786350966242,0.019285786700337777,7.948919639401045e-12,87.02862023878781,1009.084007902629,-24.4791411895911,0.010322106724513077,1.3307401985983804,0.9246947935325766,0.07372958691660733,92.02660300108958,97.25764302662526,223.19738388061523,239.85229967217523,True,True,True,True
800,True,69.0857210658811,0.021308990824175877,1.0664664827924906e-11,83.84381361342342,1195.291695240851,-31.632753495530984,0.008723380807188864,1.4260163337861624,1.3928925483400203,0.13701160555226513,90.16351938162433,95.6079162692825,254.07499313354492,367.6122824020536,True,True,True,True
801,True,93.99985157012632,0.015311793752783645,1.1290184074762028e-11,79.3761650246112,1109.3852376089783,-31.172434450587637,0.010375153703111817,1.117653032552358,0.9634194953820556,0.09972285727099262,89.64907210732265,95.64123427699238,367.044734954834,363.92713454257733,True,True,True,True
802,True,85.09069890626867,0.029250478322866133,6.413490197830153e-12,85.21440013026346,870.7683963933539,-27.996693238281573,0.010344656673783136,1.1287531213597672,0.6794849445788191,0.07164182979152986,89.45645074800925,96.58159095140444,293.79098892211914,187.01233186952038,True,True,True,True
803,True,69.68489436838023,0.03048386206444795,8.796795487756903e-12,87.03274568403509,928.899183793896,-28.018663579385912,0.008860456006842342,1.2379455167442395,0.9368846860976263,0.10981416629162086,88.27879589439912,95.39678400147739,257.8473091125488,214.42232694591286,True,True,True,True
804,True,160.0,0.00853608047648279,8.991045276971476e-12,89.20795868950526,994.534583346268,-28.94032982069723,0.012238278351208724,1.8513005704049748,1.2766225024725424,0.15738117128659948,87.67206664602996,96.56434621392698,489.5474052429199,258.8550432519459,True,True,True,True
805,True,98.6256203778739,0.003,6.691670494692952e-12,96.99643100406429,1100.05955701381,-30.54626110091022,0.009862941250682385,2.4692362813475714,1.466900881305737,0.020517805289773584,98.60128209402193,99.60239883263824,248.7615203857422,252.8505659106205,True,True,True,True
806,True,83.72451607344607,0.014168558355964624,1.0647137974168603e-11,88.51314505318149,955.3109873874602,-28.18547298446707,0.010509338077447989,1.5727708013966775,0.9572456443523268,0.06581164934409728,93.12489435367183,97.72774676238485,284.97303009033203,239.8882710874872,True,True,True,True
807,True,79.32806600342268,0.024262950423891354,9.738777595091369e-12,96.89356643060637,1125.1846423872553,-29.696953875798886,0.01076798728311396,2.624138441893937,1.9408559817135373,0.157778707277864,91.87066383263715,97.69255085245699,253.07857513427734,359.96635786757406,True,True,True,True
808,True,68.75876125043796,0.020353436496764042,7.242822567780324e-12,83.6742223077187,862.8215333823637,-27.397810343575742,0.00784378738982279,0.916155716100219,0.4955861975248352,0.04308110976972121,91.30704002958792,96.99193715804142,240.6857681274414,147.97236268717404,True,True,True,True
809,True,62.30386643591831,0.0360680885238491,7.640660059283448e-12,87.0035191126081,1050.3531889188907,-30.26713748014981,0.009681857530733225,1.4206320789841866,1.1484022871980897,0.149883913180742,86.94848357134207,95.49408100981032,238.54766845703125,368.04186860664004,True,True,True,True
810,True,82.02670448428235,0.010049323252280171,1.0088290680405186e-11,86.24811023192598,834.8214472462892,-28.61568842894885,0.008655983163632133,1.1308166854132145,0.7666510888465322,0.038974432444631245,94.91627508111019,98.09983290046644,271.93334579467773,232.57608242032754,True,True,True,True
811,True,98.74588830742299,0.028250799926474397,8.199660143051254e-12,93.96129487871818,864.5485628025481,-28.237527924683548,0.00940886094775796,1.6787423415929081,0.9671919671313762,0.08807414887119534,90.89382957424502,97.02548620997837,308.9097595214844,181.61510577687392,True,True,True,True
812,True,78.18536019222083,0.019082050608665777,6.670923279037084e-12,98.57683618675851,1096.5629659378546,-34.15987139685677,0.009950048287617442,2.84771005586992,1.6711918385476534,0.07457813799587877,95.53742806327425,98.78136731536642,203.52323532104492,197.82929659720205,True,True,True,True
813,True,94.28540576079867,0.025861461644717497,8.38330069953714e-12,92.04660648236683,1046.608937016796,-30.81736562208454,0.010603805775943904,1.8589584586572292,1.088436438567273,0.1183681419707487,89.12493759152729,97.02435244864529,335.8380126953125,315.3643864932511,True,True,True,True
814,True,104.99998097785655,0.026901761614482746,8.260960771587624e-12,92.97317504029309,1018.675631891896,-27.688541737814496,0.010928195427016032,2.0667819588652905,1.221629879050985,0.10883830293003229,91.09073011421572,97.12941854092037,323.2182312011719,172.31006981126546,True,True,True,True
815,True,83.96389742830446,0.015383684587874136,9.582172585604942e-12,93.18469142047948,1015.5174002480859,-27.188630484328634,0.010412946680719992,1.9060945627606596,1.2483875095693975,0.07854728463908131,93.70810072697905,98.03383689784599,269.0553092956543,275.1345135967442,True,True,True,True
816,True,82.48997990305085,0.013453352255500605,6.483650955833248e-12,94.51315197558482,939.639656407567,-30.04369214064214,0.010218881721683601,1.9239817310779763,1.187366799927561,0.04455516910754943,96.24756485440997,98.90752375826598,222.08293914794922,223.51786540048914,True,True,True,True
817,True,70.88084082127632,0.019225799761505246,8.681541755561619e-12,85.59031352603564,1062.5583566680157,-29.219969125159153,0.009183439933272296,1.544847107087255,1.2189985344668222,0.08484879562401501,93.03946697022674,97.24537664167397,226.76996231079102,224.4334314957611,True,True,True,True
818,True,98.81713700033849,0.016653889205805156,8.370778886837401e-12,87.74232250356293,911.3809242016572,-24.006957388949814,0.009871917415084702,1.280661484674335,0.9047163255241597,0.06654166908538589,92.64502394749712,97.32437757593677,319.107723236084,181.6027801415361,True,True,True,True
819,True,97.01941676611257,0.019749250083134384,7.064832259965634e-12,85.91547723593727,1157.80164833138,-26.722067290809772,0.010022826605943167,1.6539854348857768,1.1736018884391548,0.08829703199911701,92.47640678931178,97.44768951149422,304.88550186157227,270.3392599334517,True,True,True,True
820,True,85.8608753454908,0.02196000132521213,7.92096550389076e-12,84.75764136373462,825.7915137889719,-29.731170440127663,0.010907712665243789,0.918092360876033,0.7288568987810605,0.07034343138191514,90.34880077288732,96.22647278101455,303.9571762084961,183.7513555114256,True,True,True,True
821,True,90.3893271189019,0.023338056384360827,9.841835711910745e-12,94.71437198754363,1048.1141340856925,-28.19329205034404,0.008835119686954806,1.9642505146245879,1.4999819987612757,0.11620523882157692,92.25289110685713,96.93771766511864,279.7367286682129,217.50458006018627,True,True,True,True
822,True,67.67349694024291,0.008519425580736262,8.064104815652317e-12,87.86397335800382,800.0,-29.355814323871613,0.01099341392142601,1.0473082529589135,0.6111577531242874,0.021645376661005203,96.45829958789653,98.75522820321369,210.36651611328125,142.9723286109126,True,True,True,True
823,True,111.5553461678296,0.014097282105404028,7.860693755823071e-12,84.23326403740899,936.0860035452569,-29.614268702052627,0.010934089194334484,1.2470065292964734,0.7867896634484086,0.0581925899071611,92.60379328674583,97.40716137330723,355.3600883483887,193.89840170871972,True,True,True,True
824,True,107.17263354326299,0.01175205016800544,9.541535853114e-12,100.84724542007527,1091.3370280209454,-37.623490303819956,0.009161695516588114,3.0586452982498815,1.8425752806687594,0.08315204454672658,95.48718332330243,98.71726481417774,295.8019828796387,370.8772633172226,True,True,True,True
825,True,101.13503586912373,0.01787770575038616,9.876452040376663e-12,79.07391033222832,1005.6023245933698,-30.692390641757093,0.010160848552018051,0.9221724622931836,0.8613472063064208,0.09795208054456044,88.62803758723584,94.993960905877,391.4308738708496,300.2852835574269,True,True,True,True
826,True,117.5960954360305,0.008156678652499522,1.086284543998019e-11,77.46596481834277,1071.1151878951164,-33.62309368110669,0.01195739839720691,1.1149859810398906,0.8549953445631778,0.07686155306940677,91.01029572170644,96.51855246819002,426.07398986816406,278.0538650611468,True,True,True,True
827,True,98.75866440054008,0.015275266131034079,9.543066738663761e-12,92.63537640475731,998.7483404825041,-28.69374859758569,0.010202254967333098,1.8666355890105073,1.2374673048166906,0.0696264999621156,94.373467509719,97.87635924398505,290.2638053894043,200.9565334613763,True,True,True,True
828,True,79.39147197585648,0.019878757647791616,7.022917749232168e-12,92.10560673396395,940.6900493357883,-23.746565046215668,0.009872585209312975,1.5634814130143124,0.9509789732582002,0.05627800891361784,94.08209744945246,97.96366837502237,231.33441925048828,149.96702922582108,True,True,True,True
829,True,75.81930364621091,0.003,7.136316108757072e-12,85.9322671352799,1062.730660327622,-30.212629031843303,0.011035181803080512,1.406671355862929,1.1390921340995217,0.014097525309777526,98.76238937239945,99.55242539835179,217.4049949645996,300.46273323952505,True,True,True,True
830,True,82.23051602004449,0.013595947306779944,6.344719797159398e-12,88.35984514627444,954.6488035036363,-32.816773212062294,0.011806882903382212,1.3811331229850647,0.8103059670661089,0.04220607376985787,94.79134111245975,98.49183676096914,252.97870635986328,259.79889644238216,True,True,True,True
831,True,109.75649579836175,0.015539323920695798,5.674957450731711e-12,79.14383388325422,1009.2673246173141,-33.35105318204999,0.01225445025795728,1.0370683770845812,0.666144039665406,0.04953279917671805,92.5642509386412,97.42234182642281,346.4286422729492,227.23904553317655,True,True,True,True
832,True,130.08077413879167,0.030163779202343775,7.499723896503956e-12,79.9975750219992,1115.7668113621357,-34.27968152653122,0.01091166097475677,1.2432047684133285,1.0274570382581762,0.16636161356724935,83.80841170261695,94.20354013504294,502.2670555114746,374.31949405513177,True,True,True,True
833,True,87.56609775554128,0.014887538831197797,1.1439992868430513e-11,85.64496447785278,997.1159279276372,-31.805504097364288,0.010707501231515206,1.2342733160100938,1.1537393750771197,0.0931159275291117,91.92920606329419,96.57823015646395,312.69115447998047,269.45476574124984,True,True,True,True
834,True,105.96084441752491,0.017049886418260586,9.984165455920787e-12,89.36000828289383,1007.5925979206562,-35.05575357344974,0.01075411347981986,1.5558362387920142,1.0478468200079467,0.08345924081795882,92.03516781037462,96.93130384083241,343.43711853027344,192.8468827281006,True,True,True,True
835,True,91.80883208460033,0.019437102441640215,7.104183605242106e-12,83.27492899404439,1114.5005631445845,-27.996842701686944,0.009666211518955924,1.5545691962698522,1.1085441063750494,0.08774285199029556,92.0848569321057,97.53171336992474,300.7477569580078,367.27922187023984,True,True,True,True
836,True,106.00537626108955,0.011184603508780196,9.310621036747526e-12,83.27228001702994,899.251981045113,-28.699464194937725,0.00988505934167512,1.0268917174669137,0.7850188204599873,0.05374965621474702,93.15307419212549,97.16797465465797,352.1279716491699,173.52673458701378,True,True,True,True
837,True,104.55862666798868,0.010317198514809943,8.738538287042813e-12,95.97555480465482,1129.7075008348477,-29.026117622760694,0.009983524507179901,2.7153270032947936,1.7942679460823758,0.07307965627642202,95.92704888720857,98.80831659214529,289.5874214172363,277.95837276876443,True,True,True,True
838,True,81.56887302831112,0.026248054129187046,8.933919068348028e-12,84.61698223589217,957.3153358606748,-33.76229300982491,0.009545330488243615,1.1549332757919937,1.0040239417024373,0.10625023299634814,89.41755982270814,95.4223176560089,291.78226470947266,271.5757551874305,True,True,True,True
839,True,97.28303010138286,0.014678075280592092,5.078888474852211e-12,78.43005250345261,1180.3420751333024,-32.513074540266906,0.008605655868241285,1.1087909027895544,0.8868027838917443,0.05519675010474788,93.77575813840859,97.87332827236146,303.1718444824219,477.7696325771697,True,True,True,True
840,True,124.21855304596826,0.018718657357761518,8.744458200842744e-12,95.21699693687745,951.3499653661311,-28.743906752434672,0.009317556553685859,1.878077490288806,1.2562370055822758,0.1044625994987767,91.68448317995875,97.19610146014898,369.8501396179199,207.93276757109098,True,True,True,True
841,True,95.35963035542903,0.003,5.4679826263958546e-12,93.1524446893833,1053.7054689667336,-27.587841802841375,0.009068264549571601,2.0197053211567773,1.0993793164292804,0.013315101067864687,98.78885286735142,99.65107900486144,235.38818359375,191.22306070873768,True,True,True,True
842,True,82.48237919323333,0.017814783474519168,1.1710222508825448e-11,88.06219618699537,1075.990505867403,-30.99843249900724,0.0104412036357221,1.5617120242988054,1.4036178338286522,0.133123702862068,90.51567316589686,96.74347437459613,306.7761993408203,415.56852142259163,True,True,True,True
843,True,75.18925468923301,0.016104729190903805,5.586524044416919e-12,87.77966858526044,966.350684880933,-27.592153939818058,0.010789522586753034,1.3637172984615027,0.8987398113477532,0.04273548303104558,95.24495493673977,98.42211479250865,213.78021240234375,176.4989512907063,True,True,True,True
844,True,71.2044722214583,0.006613313377830653,8.035764795932793e-12,88.28351949421808,985.214028489243,-36.24739725678183,0.01073416173146295,1.5770281459340323,0.8751376508196704,0.02391841426374985,97.26689690000796,99.1666654051835,216.1793327331543,235.9658321121588,True,True,True,True
845,True,84.30386128506636,0.01505507219910604,1.1557746315947255e-11,92.25779810604939,976.3104001629229,-28.11527982643896,0.010054808275932327,1.5980091512431427,1.2805285913834157,0.08962728379327473,93.00075887439216,97.35559129594013,284.2262840270996,274.4911321304815,True,True,True,True
846,True,103.79670546333159,0.017100170779322243,6.8009349358374e-12,96.2651545049101,1136.3792745617018,-29.913452641232666,0.010393655585587741,2.3810268430689496,1.9295428983514546,0.09138616970170622,95.26384358804441,98.46291258501877,269.07800674438477,223.8785269373091,True,True,True,True
847,True,84.73267195926672,0.0148176424882904,9.079144718415503e-12,93.26211489513005,1090.0573523652836,-31.129249266754805,0.009791156377873249,1.9377188514077195,1.2900992280554018,0.07063760336375127,94.524637963684,98.08072060476016,258.2967185974121,244.11108187926283,True,True,True,True
848,True,66.96156149125979,0.024743427447705205,1.150230872173321e-11,89.22750089996111,1108.68757720213,-26.975453211595337,0.01232824931359496,1.6781074394333189,1.4900149384318306,0.16528641124522347,88.90706348090849,95.77851887495194,253.37591171264648,270.25132427690204,True,True,True,True
849,True,85.25710704417423,0.026385890624227012,6.994639373561479e-12,88.15566800887883,1009.8923780885419,-27.56922507764853,0.007920081044641293,1.2500243063778793,0.9791741516525194,0.0954322632036465,90.25380081341112,96.43845584193093,289.49209213256836,291.87991338331574,True,True,True,True
850,True,73.2251893243753,0.01583406183939563,1.0058999323775293e-11,89.28208679250135,1008.0113182943877,-30.417208371251395,0.01005078134213235,1.5749788066034858,1.1838916447742183,0.08725874771599568,92.62949881425703,97.60024974394015,253.31462860107422,391.7853839213864,True,True,True,True
851,True,74.5739886955731,0.012528402515158979,8.611908950575312e-12,84.73191681342061,1043.090382056378,-28.456205676765258,0.011251384732521415,1.4797386593454258,1.1175296494991793,0.05550551973416495,95.03319489026177,98.12005824407579,233.42031478881836,226.0352174692089,True,True,True,True
852,True,80.54134772402807,0.024460408757662717,7.147326499530931e-12,91.91823566755882,916.6056527398318,-28.66574487701321,0.008794024885493367,1.498266754082842,0.9404743948062289,0.0756751960106409,91.95350809883212,97.41715321310818,254.65150833129883,256.61811935680896,True,True,True,True
853,True,81.11846117725918,0.024750044355865683,8.027451478624056e-12,95.44330175897055,1051.7413389703097,-32.72873331161709,0.009600690313368326,2.1470576942931516,1.2808433982063028,0.10875807846978869,91.5088699662977,97.6721133437709,262.4208450317383,328.5979102896579,True,True,True,True
854,True,86.61513926098118,0.012460967095445492,9.005680697334119e-12,97.02409498399324,1051.4465466665395,-29.152717651433914,0.009725403993722289,2.349626258480944,1.717557381779471,0.06620119315835248,96.14561971200258,98.6810789596997,239.21497344970703,203.5555570942753,True,True,True,True
855,True,86.2324467351035,0.0223338463905991,5.77524205497084e-12,90.77380483433534,1020.4494507518236,-31.296039045816286,0.008962137416835918,1.856811532038589,1.048092713653543,0.06396581908837087,93.89693122992978,98.22291298714603,243.14617156982422,251.2314848154915,True,True,True,True
856,True,81.52200397436219,0.013852150450644151,8.126140011755073e-12,92.41779190752847,1082.7696751483413,-32.604255668618364,0.009783151209184895,1.9740149660736295,1.264146434338897,0.05808440288518824,95.40524726349726,98.43946190804249,237.12453842163086,288.4255160772695,True,True,True,True
857,True,86.48375617983501,0.029273164826295436,1.1025793778536477e-11,89.61198281235589,977.0295847513734,-29.391183156746507,0.009680757139409163,1.6776935309765146,1.0417408906917929,0.12823646532657654,87.6901764659139,95.68038302178796,327.2084426879883,220.39244372719904,True,True,True,True
858,True,97.32799631582134,0.014094307092985635,5.2126670165392014e-12,88.54927680629115,906.7234500762328,-29.93957863739976,0.011435933820225515,1.1838956963558427,0.8927791321588897,0.03858090436981249,95.67856113790234,98.42154517664419,262.7136421203613,145.8967534692086,True,True,True,True
859,True,100.26921598861794,0.018140068570931846,8.629440492142649e-12,96.50364456702506,1008.6195467789314,-26.437690957942092,0.010808852620259551,2.085153237593681,1.343672946208046,0.08988892728800965,93.31020784918805,97.94192460130449,302.28437423706055,224.15019009352136,True,True,True,True
860,True,93.63772106320356,0.012418662950327194,9.433415053491263e-12,88.7600864044578,1052.3568920677799,-26.58743473114139,0.011959353655370198,1.7679240762251018,1.4521319837209505,0.07555747080035495,94.79679039871114,98.11921638531267,286.45063400268555,220.32462900434155,True,True,True,True
861,True,71.08313281391851,0.018177592048233968,6.899430238003856e-12,80.50025773888771,1096.317478938284,-24.24724888091436,0.009244197380198388,1.1478852434760347,0.8625534824970803,0.06693385663388314,92.24003403938379,97.15240751837855,242.81251907348633,318.11873039110594,True,True,True,True
862,True,101.28421859456233,0.04119603732837309,6.196356786302933e-12,89.85450335127393,1060.623415991709,-29.738709666905134,0.009830576863933868,1.7015719651085572,1.2452332402938475,0.14295175075992234,88.52008233203051,96.09589750217854,326.50482177734375,255.77583065462383,True,True,True,True
863,True,72.75335976645079,0.025847689067698038,8.038926183773803e-12,92.36034063538523,946.4461871568659,-33.60288567202622,0.009153981550719299,1.643185016230731,1.0658538017465948,0.08750802204786585,91.78986631145209,97.16239329508166,230.5263900756836,173.22419432132847,True,True,True,True
864,True,87.26320886474085,0.003,8.5486496045331e-12,82.23626753273044,1191.3974761065178,-29.757808964144346,0.009707416230411147,1.4348760594633259,1.2082202173943721,0.02122266251826185,98.24347728893079,99.28479468785447,263.9029884338379,316.6866130211746,True,True,True,True
865,True,71.88480678063885,0.017452779927319122,1.389868756837719e-11,76.84816566515565,987.4446233164174,-29.30954491491463,0.010417783103770025,0.7121814017887362,0.8742192370097535,0.1240792393980805,85.80685094250606,92.76360712388035,341.8482971191406,269.5627886049646,True,True,True,True
866,True,95.33511075963285,0.021361262938182204,8.718029178100947e-12,84.24833086512366,971.7420807855431,-26.558881574271755,0.008613408489623331,1.1356574983172494,1.0054918272346491,0.0979705785485746,90.25645202726133,96.01331777804225,334.360408782959,229.5963884579268,True,True,True,True
867,True,121.88309500837998,0.01037127798556682,1.0477503152869262e-11,95.54290398588323,1200.0,-28.85939998523378,0.009949156679978303,2.703534153591157,1.6296908023251235,0.10201350883636456,93.74031511432604,98.02098540727006,360.78250885009766,293.0752775559375,True,True,True,True
868,True,89.80593079080197,0.01034226147622687,8.491178510934699e-12,98.27512613271035,960.1821859778723,-24.568948718948455,0.011665214916638736,2.2111156931108145,1.630509399154418,0.05358253566866609,96.71375487338778,98.97313620201912,243.53883743286133,182.0734131550906,True,True,True,True
869,True,78.24492740949843,0.020606862339852858,1.0893711041064353e-11,92.6571563535305,997.2842104234692,-32.01786691558259,0.011530920775483042,1.58087696444959,1.2086442939201731,0.10918751227214532,90.96611692775205,96.63432062810897,275.5581283569336,254.20967387008352,True,True,True,True
870,True,120.82731972233285,0.021457916655897642,9.271792045661487e-12,90.81398151999531,942.507614072942,-35.01573559647376,0.010860819019374851,1.4711831636329382,1.2243517617463247,0.12211445605630662,90.02619509591496,96.08048131936953,388.9863586425781,249.23065318754038,True,True,True,True
871,True,90.96646231572917,0.014608681023981693,1.2307718678913923e-11,99.21497225333773,1108.1099613095548,-32.01417765644095,0.011804327467247131,2.9748193350706287,2.031268895243551,0.1189774602178149,94.14270259853758,98.27533606694874,282.1245002746582,292.8147227257297,True,True,True,True
872,True,56.577722843523084,0.025584811142833227,8.049414902266286e-12,92.80075162170583,998.479659854126,-27.413957983652267,0.011609941120736407,1.7798369986164648,1.1974923678636868,0.10927022962039257,90.87507924452751,97.35509959904147,191.86809539794922,266.8123198642965,True,True,True,True
873,True,109.77687468470928,0.009922161895103249,8.670784240379295e-12,90.47602437262513,920.5887996840406,-30.81587588030913,0.010088454993856012,1.521184044378809,0.889866373175302,0.04900151525765108,94.49338499186126,98.22072853720087,335.6882095336914,207.59571745954898,True,True,True,True
874,True,92.83758922263573,0.019939934256063656,5.7880435871707204e-12,90.98812332162842,1024.4129955329083,-31.271059847622467,0.009178068202140932,1.71445830666373,0.9360982781111168,0.05874953275490331,93.72399948502739,98.21780957006646,270.639591217041,220.93559178406196,True,True,True,True
875,True,101.39195140613434,0.026011881777656752,1.0634863152301283e-11,94.77560799515598,963.1953864910287,-26.885579620694443,0.011492856476918906,1.7333881450218913,1.3617541178463224,0.14040579856047938,89.68934283213054,96.07949667807767,343.6958694458008,210.41160553114113,True,True,True,True
876,True,84.88661127903474,0.009777386036101014,9.158151533659438e-12,93.66538699478546,971.9358377920491,-32.12211357443991,0.009995105979829177,1.858915692278015,1.6236099018009327,0.05123495441909181,96.8443802687911,98.76244811655266,234.05357360839844,289.06969513722674,True,True,True,True
877,True,97.31497806512854,0.01484168138755889,8.83698627284347e-12,85.20447341609844,995.8196243171049,-24.78839431559933,0.009682005827644995,1.218761274673486,1.052338963744091,0.07733860721728769,92.65078934812728,97.13065311376756,324.62547302246094,227.26240594391592,True,True,True,True
878,True,100.85793083976132,0.016752812930731914,8.972804315705847e-12,85.29408961239744,1030.3836412331755,-32.32937429018603,0.009575031909840728,1.2800991021029577,1.0596680855834428,0.09072286771688706,91.43855807765165,96.74750147634946,345.7068634033203,365.00830987867744,True,True,True,True
879,True,79.05715200236071,0.003,1.0765394698283516e-11,88.0226559506397,996.4174698423718,-22.23610024769713,0.007816995392557848,1.4763557562248144,1.2957536085736325,0.020196345963544214,98.44134364512584,99.3690883738882,241.48244857788086,255.32137999576037,True,True,True,True
880,True,69.2181961290014,0.030974332231687524,7.62143464665622e-12,91.1212642455273,904.6551788308111,-30.007817778633555,0.009364821875480392,1.5022499702292778,0.8817501750702704,0.08734223424345941,90.0944466229906,96.72826759476527,230.72612762451172,218.24296777943445,True,True,True,True
881,True,67.49929315299397,0.0059552804851444145,1.3046710338892067e-11,92.2273438679614,888.3332891696007,-35.75883394782918,0.011490142448126616,1.6614667461038775,1.1774244974847414,0.03462168119011771,97.05954128998692,98.96066473909474,218.1403923034668,267.3939486715843,True,True,True,True
882,True,94.70492814352302,0.02409379980005752,8.87111960566032e-12,91.8622930716527,991.3265141462257,-28.680623161371553,0.01128874730050233,1.936767963056771,1.3505361433372807,0.10677870156953384,92.09360652091286,97.21872298692261,290.636043548584,182.6934203551349,True,True,True,True
883,True,104.33702524909512,0.01695231343824771,8.166470663442253e-12,84.50227772576004,1003.9040951849015,-29.20715494154844,0.010262798723097126,1.1019352641100466,1.0841102788327128,0.0942751747516602,91.30391284056742,96.66241290304058,354.60426330566406,366.334809539661,True,True,True,True
884,True,108.91931102187172,0.015475103572784636,6.168827554144893e-12,81.70732376347758,1087.192979550301,-30.976395175763802,0.009380024742303135,1.0565489016624992,0.9123396789938509,0.0684534822306489,92.49693027643598,97.08762955109223,346.7622947692871,290.93418904088867,True,True,True,True
885,True,61.49839563481375,0.022623284381931293,6.549539739800428e-12,89.91626801436871,1030.0583588719576,-26.400825079624948,0.010476119361350882,1.5436133265767833,1.1960670288164703,0.07875543663876645,93.41546629567272,97.64481881982337,183.73559951782227,203.3138143787756,True,True,True,True
886,True,125.55212200962912,0.017363567720157805,1.0495390282384694e-11,92.8023183017956,898.8334895344867,-34.240830153383094,0.01157948886387438,1.7081622740565972,1.5017481275008735,0.14022698030683095,90.6624168368241,96.84118308625503,396.7080307006836,294.76315754456505,True,True,True,True
887,True,102.2065295616422,0.01626740229931042,7.124215551520938e-12,92.56138874305415,1017.3102472887635,-26.354121886556452,0.009925986964272137,1.681105437466418,1.0742286043630638,0.06688015119963096,93.77412303787183,98.02343226092005,304.8628044128418,253.07339677418076,True,True,True,True
888,True,117.28172896231955,0.01775723650403364,9.551301647949568e-12,88.39136674115191,1071.8124916941301,-27.878139359702615,0.010087125022185396,1.6689265215226106,1.227585994639392,0.11754743335791909,90.42450517754162,96.60817738083765,389.85340118408203,263.7623039003173,True,True,True,True
889,True,120.61667681777077,0.009778111207854502,7.51465620919849e-12,89.63168291604447,1032.577386648174,-30.403802976305457,0.012035857581732723,1.6803379616609635,1.1690842339945566,0.06807739308428176,94.17686158920532,98.14247477834246,353.0948829650879,255.04110212255767,True,True,True,True
890,True,95.46636077919453,0.027434554550846126,5.2910324628751116e-12,97.30542920302716,1060.3455173585087,-29.391648684134434,0.00945560228378247,2.2554096718811687,1.2936826979234386,0.08205991132141074,93.65687494676015,98.24112525109425,252.26373672485352,232.01533825067247,True,True,True,True
891,True,121.68302801361433,0.021566893963598455,1.3948246729786137e-11,87.32643848627518,967.929961247528,-32.01833597085605,0.009287682527550484,1.4860399504035149,1.190740973544744,0.16402272427247658,86.22515493153867,94.18295496488778,461.50243759155273,259.0220469211547,True,True,True,True
892,True,88.71934637436193,0.019315610864653887,1.0827160101506273e-11,83.8830326181483,964.2993284179904,-27.474189033283892,0.009957021488161832,0.9601599182270146,0.8287790087790717,0.1068402229255221,87.10871996107679,95.11384637620591,376.7161178588867,290.4860229244132,True,True,True,True
893,True,81.19925181739849,0.017185188544761164,6.0979578559407594e-12,81.67647842077803,927.6446972253834,-28.02127439106091,0.009988148241269318,1.1062134767060863,0.7360478685106902,0.04330530034633665,94.11651032507436,97.8392348720223,246.0310173034668,187.41270511180284,True,True,True,True
894,True,82.39448279094665,0.025142708400734185,8.358914594535733e-12,79.95702853927848,1053.2671146124883,-27.90321834256895,0.009988618745274846,0.987028683320924,0.9023624798879489,0.10318792426921444,88.56469250782371,94.7582138500001,311.1250305175781,238.19330211504632,True,True,True,True
895,True,92.7788619053775,0.024754241724820845,7.062946666449081e-12,93.39060762449766,900.3353829351422,-30.522414025935017,0.008699173871432386,1.3571281821272565,0.9278984229070362,0.07112291542084208,92.33505374456621,97.10463233299829,279.47797775268555,193.5090909511899,True,True,True,True
896,True,79.82737207182551,0.02006244778739798,6.866360546695791e-12,91.35192086946152,995.929213627994,-28.449028549088833,0.011569296601226497,1.705296518161197,1.0693427071830648,0.0679708269151155,93.6436816318532,98.02255756282166,239.4941520690918,214.98762328271494,True,True,True,True
897,True,77.35534031070537,0.02573547256026514,8.06226404197858e-12,99.01727198947297,862.6716836847123,-35.16148540189898,0.010380956413594046,1.8759839658647666,1.1380449922695672,0.08030855153579104,92.94328852714037,97.69735929417365,226.52482986450195,215.9610260670065,True,True,True,True
898,True,50.819681512663024,0.023753711055586997,7.142003309831874e-12,85.82203622652331,1076.14698731364,-35.25101970384513,0.011483418970095726,1.395981533217306,1.2722632130675144,0.0974385508133218,92.34132137025398,96.95712634301019,161.83029174804688,230.32045060744605,True,True,True,True
899,True,102.36481036292437,0.008967059636511765,7.33184698131537e-12,97.46446328987962,1141.7744242363933,-30.44021408870824,0.008919796249274468,2.376425226979162,1.5868430794148225,0.048535552615941883,96.9413766713568,98.96929105835807,264.75868225097656,229.14690930815397,True,True,True,True
900,True,96.72935999739879,0.034268189412697034,6.978777468624744e-12,93.67776877053643,964.2067084590885,-33.193090428390036,0.010808795521743924,1.9830845179074506,0.9403591766584611,0.09423809238154611,89.9785002666302,97.21006382810224,304.3339538574219,173.8632124120749,True,True,True,True
901,True,97.73305391591468,0.020053837645333646,5.787506259545673e-12,96.18228360771819,1016.4832232600804,-30.56415467047017,0.010318616223859,2.1826954558565737,1.059534569464754,0.05772161950131851,94.55217213625434,98.5598459443154,263.03367614746094,153.0402950824457,True,True,True,True
902,True,72.9226907198227,0.019415058435468528,7.289319882913088e-12,79.37910467437047,1019.2019226327784,-31.87243574523857,0.009695239453983776,0.9507915813714247,0.687629135155615,0.06411532009957033,90.67588663399776,96.45105685724124,266.54043197631836,264.8071422128056,True,True,True,True
903,True,97.12481682593256,0.03633281070579039,8.144887423613322e-12,84.39778851984367,961.8800028319368,-30.567578172940866,0.00931967688128671,1.1737818241444393,0.8647412845654837,0.1265461484297615,85.3660105411356,94.3220016857745,387.6108932495117,233.84549981189915,True,True,True,True
904,True,111.7089465655404,0.025330013838088267,7.287132815947258e-12,100.64336644261547,1055.0479567702605,-34.05542986808192,0.010271353548074055,2.51575642054638,1.5788962663159558,0.12566255664371312,92.04111382586761,97.86624984282317,322.2944450378418,332.5098466340626,True,True,True,True
905,True,80.44972201723537,0.032943076216463314,1.3695819185872748e-11,79.193500477752,920.359464123224,-38.93024415144267,0.009169651416744654,0.8761901136110862,0.7327134826756413,0.16800416506088928,77.0709603367212,90.38150747484094,,438.62372212371,False,True,True,False
906,True,100.98870292869718,0.0037988837224063945,1.0159434736546308e-11,87.55371446620822,1126.8243907014696,-30.941028943299614,0.01042232369208463,1.891047891769249,1.5696695197607664,0.03911769347582752,97.50790258819644,99.03080654488208,294.29033279418945,272.65879662733727,True,True,True,True
907,True,87.6380114300758,0.019901003302557545,9.624140724368543e-12,84.2215358036371,1007.2502278621292,-28.27666266931105,0.011563575504963442,1.3425917672929346,1.0472084408716742,0.09659220939773189,90.77621936304003,96.48632234033782,309.8494338989258,235.33760683210224,True,True,True,True
908,True,80.11229181836784,0.023135419296479696,3.64629727951378e-12,99.5840900442198,1135.7204052398579,-29.5216722701674,0.008194984404525684,2.285184257805321,1.2764215847334925,0.05487892384591615,95.70056441364751,98.9674030147265,190.9034538269043,223.8450187701934,True,True,True,True
909,True,82.24709111073217,0.01461865872961906,1.0696908021600379e-11,92.87330354104046,1109.512751740787,-30.487479386360373,0.010502258916757606,2.1083465725806825,1.4629615887628686,0.09211413805761909,93.70358464875936,97.95545846049237,268.26316833496094,319.9337746091019,True,True,True,True
910,True,80.51891823781176,0.008213297009441234,6.692488019683822e-12,91.7403705843422,1028.8056932802485,-38.088857074557254,0.010817145701788359,1.6414809284446252,1.2607656266880338,0.03169650332970726,97.48593214640755,99.09306683377757,217.03502655029297,308.7408453919853,True,True,True,True
911,True,107.06630526081003,0.025543212414874946,9.689280803896018e-12,85.57799631055062,982.4400668328859,-32.654485976448896,0.009559201800564378,1.2992256340793409,0.9064630420151207,0.11840431190110061,86.93776729850113,95.20575121118061,409.49350357055664,251.4613977292394,True,True,True,True
912,True,117.43301110153965,0.019147346484199603,8.359221277636043e-12,79.11150678560865,999.0326771419105,-28.01849525556374,0.010772110006815983,0.8394615701835181,0.757553269775912,0.09950160551113023,86.86539818637925,94.40293640899091,450.67121505737305,238.7554794534564,True,True,True,True
913,True,129.3173768902558,0.019845129233657697,1.2111447060911161e-11,92.89617254314744,921.8237875699847,-33.68564339630188,0.007490518375678087,1.744376662602254,1.337657024990094,0.1668649200679762,87.52558264558049,95.77311354455638,451.2590789794922,436.651544873213,True,True,True,True
914,True,124.94798490079626,0.036251992955699405,8.748755142388802e-12,93.25729077083258,1082.3896643035605,-36.64575888797321,0.00884212234249005,1.9132247362476877,1.391072952715528,0.2014352364937706,85.51943403826904,95.09581868975904,446.8194580078125,334.34930156163676,True,True,True,True
915,True,95.70364183308027,0.031075806502599918,6.4472300647654056e-12,90.72166305181105,1195.646040409183,-28.783656147872883,0.011844359111254548,2.239712527749948,1.5848847865644105,0.13414849222313557,91.53575746575673,97.34630025389414,282.35828399658203,211.95260529080767,True,True,True,True
916,True,93.8630061823121,0.0260428210915122,7.886881239193825e-12,90.99851016418563,864.402587322803,-31.28174901547265,0.00888644706123182,1.4495091981165111,0.857369815446962,0.08024868240699462,90.64013206889496,96.98153344674378,307.95419692993164,195.32595046456242,True,True,True,True
917,True,102.22862475822203,0.007981393236976416,7.149108143360746e-12,94.1004500740585,973.7222134344777,-26.964827223085635,0.0095999581103372,1.88087472775636,1.1155264648122811,0.03428878408707374,96.9262240593419,99.01575137453534,272.98877716064453,170.38312836273437,True,True,True,True
918,True,108.2316332032343,0.03207839577496213,7.134215937559199e-12,80.82445328811292,825.0837362968873,-31.155324284127026,0.011425624820376897,0.862289653059856,0.4817946979825643,0.07654024390610104,84.11351469275176,94.79337936810872,455.42633056640625,177.5487536676863,True,True,True,True
919,True,108.75095727653618,0.02574346463623807,1.086033391467735e-11,82.98964434492966,1023.1383575626082,-27.823439341097085,0.009949386223474022,1.1229275355827026,1.06805370175502,0.16428003258493232,84.61874788552409,93.68033656584922,460.0225639343262,323.74047109007154,True,True,True,True
920,True,88.59277303495686,0.0273686617685849,5.23805338449584e-12,87.31954934231749,971.9670393012079,-30.0338064951235,0.011483277869882243,1.334890259079665,0.9892541599978181,0.07932171880608749,91.9816643676017,97.4829738986422,267.3166847229004,224.4217889991075,True,True,True,True
921,True,86.8165800688572,0.01441594609111688,6.325722066650744e-12,81.27318725769298,1113.3082867447101,-28.89188541742741,0.010699812352233095,1.1485143449261013,0.7933779940867998,0.048221653807963505,93.92198243871536,97.7511441877314,277.3898124694824,214.19061866224658,True,True,True,True
922,True,75.23389233278746,0.017267100530263084,8.978279536706852e-12,92.13770493510131,1099.8788522843026,-30.775687822552175,0.011237673834089473,1.9403947515710196,1.207866643916055,0.08224907336484429,93.19055015062072,97.8724107300815,244.78265762329102,290.0362654786885,True,True,True,True
923,True,106.21428219300292,0.02318158712179257,6.451563928842262e-12,92.36101711983149,1055.4919783058003,-29.538784290116695,0.00908482884270252,1.8384289229355661,1.192892113232046,0.09136588189814417,92.34080929157997,97.65378908296165,313.6671447753906,282.1748011435311,True,True,True,True
924,True,105.13033624147161,0.012904846002810392,7.503572753878483e-12,87.75754140386097,860.6755537524551,-32.34195266931775,0.009546164411872898,1.137361522773639,1.0047103394262866,0.05884419084748583,94.14316857920589,97.83999948909424,319.2439079284668,302.17335381048633,True,True,True,True
925,True,77.1207306923566,0.015448025769914133,8.605825818718843e-12,85.79762285110128,1058.6168375897428,-28.537608167104384,0.010369209764904087,1.3182134523282854,1.26556588775487,0.07464808047395591,94.1016045710285,97.39155251034106,242.88288116455078,265.18758547146246,True,True,True,True
926,True,77.52829294475617,0.035857399091628085,1.0540806226319465e-11,86.5157608911493,1042.1547261080575,-25.069284947799108,0.010519285022206394,1.3786611043781782,1.1357395756930369,0.17555251509173378,84.54289003844828,93.6556123367769,338.0759811401367,229.1223682836496,True,True,True,True
927,True,82.15307129644728,0.010044496427450526,7.252804101882461e-12,78.26029220574486,1069.4062505166878,-26.910290643794383,0.008873316596419338,0.9308893099383616,0.8428183854718702,0.04118320806738548,95.11363197845665,97.84806890469672,268.2177734375,224.16236953923828,True,True,True,True
928,True,90.40616548995415,0.026686823894636377,8.594968177237482e-12,97.41859003186555,1044.1557413896955,-30.53927647002099,0.01141064559474043,2.5770738248537883,1.5732660651983137,0.11249270166256956,92.8497344377418,97.67787459237647,258.5236930847168,165.3042498074272,True,True,True,True
929,True,81.72708969633699,0.011977110992956543,1.5233834105663414e-11,94.90592653720043,973.2353074895319,-28.804412005818104,0.01109020142282413,2.226798110625184,1.7398005066734832,0.08774160003676254,94.95680109873486,97.97525815150847,257.57720947265625,207.05854634265953,True,True,True,True
930,True,96.9131053020067,0.018492024823956756,8.98130392047106e-12,88.75912583405808,1083.1320823019896,-27.139400287824362,0.009736081445014883,1.7407479829945731,1.0133803785705469,0.08883883109188395,91.23341708893177,97.32431595757531,332.5854682922363,245.30692133304527,True,True,True,True
931,True,110.66503884561257,0.019695013965628567,5.520728914567836e-12,88.92242915493604,1067.9913908240044,-34.40785931493313,0.008712568021320255,1.6052834073739777,0.9580228774769746,0.0675023506822734,92.95399386911866,97.88088697400659,321.7905616760254,360.467779174389,True,True,True,True
932,True,107.24181986622199,0.02929893481236417,7.77362156376195e-12,96.90588579148232,1176.4508343502048,-30.159348613190375,0.010272420536222996,2.5548087198228555,1.5452375657550257,0.13382971135137983,91.33921447955554,97.21482265339448,315.94823837280273,205.49498608104275,True,True,True,True
933,True,76.43808133917443,0.03308916352630913,9.415702145139988e-12,92.87391448047747,973.7139245562219,-30.43385443345688,0.010056251660652096,1.6550291281358511,1.175561364131817,0.14246617779534726,87.88100884035414,95.78437687197918,281.3482475280762,232.03501105346209,True,True,True,True
934,True,65.68082101112981,0.02219810326063505,1.1220994563985484e-11,100.37983871705943,1087.2339470676548,-31.19321951734166,0.009835727033208397,2.6879037217653448,1.7985794026803796,0.13676150096987003,92.39613770923553,97.61698328337751,210.7569122314453,309.23067513254085,True,True,True,True
935,True,88.74993481862478,0.02058503169404788,8.759743336663934e-12,85.3412335504023,1013.3873029483657,-29.92966341304603,0.01247092312638804,1.3071024573901568,1.1935199257245106,0.10499100981616132,91.20324616680129,96.64482843745294,303.2807922363281,200.37692483294128,True,True,True,True
936,True,79.48378021551271,0.020752737873322907,9.814148277568153e-12,98.56723106076711,1029.0931539846943,-31.16462897496141,0.009548997316112133,2.290441268836606,1.6190854861648765,0.11394165201234283,92.96259197022165,97.7990236194062,247.54493713378906,363.68346364948957,True,True,True,True
937,True,116.18976848583094,0.029359546987712072,8.067569645986174e-12,92.34766028305631,800.0,-27.41581331732715,0.009751406142116097,1.2389656222235779,0.8328207348935697,0.09858506020222474,88.16251132186046,95.82668730724916,393.83907318115234,191.76577289875488,True,True,True,True
938,True,91.91875843566967,0.02202721253116148,6.821934262727641e-12,85.59527761361493,926.7230191635037,-31.97505304858591,0.010068353443762909,1.1482795118663212,0.7670433562173593,0.05955205054796578,92.23615587498936,97.01105586350063,288.4480094909668,205.552232219427,True,True,True,True
939,True,79.751833652269,0.011222427302112384,6.767851564880986e-12,85.0143051937603,1166.1547166626265,-24.12066565561905,0.00959015441963422,1.5983332133508015,1.3780607842701686,0.05094000032657364,96.30350120197696,98.60308255431445,227.30335235595703,295.9218473751913,True,True,True,True
940,True,54.96293101429088,0.012702972179299539,1.4744751189266768e-11,85.29429681154848,1003.6818734254871,-33.08416363534579,0.009715135261465255,1.5148753325230597,1.1006371899340013,0.07893087391340561,92.8286201270249,97.11269501661688,202.1523094177246,273.43822952153045,True,True,True,True
941,True,79.41410665240417,0.031909366776523215,9.321577092516383e-12,100.45369255897886,929.0639516052383,-23.318327714783656,0.01001768084389835,2.299556182072086,1.4198319274209517,0.13097105132237802,90.77559471702543,97.13379043330357,249.9236297607422,155.16515713641354,True,True,True,True
942,True,85.30294699867332,0.007959381499635246,1.2098963108330633e-11,86.84975787604183,1037.0203973678754,-34.04082798226366,0.009123078550809656,1.2467489348260545,1.0087920524712197,0.048634406779866614,95.17894627929236,97.87088639434246,291.7164421081543,204.8292250862708,True,True,True,True
943,True,68.15217894889189,0.022396941305480707,7.541743777931916e-12,84.97907656521974,879.2342545063473,-30.69901558386238,0.010281786444765769,1.1703692753641024,0.9085457833155767,0.0709963260282712,92.18571839393907,96.98708654721912,220.6144142150879,184.05694065130612,True,True,True,True
944,True,103.82618027779976,0.015196799564502405,8.55493053003822e-12,92.3097761205437,1011.2245046038502,-25.754436228617372,0.010171763152685687,1.8258140756685495,0.9654226814731104,0.06163191951756522,93.61606882660733,97.99543768221243,316.3772201538086,132.7854908207235,True,True,True,True
945,True,100.59664496688337,0.01678566139239646,7.177509597540251e-12,91.42238595034488,1041.8228174618632,-36.525440062058514,0.010651171994614675,1.5996108840019654,1.147695149630935,0.06759520703163063,94.11035177299763,97.82163592609484,292.18854904174805,253.12648776524975,True,True,True,True
946,True,86.55114813900575,0.02765971208600733,6.246566317389849e-12,80.68233165944915,997.8155666848972,-28.43546401125324,0.009208446414066316,1.0427702536387389,0.8156971446161435,0.0848814394992909,89.59400065826698,96.05262263933241,300.3028869628906,284.97581412987154,True,True,True,True
947,True,70.28595173226392,0.01385311170330591,8.185369495375077e-12,82.86856630536761,951.1023792543281,-27.771089080943565,0.009869736335604966,1.0762084219017274,0.6643751026818857,0.041574702662244924,93.74228466804067,97.68005030316284,236.03052139282227,190.88733541238622,True,True,True,True
948,True,77.43382791815077,0.02500727723141832,6.704721740020983e-12,88.10358104947261,957.6607938468127,-31.165070516488303,0.010157860206412921,1.372000506030066,0.7933120071127474,0.0629610050764937,92.06352550925835,97.28221412373591,242.4675178527832,164.20556716638924,True,True,True,True
949,True,72.19937298196133,0.017083989998251427,6.83231135562619e-12,83.77540087259058,1002.805577795599,-26.372116925558498,0.00893127562047779,1.0294512706224668,0.8853158300169114,0.05750573692824588,93.50449466975562,97.25496831292493,231.54550552368164,230.314841736588,True,True,True,True
950,True,70.69294022744792,0.022258291153625213,6.690331764406804e-12,88.03211390906331,802.7036801381449,-25.844487403514265,0.010551082335869232,1.0764818235844373,0.6676176511188393,0.050302736733719114,92.46533751026229,97.38600341123849,224.8179817199707,120.30171864146595,True,True,True,True
951,True,81.71342546623914,0.025010045485983255,7.248915201934636e-12,96.85402518990036,1004.1513806883252,-31.848582635646334,0.012200941768538897,2.2326922091722525,1.5083630951064997,0.0940713901398973,93.76334581208677,97.98992504534445,226.12308502197266,189.18315583365077,True,True,True,True
952,True,67.77698794857024,0.01689443109601039,7.494872254429117e-12,86.85191312118145,986.8099729588853,-33.33997747397424,0.009210177778136505,1.343571637307875,0.8205479935518888,0.055471684744079326,93.23967821748485,97.78646163839709,222.82060623168945,274.2851199411258,True,True,True,True
953,True,81.85894095475892,0.023821526402111378,8.50831091008808e-12,99.39595751251258,1103.7555812810726,-30.460353247548305,0.010974362262146157,2.7921464128281013,2.0082851622131432,0.12573865552918798,93.73900390766104,98.0575727906518,230.49688339233398,197.60137147527897,True,True,True,True
954,True,67.30682304114421,0.034216097216095,1.2072585325561895e-11,87.76201783859081,861.1910658210438,-36.12653357499267,0.010347848126209319,1.2175068835852363,0.9846136669362914,0.14808658866740362,84.95992960079586,93.56830577825836,291.798152923584,260.26929796671357,True,True,True,True
955,True,80.66823469211103,0.02579503001605391,6.112997019057057e-12,93.55684854327245,906.6426374233489,-28.40916520271842,0.010441103670497916,1.5197469295172747,1.2119186527426733,0.07850300149186785,93.52241989887614,97.71907516317823,225.4376220703125,162.45274395137645,True,True,True,True
956,True,96.79600191412442,0.040155907746198496,1.0884718845548829e-11,104.49305586305502,938.1015378774368,-32.251505131502405,0.009585494237904215,2.8300376883729514,1.7436348374796353,0.2062160753460429,88.17320743349444,96.50038842284289,323.48379135131836,267.297005949802,True,True,True,True
957,True,96.6067139273098,0.02075558228074065,8.875919550111321e-12,96.48407227189179,821.9661256964057,-28.05667659185636,0.011354879770154171,1.754047612491918,1.1749271546875397,0.08522041564146356,92.74674899618547,97.76101180456416,294.8691177368164,173.77396248457157,True,True,True,True
958,True,105.31211920942195,0.023842932356797436,8.506571968054564e-12,85.40319336885007,899.5267007035361,-30.440699640206443,0.009529995350743009,1.20803826133682,0.633523700777339,0.08113970597933311,87.19231721247776,96.19628976885528,405.8074378967285,213.45578158412295,True,True,True,True
959,True,62.22610328693913,0.009713902615457607,7.801224161853004e-12,105.0,1015.6736380088915,-30.3646596044294,0.009957954823245874,2.852164838142006,1.7578367444353729,0.043281121128357816,97.53781906850173,99.34264827765729,162.01641082763672,302.07447481877125,True,True,True,True
960,True,81.92228754300727,0.014674963962065494,7.322919537105425e-12,76.67984376435379,966.437010290733,-32.393462634215595,0.008619617678214151,0.7954928714537214,0.7480833613195194,0.049740386304456985,93.35095674140894,96.76389735914641,273.3110809326172,295.3230423685688,True,True,True,True
961,True,104.4893026714989,0.014995130645660267,8.125647104031937e-12,86.90131023152973,980.9107579709577,-28.446789041417595,0.010377196798394571,1.1140923797635942,0.935658106599735,0.07181722498903122,92.32441588626625,96.92684275335287,344.8148536682129,293.54370772925745,True,True,True,True
962,True,104.39900556492692,0.02933866928622749,8.464929613981735e-12,92.2457242763535,1023.8795314454208,-32.70756087484702,0.009283641115800566,1.767181688026923,1.4413635314553124,0.14820111819661325,89.71799168201669,96.35844853956283,340.2730941772461,295.9219737419659,True,True,True,True
963,True,99.62319352827235,0.030377539553732368,9.669429544307e-12,90.29451576475127,885.9238729329992,-27.579198356858953,0.010931534759798158,1.5068929031691953,0.9504277642154608,0.11343583100495715,88.06476038727743,95.80496780248768,356.09548568725586,155.32894501239448,True,True,True,True
964,True,108.74169755171624,0.017893909003759038,6.073361277236577e-12,86.88151579326214,986.03806178605,-28.87173050615592,0.009565586705080908,1.3017027140382493,0.7281846164916459,0.05557107747512694,92.36854552862359,97.63545227813664,338.1054878234863,190.4107240637198,True,True,True,True
965,True,75.67136320730907,0.016317023128366318,8.738798438615414e-12,82.91164989069993,905.4248420362667,-30.789690369952996,0.012250041146820658,1.0678779705099872,0.8602033466185565,0.06436100535923996,92.51793129935592,97.09392266291094,260.63228607177734,233.88478765710664,True,True,True,True
966,True,72.81228007717438,0.019776737966321463,6.118212513224569e-12,91.98758921278981,968.760749536045,-26.021398811484445,0.008918912859378248,1.5928223057693705,0.8893605460025278,0.05199749345730434,94.15338428368324,98.22188730914696,212.98126220703125,213.53675999065246,True,True,True,True
967,True,116.09416172485949,0.029262107040324482,5.216682040764951e-12,81.08132062957701,860.5612953288353,-29.2647505113011,0.010922194968299673,0.9194141966125972,0.5942145132264061,0.07275811542790472,87.75558088730448,96.1120644398727,401.8263053894043,172.9002944728384,True,True,True,True
968,True,54.821738824073705,0.020915144474123057,8.920614004903427e-12,94.60421268388758,1000.2597859334159,-30.992599008355718,0.010156789861213766,2.0670422525209617,1.0191705337322936,0.07025002120942674,93.10713772775937,97.9454596702623,172.13720321655273,175.5717611014207,True,True,True,True
969,True,89.62311077478115,0.014257158344621315,1.1005919445336014e-11,85.06131429974172,1105.7647070294825,-34.09259709628955,0.012720861048774665,1.9081136324936077,0.9598833561047553,0.08601374300340611,91.03914632373112,97.7081810560374,336.8412399291992,288.73620418616156,True,True,True,True
970,True,73.64902242949064,0.034898446193844655,7.55295494235394e-12,89.97831937245718,847.4482135667388,-28.69811951380187,0.009045468472855206,1.3006866657048535,0.7347456152598079,0.09021667988998343,87.72137212985169,96.11877107815283,270.4058074951172,217.96181966143217,True,True,True,True
971,True,104.8136174395724,0.012529549651612492,6.868553934749362e-12,86.90184339230674,984.1526320745021,-27.685040241568522,0.009794711940849014,1.4853276093953987,0.8792676642219162,0.050118464729088874,94.29997635891229,98.26658596928465,317.3554801940918,226.62975754902953,True,True,True,True
972,True,98.78719240352643,0.03178672868112459,9.370133050583188e-12,89.44013260676849,1116.2130498949432,-29.426112274492926,0.009675028867572636,1.7313797968734859,1.2829092557866157,0.15126981584198768,88.20884523518099,95.31685619589703,347.53400802612305,250.9598068944255,True,True,True,True
973,True,105.35606602035794,0.0180258374490855,1.219284916902746e-11,89.53102403806056,1045.8375149353406,-27.388779269797208,0.01118113765816742,2.031826393929263,1.2652783704575328,0.10775544507157461,91.48365706807985,96.9273046965972,348.548583984375,173.0873940676473,True,True,True,True
974,True,103.21054507621713,0.021472308250887695,1.0156003888221745e-11,85.71462092352711,1039.517562294798,-33.28505923910631,0.00826866917159166,1.3533070938741578,0.9186631116020858,0.10562626945295803,88.50217581189767,95.70216512229099,384.71923828125,320.7804505684261,True,True,True,True
975,True,106.7929654582848,0.025457257510121213,8.964007153012393e-12,91.9822418367315,1016.9634975068867,-36.59621561459811,0.008989543352107662,1.7867231757910742,1.4465772887208954,0.13570189370122776,90.61910519684577,96.55805912548075,340.3207588195801,362.39677092351815,True,True,True,True
976,True,71.64503276768713,0.012350869145208512,5.733896099168688e-12,83.08880783300881,1113.0024643385377,-32.59828171149348,0.008764302481348884,1.3907263280696618,1.0001244531847906,0.03860327396268821,96.14015297398637,98.59337801482549,204.2200469970703,243.09906121372126,True,True,True,True
977,True,109.6790638959494,0.010956319896627825,9.30553139902078e-12,86.34380441138094,970.8319317004664,-32.78144023198931,0.010233127262300102,1.3348290914138736,1.0182828309671883,0.07000902527508286,93.12479567110184,97.56164844036971,359.4138526916504,268.42624600309284,True,True,True,True
978,True,80.40391339815403,0.012098826228529085,8.167193864583679e-12,80.66622476933922,984.9648280806481,-25.89270394615458,0.009504464883337041,1.0280014646970053,0.6055383103367216,0.037557553184548516,93.7976586215224,97.75996470679928,275.22220611572266,141.60076195731622,True,True,True,True
979,True,91.79502541049753,0.016094317746287338,6.272467333233127e-12,97.28705494455909,967.7530851220313,-29.166901324969206,0.009832764012746699,2.1590869984401766,1.1175567940134497,0.04593301706607247,95.88987178887665,98.80962208155236,237.08141326904297,156.30031372999323,True,True,True,True
980,True,133.8550628484288,0.028801381090491924,7.694113816343e-12,80.0803754678425,1009.6627760517025,-23.357693845452363,0.010705424044139421,1.043121058949881,0.7681256778847231,0.1420893307993906,81.50181215257919,93.67720781996411,560.6131172180176,236.3150572995918,True,True,True,True
981,True,102.62976222950891,0.014356906696112726,8.636062897405798e-12,84.82358914735633,1168.141418876803,-32.253571090044304,0.011534833939044723,1.5593790898735915,1.423609576714731,0.08835692016095868,93.79345843086696,97.33084201177508,314.7906684875488,304.4341659196553,True,True,True,True
982,True,88.96042990550542,0.01060267410348115,1.0826587541082083e-11,96.71530928662371,910.0889102309752,-26.95712651221136,0.008328120628410172,1.744973901762664,1.4692685098957405,0.05925611338141176,95.96696499092486,98.38102779792786,260.62320709228516,201.2557843775945,True,True,True,True
983,True,89.26982950254816,0.02629792912783052,7.836747547637287e-12,87.64619823236454,1014.0168487727728,-22.319744341463764,0.011414441276873948,1.591959503767737,1.1790290762928857,0.10740316863528213,90.89054114144663,96.79604283001092,290.68824768066406,188.02368626423967,True,True,True,True
984,True,123.07499718539208,0.016626742108357705,7.424994858830468e-12,87.945596014196,994.1593805465366,-29.450015683449735,0.009604623757383184,1.4327099452598673,1.0988063385490328,0.08895911023951458,91.90402283654602,97.0401269561468,372.21521377563477,232.31681130393034,True,True,True,True
985,True,123.0632525313627,0.01651768951928237,7.237877761606211e-12,90.36895793583334,1030.6523284771754,-29.18190930835466,0.010564001076733267,1.8186789078939287,1.152449756438837,0.08957232205405816,92.22765924903798,97.64584622260064,365.90986251831055,229.86838951586583,True,True,True,True
986,True,100.07527413040748,0.007994269298287539,1.0734347848608605e-11,99.94413227038957,828.8181696645065,-28.838134517681063,0.010504544594780401,2.256640649477586,1.4874291913622515,0.04308686532660833,97.1032661200398,98.9802798171455,264.3206214904785,136.34848180645807,True,True,True,True
987,True,77.5727283542645,0.024915061121115967,7.309527023575384e-12,91.83533621023301,1042.9510008656182,-32.03139373363933,0.008668027901874776,1.794406376543494,1.3245878044216026,0.0965933538038841,92.70766698278166,97.44331830105601,233.1456756591797,344.18088263702487,True,True,True,True
988,True,91.04049559300321,0.019310162595388064,7.119590603904455e-12,81.21108498372185,912.4773463906092,-31.878300523129504,0.010482693791214614,0.9997830092791963,0.6033942952838531,0.055297071965806084,90.83566543502158,96.9170421486535,320.8463478088379,204.56075240159788,True,True,True,True
989,True,65.44385175005019,0.02525870688592949,7.263453735291391e-12,88.6603818307158,1049.6520610603543,-23.90467275490314,0.010088429231316375,1.613455290548215,1.2808005917262268,0.09662188856280249,92.45613336010578,97.1651632967065,201.23533248901367,164.0558441569643,True,True,True,True
990,True,86.62181070456347,0.022319402180942506,4.884615868650757e-12,91.19895359086271,950.2675550698908,-26.344238541713736,0.010944211958988974,1.530180480601961,0.7846335814255856,0.04355516367855349,94.4489804273456,98.33714149803224,233.47251892089844,112.30857120016148,True,True,True,True
991,True,92.12679137861039,0.012959648888546125,1.1399151671006902e-11,92.45906869790781,1003.5572577176868,-29.55360543391072,0.010273864978369972,1.698041451239652,1.28906257558898,0.08635128010605699,93.30123442094325,97.70963192329384,310.5712127685547,245.7830982060161,True,True,True,True
992,True,82.20053916110429,0.006892399450243428,6.638616735100742e-12,90.89542267166722,1178.2131493014858,-31.081208357893328,0.009542671007211484,1.826337388695422,1.2745260115083528,0.02810984215836637,97.79448658524439,99.19885667609688,221.38158798217773,248.5349034381185,True,True,True,True
993,True,91.05885821984279,0.015338554612417267,7.414143491017351e-12,90.64988041756261,1028.2041025157757,-26.365982414872764,0.00984022565179882,1.628354149316481,1.0572095133457613,0.0649032038536446,93.86089483358461,98.13402777379571,284.2489814758301,279.19062095727173,True,True,True,True
994,True,104.50040252496369,0.028777505703551393,9.205194372298839e-12,94.50491163577358,975.8791269479715,-28.629797487997624,0.011229331906280188,1.8911801556562788,1.235461320882297,0.1513507274628437,87.74945642533288,96.63813538264898,378.65447998046875,308.6601591798384,True,True,True,True
995,True,64.04324045949626,0.025738944873274577,1.1021551510109774e-11,89.38484702629127,1036.2518824164179,-32.91221884372281,0.009769499309137798,1.5912124184912464,1.2226074070781856,0.1393031179608115,88.6060629802889,95.790663514094,244.1425895690918,347.3414561365945,True,True,True,True
996,True,73.83447791242791,0.005589902653546044,7.820085162430721e-12,99.55783880371835,1051.2349005071076,-31.509954326965225,0.011125771002146545,2.47529937250976,1.6927968112693754,0.025046235769275563,98.52042279365506,99.51497489779105,187.1311378479004,208.61498376953696,True,True,True,True
997,True,116.63235107522237,0.02442128645260903,5.291258957653091e-12,86.9822452829872,985.0712857166396,-29.543746816285655,0.011911094631096533,1.6173828046224221,0.9776234078591398,0.07105503690499443,92.73186010750345,97.66944471809525,318.4631156921387,123.44446616057944,True,True,True,True
998,True,97.91863456690241,0.013752180356863132,8.186114109919534e-12,87.87423683214031,1008.564689466518,-32.54582827715606,0.008538402809271727,1.4241781805850608,0.9342216581395311,0.06422192651539786,93.1256221737255,97.8045893330045,322.5895118713379,400.68335877298966,True,True,True,True
999,True,98.21592308912301,0.005838536529281299,8.70082688342321e-12,86.43574588431726,1127.9287207805644,-29.038811802144888,0.010242395051355775,1.7520857338779605,1.4609146519385734,0.047001109069703804,96.7827614701971,98.9301808091795,293.9476013183594,323.4475926439878,True,True,True,True
